ISO-10303-21;
HEADER;
FILE_DESCRIPTION(('ViewDefinition[DesignTransferView]'),'2;1');
FILE_NAME('/dev/null','2026-08-06T15:59:51+02:00',(''),(''),'IfcOpenShell 0.8.5','IfcOpenShell 0.8.5','Nobody');
FILE_SCHEMA(('IFC4'));
ENDSEC;
DATA;
#1=IFCPROJECT('0J_U_Itn1Dcu5TSKQ7XSuS',$,'My house',$,$,$,$,(#10,#15),#5);
#2=IFCSIUNIT(*,.LENGTHUNIT.,$,.METRE.);
#3=IFCSIUNIT(*,.AREAUNIT.,$,.SQUARE_METRE.);
#4=IFCSIUNIT(*,.VOLUMEUNIT.,$,.CUBIC_METRE.);
#5=IFCUNITASSIGNMENT((#4,#2,#3));
#6=IFCCARTESIANPOINT((0.,0.,0.));
#7=IFCDIRECTION((0.,0.,1.));
#8=IFCDIRECTION((1.,0.,0.));
#9=IFCAXIS2PLACEMENT3D(#6,#7,#8);
#10=IFCGEOMETRICREPRESENTATIONCONTEXT($,'Model',3,1.0000000000000001E-05,#9,$);
#11=IFCGEOMETRICREPRESENTATIONSUBCONTEXT('Body','Model',*,*,*,*,#10,$,.MODEL_VIEW.,$);
#12=IFCCARTESIANPOINT((0.,0.));
#13=IFCDIRECTION((1.,0.));
#14=IFCAXIS2PLACEMENT2D(#12,#13);
#15=IFCGEOMETRICREPRESENTATIONCONTEXT($,'Plan',2,1.0000000000000001E-05,#14,$);
#16=IFCGEOMETRICREPRESENTATIONSUBCONTEXT('Axis','Plan',*,*,*,*,#15,$,.GRAPH_VIEW.,$);
#17=IFCGEOMETRICREPRESENTATIONSUBCONTEXT('Body','Plan',*,*,*,*,#15,$,.PLAN_VIEW.,$);
#18=IFCGEOMETRICREPRESENTATIONSUBCONTEXT('Annotation','Plan',*,*,*,*,#15,$,.PLAN_VIEW.,$);
#19=IFCSITE('1BUqgTjKX4QOYfQvqvIEt7',$,'Site',$,$,#27,$,$,$,$,$,$,$,$);
#20=IFCBUILDING('0CszathJb7auzXTMQKD2gb',$,'My house',$,$,#32,$,$,$,$,$,$);
#21=IFCRELAGGREGATES('3Q4vQiHwv2ZP8Lmb7gtSoN',$,$,$,#1,(#19));
#22=IFCRELAGGREGATES('3LARe477n7NvH3vNxSirYW',$,$,$,#19,(#20));
#23=IFCCARTESIANPOINT((0.,0.,0.));
#24=IFCDIRECTION((0.,0.,1.));
#25=IFCDIRECTION((1.,0.,0.));
#26=IFCAXIS2PLACEMENT3D(#23,#24,#25);
#27=IFCLOCALPLACEMENT($,#26);
#28=IFCCARTESIANPOINT((0.,0.,0.));
#29=IFCDIRECTION((0.,0.,1.));
#30=IFCDIRECTION((1.,0.,0.));
#31=IFCAXIS2PLACEMENT3D(#28,#29,#30);
#32=IFCLOCALPLACEMENT(#27,#31);
#33=IFCBUILDINGSTOREY('2ic4SPGWD7chIQdb0yHng$',$,'Ground floor',$,$,#39,$,$,$,0.);
#34=IFCRELAGGREGATES('23OLeRsyv6IvX0XM634znw',$,$,$,#20,(#40,#33));
#35=IFCCARTESIANPOINT((0.,0.,0.));
#36=IFCDIRECTION((0.,0.,1.));
#37=IFCDIRECTION((1.,0.,0.));
#38=IFCAXIS2PLACEMENT3D(#35,#36,#37);
#39=IFCLOCALPLACEMENT(#32,#38);
#40=IFCBUILDINGSTOREY('2Z2gbvUDL3g8zF10vpBnAH',$,'Ground floor',$,$,#45,$,$,$,3.3599999999999999);
#41=IFCCARTESIANPOINT((0.,0.,3.3599999999999999));
#42=IFCDIRECTION((0.,0.,1.));
#43=IFCDIRECTION((1.,0.,0.));
#44=IFCAXIS2PLACEMENT3D(#41,#42,#43);
#45=IFCLOCALPLACEMENT(#32,#44);
#46=IFCWALLTYPE('3oIL5YwQP0IQm0zOhrdcG5',$,'Load bearing wall - VPC 240 mm',$,$,$,$,$,$,.NOTDEFINED.);
#47=IFCMATERIALLAYERSET((#49),'Load bearing wall - VPC 240 mm',$);
#48=IFCMATERIAL('Brick',$,$);
#49=IFCMATERIALLAYER(#48,0.25,$,'Brick',$,$,$);
#50=IFCRELASSOCIATESMATERIAL('2SDkEmxyr5iubJG85LK29k',$,$,$,(#46),#47);
#51=IFCSURFACESTYLE('3D 1.000 1.000 1.000 alpha 1.000',.BOTH.,(#52));
#52=IFCSURFACESTYLESHADING(#53,0.);
#53=IFCCOLOURRGB($,1.,1.,1.);
#54=IFCWALLTYPE('3yKlI1AcTABhKtNH_KjIDm',$,'Partition wall - VPC 115 mm',$,$,$,$,$,$,.NOTDEFINED.);
#55=IFCMATERIALLAYERSET((#56),'Partition wall - VPC 115 mm',$);
#56=IFCMATERIALLAYER(#48,0.115,$,'Brick',$,$,$);
#57=IFCRELASSOCIATESMATERIAL('1wq_gq1ZjFFuP11_W8glme',$,$,$,(#54),#55);
#58=IFCWALLTYPE('1Ub2c28gbD2hWJq9LLZhw0',$,'Facade insulation - Rockwool',$,$,$,$,$,$,.NOTDEFINED.);
#59=IFCMATERIALLAYERSET((#61),'Facade insulation - Rockwool',$);
#60=IFCMATERIAL('Rockwool',$,$);
#61=IFCMATERIALLAYER(#60,0.20000000000000001,$,'Rockwool',$,$,$);
#62=IFCRELASSOCIATESMATERIAL('23xsvDb4z6tR77rd8ChyRO',$,$,$,(#58),#59);
#63=IFCWALL('3JonFM7Aj76vE1NYQF9nB7',$,'Wall 1',$,$,#74,#85,$,$);
#64=IFCRELCONTAINEDINSPATIALSTRUCTURE('1MxHQyZov0iR4j3sAvraSY',$,$,$,(#2025,#1972,#1937,#1653,#1184,#581,#1820,#810,#165,#1472,#90,#1745,#1703,#1989,#618,#1441,#1954,#1080,#906,#140,#1795,#63,#468,#1720,#1141,#1106,#1601,#714,#190,#1863,#1328,#1123,#1297,#1770,#1002,#115,#1585),#33);
#65=IFCRELDEFINESBYTYPE('2GsX5xbxXFEfpUc3jSce0B',$,$,$,(#140,#190,#115,#165,#90,#63),#46);
#68=IFCMATERIALLAYERSETUSAGE(#47,.AXIS2.,.NEGATIVE.,0.25,$);
#69=IFCRELASSOCIATESMATERIAL('0gyL29XVjEFRUKeuL5cKwv',$,$,$,(#63),#68);
#70=IFCCARTESIANPOINT((0.,0.,0.));
#71=IFCDIRECTION((0.,0.,1.));
#72=IFCDIRECTION((1.,0.,0.));
#73=IFCAXIS2PLACEMENT3D(#70,#71,#72);
#74=IFCLOCALPLACEMENT(#39,#73);
#75=IFCCARTESIANPOINTLIST2D(((0.,0.),(0.,0.25),(12.,0.25),(12.,0.),(0.,0.)));
#76=IFCINDEXEDPOLYCURVE(#75,$,.F.);
#77=IFCDIRECTION((0.,0.,1.));
#78=IFCARBITRARYCLOSEDPROFILEDEF(.AREA.,$,#76);
#79=IFCCARTESIANPOINT((0.,-0.,0.));
#80=IFCDIRECTION((0.,0.,1.));
#81=IFCDIRECTION((1.,0.,0.));
#82=IFCAXIS2PLACEMENT3D(#79,#80,#81);
#83=IFCEXTRUDEDAREASOLID(#78,#82,#77,3.);
#85=IFCPRODUCTDEFINITIONSHAPE($,$,(#413,#416));
#86=IFCSTYLEDITEM(#83,(#51),'3D 1.000 1.000 1.000 alpha 1.000');
#90=IFCWALL('25Ky3QdAPE080OGDgFlB4m',$,'Wall 2',$,$,#99,#110,$,$);
#93=IFCMATERIALLAYERSETUSAGE(#47,.AXIS2.,.NEGATIVE.,0.25,$);
#94=IFCRELASSOCIATESMATERIAL('0Grqf3lp541Px8JRgmOcjq',$,$,$,(#90),#93);
#95=IFCCARTESIANPOINT((12.,0.,0.));
#96=IFCDIRECTION((0.,0.,1.));
#97=IFCDIRECTION((6.123233995736766E-17,1.,0.));
#98=IFCAXIS2PLACEMENT3D(#95,#96,#97);
#99=IFCLOCALPLACEMENT(#39,#98);
#100=IFCCARTESIANPOINTLIST2D(((0.,0.),(0.,0.25),(8.,0.25),(8.,0.),(0.,0.)));
#101=IFCINDEXEDPOLYCURVE(#100,$,.F.);
#102=IFCDIRECTION((0.,0.,1.));
#103=IFCARBITRARYCLOSEDPROFILEDEF(.AREA.,$,#101);
#104=IFCCARTESIANPOINT((0.,-0.,0.));
#105=IFCDIRECTION((0.,0.,1.));
#106=IFCDIRECTION((1.,0.,0.));
#107=IFCAXIS2PLACEMENT3D(#104,#105,#106);
#108=IFCEXTRUDEDAREASOLID(#103,#107,#102,3.);
#110=IFCPRODUCTDEFINITIONSHAPE($,$,(#428,#431));
#111=IFCSTYLEDITEM(#108,(#51),'3D 1.000 1.000 1.000 alpha 1.000');
#115=IFCWALL('2pWOrQEdjFFQuRYp_ZfxmS',$,'Wall 3',$,$,#124,#135,$,$);
#118=IFCMATERIALLAYERSETUSAGE(#47,.AXIS2.,.NEGATIVE.,0.25,$);
#119=IFCRELASSOCIATESMATERIAL('2zufcl$P50L9seSDnSmGLl',$,$,$,(#115),#118);
#120=IFCCARTESIANPOINT((12.,8.,0.));
#121=IFCDIRECTION((0.,0.,1.));
#122=IFCDIRECTION((-1.,1.2246467991473532E-16,0.));
#123=IFCAXIS2PLACEMENT3D(#120,#121,#122);
#124=IFCLOCALPLACEMENT(#39,#123);
#125=IFCCARTESIANPOINTLIST2D(((0.,0.),(0.,0.25),(12.,0.25),(12.,0.),(0.,0.)));
#126=IFCINDEXEDPOLYCURVE(#125,$,.F.);
#127=IFCDIRECTION((0.,0.,1.));
#128=IFCARBITRARYCLOSEDPROFILEDEF(.AREA.,$,#126);
#129=IFCCARTESIANPOINT((0.,-0.,0.));
#130=IFCDIRECTION((0.,0.,1.));
#131=IFCDIRECTION((1.,0.,0.));
#132=IFCAXIS2PLACEMENT3D(#129,#130,#131);
#133=IFCEXTRUDEDAREASOLID(#128,#132,#127,3.);
#135=IFCPRODUCTDEFINITIONSHAPE($,$,(#442,#445));
#136=IFCSTYLEDITEM(#133,(#51),'3D 1.000 1.000 1.000 alpha 1.000');
#140=IFCWALL('0mmRVPbMPDvQLot73wSteD',$,'Wall 4',$,$,#149,#160,$,$);
#143=IFCMATERIALLAYERSETUSAGE(#47,.AXIS2.,.NEGATIVE.,0.25,$);
#144=IFCRELASSOCIATESMATERIAL('3h0jpfjBr8oxslRVBBq32I',$,$,$,(#140),#143);
#145=IFCCARTESIANPOINT((0.,8.,0.));
#146=IFCDIRECTION((0.,0.,1.));
#147=IFCDIRECTION((6.123233995736766E-17,-1.,0.));
#148=IFCAXIS2PLACEMENT3D(#145,#146,#147);
#149=IFCLOCALPLACEMENT(#39,#148);
#150=IFCCARTESIANPOINTLIST2D(((0.,0.),(0.,0.25),(8.,0.25),(8.,0.),(0.,0.)));
#151=IFCINDEXEDPOLYCURVE(#150,$,.F.);
#152=IFCDIRECTION((0.,0.,1.));
#153=IFCARBITRARYCLOSEDPROFILEDEF(.AREA.,$,#151);
#154=IFCCARTESIANPOINT((0.,-0.,0.));
#155=IFCDIRECTION((0.,0.,1.));
#156=IFCDIRECTION((1.,0.,0.));
#157=IFCAXIS2PLACEMENT3D(#154,#155,#156);
#158=IFCEXTRUDEDAREASOLID(#153,#157,#152,3.);
#160=IFCPRODUCTDEFINITIONSHAPE($,$,(#254,#257));
#161=IFCSTYLEDITEM(#158,(#51),'3D 1.000 1.000 1.000 alpha 1.000');
#165=IFCWALL('2qjzWBzyX2G9zpuvIe0rDD',$,'Wall 5',$,$,#174,#185,$,$);
#168=IFCMATERIALLAYERSETUSAGE(#47,.AXIS2.,.NEGATIVE.,0.25,$);
#169=IFCRELASSOCIATESMATERIAL('0fBnPphFv19957Uu9TY1$I',$,$,$,(#165),#168);
#170=IFCCARTESIANPOINT((3.5,0.,0.));
#171=IFCDIRECTION((0.,0.,1.));
#172=IFCDIRECTION((6.123233995736766E-17,1.,0.));
#173=IFCAXIS2PLACEMENT3D(#170,#171,#172);
#174=IFCLOCALPLACEMENT(#39,#173);
#175=IFCCARTESIANPOINTLIST2D(((0.,0.),(0.,0.25),(8.,0.25),(8.,0.),(0.,0.)));
#176=IFCINDEXEDPOLYCURVE(#175,$,.F.);
#177=IFCDIRECTION((0.,0.,1.));
#178=IFCARBITRARYCLOSEDPROFILEDEF(.AREA.,$,#176);
#179=IFCCARTESIANPOINT((0.,-0.,0.));
#180=IFCDIRECTION((0.,0.,1.));
#181=IFCDIRECTION((1.,0.,0.));
#182=IFCAXIS2PLACEMENT3D(#179,#180,#181);
#183=IFCEXTRUDEDAREASOLID(#178,#182,#177,3.);
#185=IFCPRODUCTDEFINITIONSHAPE($,$,(#312,#315));
#186=IFCSTYLEDITEM(#183,(#51),'3D 1.000 1.000 1.000 alpha 1.000');
#190=IFCWALL('2TSkhKCOzBjBB5WySJx58F',$,'Wall 6',$,$,#199,#210,$,$);
#193=IFCMATERIALLAYERSETUSAGE(#47,.AXIS2.,.NEGATIVE.,0.25,$);
#194=IFCRELASSOCIATESMATERIAL('00FLNrdYTDwANQ6qnWQ2Pv',$,$,$,(#190),#193);
#195=IFCCARTESIANPOINT((8.25,0.,0.));
#196=IFCDIRECTION((0.,0.,1.));
#197=IFCDIRECTION((6.123233995736766E-17,1.,0.));
#198=IFCAXIS2PLACEMENT3D(#195,#196,#197);
#199=IFCLOCALPLACEMENT(#39,#198);
#200=IFCCARTESIANPOINTLIST2D(((0.,0.),(0.,0.25),(8.,0.25),(8.,0.),(0.,0.)));
#201=IFCINDEXEDPOLYCURVE(#200,$,.F.);
#202=IFCDIRECTION((0.,0.,1.));
#203=IFCARBITRARYCLOSEDPROFILEDEF(.AREA.,$,#201);
#204=IFCCARTESIANPOINT((0.,-0.,0.));
#205=IFCDIRECTION((0.,0.,1.));
#206=IFCDIRECTION((1.,0.,0.));
#207=IFCAXIS2PLACEMENT3D(#204,#205,#206);
#208=IFCEXTRUDEDAREASOLID(#203,#207,#202,3.);
#210=IFCPRODUCTDEFINITIONSHAPE($,$,(#370,#373));
#211=IFCSTYLEDITEM(#208,(#51),'3D 1.000 1.000 1.000 alpha 1.000');
#215=IFCRELCONNECTSPATHELEMENTS('0oIbcTi$TEW8Y$txkfu_H$',$,$,$,$,#140,#63,(),(),.ATSTART.,.ATEND.);
#216=IFCCARTESIANPOINTLIST2D(((0.,0.),(0.,0.25),(7.75,0.25),(8.,0.)));
#217=IFCINDEXEDPOLYCURVE(#216,(IFCLINEINDEX((1,2,3,4,1))),$);
#218=IFCARBITRARYCLOSEDPROFILEDEF(.AREA.,$,#217);
#219=IFCCARTESIANPOINT((0.,0.,0.));
#220=IFCDIRECTION((0.,0.,1.));
#221=IFCDIRECTION((1.,0.,0.));
#222=IFCAXIS2PLACEMENT3D(#219,#220,#221);
#223=IFCDIRECTION((0.,0.,1.));
#224=IFCEXTRUDEDAREASOLID(#218,#222,#223,3.);
#229=IFCSTYLEDITEM(#224,(#51),'3D 1.000 1.000 1.000 alpha 1.000');
#230=IFCCARTESIANPOINTLIST2D(((0.,0.),(0.25,0.25),(12.,0.25),(12.,0.)));
#231=IFCINDEXEDPOLYCURVE(#230,(IFCLINEINDEX((1,2,3,4,1))),$);
#232=IFCARBITRARYCLOSEDPROFILEDEF(.AREA.,$,#231);
#233=IFCCARTESIANPOINT((0.,0.,0.));
#234=IFCDIRECTION((0.,0.,1.));
#235=IFCDIRECTION((1.,0.,0.));
#236=IFCAXIS2PLACEMENT3D(#233,#234,#235);
#237=IFCDIRECTION((0.,0.,1.));
#238=IFCEXTRUDEDAREASOLID(#232,#236,#237,3.);
#243=IFCSTYLEDITEM(#238,(#51),'3D 1.000 1.000 1.000 alpha 1.000');
#244=IFCRELCONNECTSPATHELEMENTS('0tFI1E2Lj0Ihxx7UCuR4Cp',$,$,$,$,#140,#115,(),(),.ATEND.,.ATSTART.);
#245=IFCCARTESIANPOINTLIST2D(((0.,0.),(0.25000000000000006,0.25),(7.7500000000000009,0.25),(8.0000000000000018,0.)));
#246=IFCINDEXEDPOLYCURVE(#245,(IFCLINEINDEX((1,2,3,4,1))),$);
#247=IFCARBITRARYCLOSEDPROFILEDEF(.AREA.,$,#246);
#248=IFCCARTESIANPOINT((0.,0.,0.));
#249=IFCDIRECTION((0.,0.,1.));
#250=IFCDIRECTION((1.,0.,0.));
#251=IFCAXIS2PLACEMENT3D(#248,#249,#250);
#252=IFCDIRECTION((0.,0.,1.));
#253=IFCEXTRUDEDAREASOLID(#247,#251,#252,3.);
#254=IFCSHAPEREPRESENTATION(#11,'Body','SweptSolid',(#253));
#255=IFCCARTESIANPOINTLIST2D(((0.,0.),(8.0000000000000018,0.)));
#256=IFCINDEXEDPOLYCURVE(#255,$,$);
#257=IFCSHAPEREPRESENTATION(#16,'Axis','Curve2D',(#256));
#258=IFCSTYLEDITEM(#253,(#51),'3D 1.000 1.000 1.000 alpha 1.000');
#259=IFCCARTESIANPOINTLIST2D(((0.,0.),(0.,0.25),(11.75,0.25),(12.,0.)));
#260=IFCINDEXEDPOLYCURVE(#259,(IFCLINEINDEX((1,2,3,4,1))),$);
#261=IFCARBITRARYCLOSEDPROFILEDEF(.AREA.,$,#260);
#262=IFCCARTESIANPOINT((0.,0.,0.));
#263=IFCDIRECTION((0.,0.,1.));
#264=IFCDIRECTION((1.,0.,0.));
#265=IFCAXIS2PLACEMENT3D(#262,#263,#264);
#266=IFCDIRECTION((0.,0.,1.));
#267=IFCEXTRUDEDAREASOLID(#261,#265,#266,3.);
#272=IFCSTYLEDITEM(#267,(#51),'3D 1.000 1.000 1.000 alpha 1.000');
#273=IFCRELCONNECTSPATHELEMENTS('15TQqs8fX86Bhu_htc3CK7',$,$,$,$,#165,#63,(),(),.ATPATH.,.ATSTART.);
#274=IFCCARTESIANPOINTLIST2D(((0.25,0.),(0.24999999999999997,0.25),(8.,0.25),(8.,0.)));
#275=IFCINDEXEDPOLYCURVE(#274,(IFCLINEINDEX((1,2,3,4,1))),$);
#276=IFCARBITRARYCLOSEDPROFILEDEF(.AREA.,$,#275);
#277=IFCCARTESIANPOINT((0.,0.,0.));
#278=IFCDIRECTION((0.,0.,1.));
#279=IFCDIRECTION((1.,0.,0.));
#280=IFCAXIS2PLACEMENT3D(#277,#278,#279);
#281=IFCDIRECTION((0.,0.,1.));
#282=IFCEXTRUDEDAREASOLID(#276,#280,#281,3.);
#287=IFCSTYLEDITEM(#282,(#51),'3D 1.000 1.000 1.000 alpha 1.000');
#288=IFCCARTESIANPOINTLIST2D(((0.,0.),(0.25,0.25),(12.,0.25),(12.,0.)));
#289=IFCINDEXEDPOLYCURVE(#288,(IFCLINEINDEX((1,2,3,4,1))),$);
#290=IFCARBITRARYCLOSEDPROFILEDEF(.AREA.,$,#289);
#291=IFCCARTESIANPOINT((0.,0.,0.));
#292=IFCDIRECTION((0.,0.,1.));
#293=IFCDIRECTION((1.,0.,0.));
#294=IFCAXIS2PLACEMENT3D(#291,#292,#293);
#295=IFCDIRECTION((0.,0.,1.));
#296=IFCEXTRUDEDAREASOLID(#290,#294,#295,3.);
#301=IFCSTYLEDITEM(#296,(#51),'3D 1.000 1.000 1.000 alpha 1.000');
#302=IFCRELCONNECTSPATHELEMENTS('2U4nI2CHD8$eUCGCh_ztbY',$,$,$,$,#165,#115,(),(),.ATPATH.,.ATEND.);
#303=IFCCARTESIANPOINTLIST2D(((0.25,0.),(0.24999999999999997,0.25),(7.7500000000000009,0.25),(7.7500000000000009,0.)));
#304=IFCINDEXEDPOLYCURVE(#303,(IFCLINEINDEX((1,2,3,4,1))),$);
#305=IFCARBITRARYCLOSEDPROFILEDEF(.AREA.,$,#304);
#306=IFCCARTESIANPOINT((0.,0.,0.));
#307=IFCDIRECTION((0.,0.,1.));
#308=IFCDIRECTION((1.,0.,0.));
#309=IFCAXIS2PLACEMENT3D(#306,#307,#308);
#310=IFCDIRECTION((0.,0.,1.));
#311=IFCEXTRUDEDAREASOLID(#305,#309,#310,3.);
#312=IFCSHAPEREPRESENTATION(#11,'Body','SweptSolid',(#311));
#313=IFCCARTESIANPOINTLIST2D(((0.,0.),(8.,0.)));
#314=IFCINDEXEDPOLYCURVE(#313,$,$);
#315=IFCSHAPEREPRESENTATION(#16,'Axis','Curve2D',(#314));
#316=IFCSTYLEDITEM(#311,(#51),'3D 1.000 1.000 1.000 alpha 1.000');
#317=IFCCARTESIANPOINTLIST2D(((0.,0.),(0.,0.25),(11.75,0.25),(12.,0.)));
#318=IFCINDEXEDPOLYCURVE(#317,(IFCLINEINDEX((1,2,3,4,1))),$);
#319=IFCARBITRARYCLOSEDPROFILEDEF(.AREA.,$,#318);
#320=IFCCARTESIANPOINT((0.,0.,0.));
#321=IFCDIRECTION((0.,0.,1.));
#322=IFCDIRECTION((1.,0.,0.));
#323=IFCAXIS2PLACEMENT3D(#320,#321,#322);
#324=IFCDIRECTION((0.,0.,1.));
#325=IFCEXTRUDEDAREASOLID(#319,#323,#324,3.);
#330=IFCSTYLEDITEM(#325,(#51),'3D 1.000 1.000 1.000 alpha 1.000');
#331=IFCRELCONNECTSPATHELEMENTS('2jbb9zy2PD9fSoTLawG6mF',$,$,$,$,#190,#63,(),(),.ATPATH.,.ATSTART.);
#332=IFCCARTESIANPOINTLIST2D(((0.25,0.),(0.24999999999999997,0.25),(8.,0.25),(8.,0.)));
#333=IFCINDEXEDPOLYCURVE(#332,(IFCLINEINDEX((1,2,3,4,1))),$);
#334=IFCARBITRARYCLOSEDPROFILEDEF(.AREA.,$,#333);
#335=IFCCARTESIANPOINT((0.,0.,0.));
#336=IFCDIRECTION((0.,0.,1.));
#337=IFCDIRECTION((1.,0.,0.));
#338=IFCAXIS2PLACEMENT3D(#335,#336,#337);
#339=IFCDIRECTION((0.,0.,1.));
#340=IFCEXTRUDEDAREASOLID(#334,#338,#339,3.);
#345=IFCSTYLEDITEM(#340,(#51),'3D 1.000 1.000 1.000 alpha 1.000');
#346=IFCCARTESIANPOINTLIST2D(((0.,0.),(0.25,0.25),(12.,0.25),(12.,0.)));
#347=IFCINDEXEDPOLYCURVE(#346,(IFCLINEINDEX((1,2,3,4,1))),$);
#348=IFCARBITRARYCLOSEDPROFILEDEF(.AREA.,$,#347);
#349=IFCCARTESIANPOINT((0.,0.,0.));
#350=IFCDIRECTION((0.,0.,1.));
#351=IFCDIRECTION((1.,0.,0.));
#352=IFCAXIS2PLACEMENT3D(#349,#350,#351);
#353=IFCDIRECTION((0.,0.,1.));
#354=IFCEXTRUDEDAREASOLID(#348,#352,#353,3.);
#359=IFCSTYLEDITEM(#354,(#51),'3D 1.000 1.000 1.000 alpha 1.000');
#360=IFCRELCONNECTSPATHELEMENTS('2IPPYvtqn3cgOvkmZNCR3p',$,$,$,$,#190,#115,(),(),.ATPATH.,.ATEND.);
#361=IFCCARTESIANPOINTLIST2D(((0.25,0.),(0.24999999999999997,0.25),(7.7499999999999991,0.25),(7.7499999999999991,0.)));
#362=IFCINDEXEDPOLYCURVE(#361,(IFCLINEINDEX((1,2,3,4,1))),$);
#363=IFCARBITRARYCLOSEDPROFILEDEF(.AREA.,$,#362);
#364=IFCCARTESIANPOINT((0.,0.,0.));
#365=IFCDIRECTION((0.,0.,1.));
#366=IFCDIRECTION((1.,0.,0.));
#367=IFCAXIS2PLACEMENT3D(#364,#365,#366);
#368=IFCDIRECTION((0.,0.,1.));
#369=IFCEXTRUDEDAREASOLID(#363,#367,#368,3.);
#370=IFCSHAPEREPRESENTATION(#11,'Body','SweptSolid',(#369));
#371=IFCCARTESIANPOINTLIST2D(((0.,0.),(7.9999999999999991,0.)));
#372=IFCINDEXEDPOLYCURVE(#371,$,$);
#373=IFCSHAPEREPRESENTATION(#16,'Axis','Curve2D',(#372));
#374=IFCSTYLEDITEM(#369,(#51),'3D 1.000 1.000 1.000 alpha 1.000');
#375=IFCCARTESIANPOINTLIST2D(((0.,0.),(0.,0.25),(11.75,0.25),(12.,0.)));
#376=IFCINDEXEDPOLYCURVE(#375,(IFCLINEINDEX((1,2,3,4,1))),$);
#377=IFCARBITRARYCLOSEDPROFILEDEF(.AREA.,$,#376);
#378=IFCCARTESIANPOINT((0.,0.,0.));
#379=IFCDIRECTION((0.,0.,1.));
#380=IFCDIRECTION((1.,0.,0.));
#381=IFCAXIS2PLACEMENT3D(#378,#379,#380);
#382=IFCDIRECTION((0.,0.,1.));
#383=IFCEXTRUDEDAREASOLID(#377,#381,#382,3.);
#388=IFCSTYLEDITEM(#383,(#51),'3D 1.000 1.000 1.000 alpha 1.000');
#389=IFCRELCONNECTSPATHELEMENTS('1h6XcDK5HE8PdXxp9nX_4y',$,$,$,$,#90,#63,(),(),.ATEND.,.ATSTART.);
#390=IFCCARTESIANPOINTLIST2D(((0.,0.),(0.24999999999999997,0.25),(8.,0.25),(8.,0.)));
#391=IFCINDEXEDPOLYCURVE(#390,(IFCLINEINDEX((1,2,3,4,1))),$);
#392=IFCARBITRARYCLOSEDPROFILEDEF(.AREA.,$,#391);
#393=IFCCARTESIANPOINT((0.,0.,0.));
#394=IFCDIRECTION((0.,0.,1.));
#395=IFCDIRECTION((1.,0.,0.));
#396=IFCAXIS2PLACEMENT3D(#393,#394,#395);
#397=IFCDIRECTION((0.,0.,1.));
#398=IFCEXTRUDEDAREASOLID(#392,#396,#397,3.);
#403=IFCSTYLEDITEM(#398,(#51),'3D 1.000 1.000 1.000 alpha 1.000');
#404=IFCCARTESIANPOINTLIST2D(((0.,0.),(0.25,0.25),(11.75,0.25),(12.,0.)));
#405=IFCINDEXEDPOLYCURVE(#404,(IFCLINEINDEX((1,2,3,4,1))),$);
#406=IFCARBITRARYCLOSEDPROFILEDEF(.AREA.,$,#405);
#407=IFCCARTESIANPOINT((0.,0.,0.));
#408=IFCDIRECTION((0.,0.,1.));
#409=IFCDIRECTION((1.,0.,0.));
#410=IFCAXIS2PLACEMENT3D(#407,#408,#409);
#411=IFCDIRECTION((0.,0.,1.));
#412=IFCEXTRUDEDAREASOLID(#406,#410,#411,3.);
#413=IFCSHAPEREPRESENTATION(#11,'Body','SweptSolid',(#412));
#414=IFCCARTESIANPOINTLIST2D(((0.,0.),(12.,0.)));
#415=IFCINDEXEDPOLYCURVE(#414,$,$);
#416=IFCSHAPEREPRESENTATION(#16,'Axis','Curve2D',(#415));
#417=IFCSTYLEDITEM(#412,(#51),'3D 1.000 1.000 1.000 alpha 1.000');
#418=IFCRELCONNECTSPATHELEMENTS('26Cbuf6vLC9OsnFylzEvID',$,$,$,$,#90,#115,(),(),.ATSTART.,.ATEND.);
#419=IFCCARTESIANPOINTLIST2D(((0.,0.),(0.24999999999999997,0.25),(7.7499999999999991,0.25),(7.9999999999999991,0.)));
#420=IFCINDEXEDPOLYCURVE(#419,(IFCLINEINDEX((1,2,3,4,1))),$);
#421=IFCARBITRARYCLOSEDPROFILEDEF(.AREA.,$,#420);
#422=IFCCARTESIANPOINT((0.,0.,0.));
#423=IFCDIRECTION((0.,0.,1.));
#424=IFCDIRECTION((1.,0.,0.));
#425=IFCAXIS2PLACEMENT3D(#422,#423,#424);
#426=IFCDIRECTION((0.,0.,1.));
#427=IFCEXTRUDEDAREASOLID(#421,#425,#426,3.);
#428=IFCSHAPEREPRESENTATION(#11,'Body','SweptSolid',(#427));
#429=IFCCARTESIANPOINTLIST2D(((0.,0.),(7.9999999999999991,0.)));
#430=IFCINDEXEDPOLYCURVE(#429,$,$);
#431=IFCSHAPEREPRESENTATION(#16,'Axis','Curve2D',(#430));
#432=IFCSTYLEDITEM(#427,(#51),'3D 1.000 1.000 1.000 alpha 1.000');
#433=IFCCARTESIANPOINTLIST2D(((0.,0.),(0.24999999999999997,0.25),(11.750000000000002,0.25),(12.000000000000002,0.)));
#434=IFCINDEXEDPOLYCURVE(#433,(IFCLINEINDEX((1,2,3,4,1))),$);
#435=IFCARBITRARYCLOSEDPROFILEDEF(.AREA.,$,#434);
#436=IFCCARTESIANPOINT((0.,0.,0.));
#437=IFCDIRECTION((0.,0.,1.));
#438=IFCDIRECTION((1.,0.,0.));
#439=IFCAXIS2PLACEMENT3D(#436,#437,#438);
#440=IFCDIRECTION((0.,0.,1.));
#441=IFCEXTRUDEDAREASOLID(#435,#439,#440,3.);
#442=IFCSHAPEREPRESENTATION(#11,'Body','SweptSolid',(#441));
#443=IFCCARTESIANPOINTLIST2D(((0.,0.),(12.000000000000002,0.)));
#444=IFCINDEXEDPOLYCURVE(#443,$,$);
#445=IFCSHAPEREPRESENTATION(#16,'Axis','Curve2D',(#444));
#446=IFCSTYLEDITEM(#441,(#51),'3D 1.000 1.000 1.000 alpha 1.000');
#447=IFCSURFACESTYLE('3D 0.545 0.353 0.169 alpha 1.000',.BOTH.,(#448));
#448=IFCSURFACESTYLESHADING(#449,0.);
#449=IFCCOLOURRGB($,0.54509803921568623,0.35294117647058826,0.16862745098039217);
#450=IFCOPENINGELEMENT('05f9i0mW94aAJ2MsiLzm01',$,'Door 1 Opening',$,$,#467,#461,$,.OPENING.);
#451=IFCCARTESIANPOINTLIST2D(((0.,0.),(0.,0.34999999999999998),(1.125,0.34999999999999998),(1.125,0.),(0.,0.)));
#452=IFCINDEXEDPOLYCURVE(#451,$,.F.);
#453=IFCDIRECTION((0.,0.,1.));
#454=IFCARBITRARYCLOSEDPROFILEDEF(.AREA.,$,#452);
#455=IFCCARTESIANPOINT((0.,-0.050000000000000003,0.));
#456=IFCDIRECTION((0.,0.,1.));
#457=IFCDIRECTION((1.,0.,0.));
#458=IFCAXIS2PLACEMENT3D(#455,#456,#457);
#459=IFCEXTRUDEDAREASOLID(#454,#458,#453,2.375);
#460=IFCSHAPEREPRESENTATION(#11,'Body','SweptSolid',(#459));
#461=IFCPRODUCTDEFINITIONSHAPE($,$,(#460));
#462=IFCRELVOIDSELEMENT('2Hct7M5pr7LwtrJyIsEVlt',$,$,$,#63,#450);
#463=IFCCARTESIANPOINT((8.5,0.,0.20000000000000001));
#464=IFCDIRECTION((0.,0.,1.));
#465=IFCDIRECTION((1.,0.,0.));
#466=IFCAXIS2PLACEMENT3D(#463,#464,#465);
#467=IFCLOCALPLACEMENT(#74,#466);
#468=IFCDOOR('2ZKubRXmfFn8aCGogx7Dkx',$,'Door 1',$,$,#580,#469,$,2.375,0.90000000000000002,.DOOR.,.SINGLE_SWING_RIGHT.,$);
#469=IFCPRODUCTDEFINITIONSHAPE($,$,(#542,#574));
#470=IFCCARTESIANPOINTLIST2D(((0.,0.),(0.,2.375),(0.90000000000000002,2.375),(0.90000000000000002,0.),(0.875,0.),(0.875,2.3500000000000001),(0.025000000000000001,2.3500000000000001),(0.025000000000000001,0.)));
#471=IFCINDEXEDPOLYCURVE(#470,(IFCLINEINDEX((1,2,3,4,5,6,7,8,1))),$);
#472=IFCARBITRARYCLOSEDPROFILEDEF(.AREA.,$,#471);
#473=IFCCARTESIANPOINT((0.,0.025000000000000001,0.));
#474=IFCDIRECTION((0.,-1.,0.));
#475=IFCDIRECTION((1.,0.,0.));
#476=IFCAXIS2PLACEMENT3D(#473,#474,#475);
#477=IFCDIRECTION((0.,0.,-1.));
#478=IFCEXTRUDEDAREASOLID(#472,#476,#477,0.22500000000000001);
#479=IFCCARTESIANPOINTLIST2D(((0.,0.),(0.,2.375),(0.90000000000000002,2.375),(0.90000000000000002,0.),(0.84999999999999998,0.),(0.84999999999999998,2.3250000000000002),(0.050000000000000003,2.3250000000000002),(0.050000000000000003,0.)));
#480=IFCINDEXEDPOLYCURVE(#479,(IFCLINEINDEX((1,2,3,4,5,6,7,8,1))),$);
#481=IFCARBITRARYCLOSEDPROFILEDEF(.AREA.,$,#480);
#482=IFCCARTESIANPOINT((0.,0.,0.));
#483=IFCDIRECTION((0.,-1.,0.));
#484=IFCDIRECTION((1.,0.,0.));
#485=IFCAXIS2PLACEMENT3D(#482,#483,#484);
#486=IFCDIRECTION((0.,0.,-1.));
#487=IFCEXTRUDEDAREASOLID(#481,#485,#486,0.025000000000000001);
#488=IFCCARTESIANPOINTLIST2D(((0.,0.),(0.80000000000000004,0.),(0.80000000000000004,0.10000000000000001),(0.,0.10000000000000001)));
#489=IFCINDEXEDPOLYCURVE(#488,(IFCLINEINDEX((1,2,3,4,1))),$);
#490=IFCARBITRARYCLOSEDPROFILEDEF(.AREA.,$,#489);
#491=IFCCARTESIANPOINT((0.050000000000000003,0.,0.));
#492=IFCDIRECTION((0.,0.,1.));
#493=IFCDIRECTION((1.,0.,0.));
#494=IFCAXIS2PLACEMENT3D(#491,#492,#493);
#495=IFCDIRECTION((0.,0.,1.));
#496=IFCEXTRUDEDAREASOLID(#490,#494,#495,0.025000000000000001);
#497=IFCCARTESIANPOINTLIST2D(((0.,0.),(0.,2.3999999999999999),(0.94999999999999996,2.3999999999999999),(0.94999999999999996,0.),(0.875,0.),(0.875,2.3249999999999997),(0.074999999999999997,2.3249999999999997),(0.074999999999999997,0.)));
#498=IFCINDEXEDPOLYCURVE(#497,(IFCLINEINDEX((1,2,3,4,5,6,7,8,1))),$);
#499=IFCARBITRARYCLOSEDPROFILEDEF(.AREA.,$,#498);
#500=IFCCARTESIANPOINT((-0.024999999999999994,-0.0050000000000000001,0.));
#501=IFCDIRECTION((0.,-1.,0.));
#502=IFCDIRECTION((1.,0.,0.));
#503=IFCAXIS2PLACEMENT3D(#500,#501,#502);
#504=IFCDIRECTION((0.,0.,-1.));
#505=IFCEXTRUDEDAREASOLID(#499,#503,#504,0.0050000000000000001);
#506=IFCCARTESIANPOINTLIST2D(((0.,0.),(0.,2.3999999999999999),(0.94999999999999996,2.3999999999999999),(0.94999999999999996,0.),(0.89999999999999991,0.),(0.89999999999999991,2.3500000000000001),(0.049999999999999996,2.3500000000000001),(0.049999999999999996,0.)));
#507=IFCINDEXEDPOLYCURVE(#506,(IFCLINEINDEX((1,2,3,4,5,6,7,8,1))),$);
#508=IFCARBITRARYCLOSEDPROFILEDEF(.AREA.,$,#507);
#509=IFCCARTESIANPOINT((-0.024999999999999994,0.25,0.));
#510=IFCDIRECTION((0.,-1.,0.));
#511=IFCDIRECTION((1.,0.,0.));
#512=IFCAXIS2PLACEMENT3D(#509,#510,#511);
#513=IFCDIRECTION((0.,0.,-1.));
#514=IFCEXTRUDEDAREASOLID(#508,#512,#513,0.0050000000000000001);
#515=IFCCARTESIANPOINTLIST2D(((0.,0.),(0.84999999999999998,0.),(0.84999999999999998,0.035000000000000003),(0.,0.035000000000000003)));
#516=IFCINDEXEDPOLYCURVE(#515,(IFCLINEINDEX((1,2,3,4,1))),$);
#517=IFCARBITRARYCLOSEDPROFILEDEF(.AREA.,$,#516);
#518=IFCCARTESIANPOINT((0.27395923599143462,0.62604076400856534,0.025000000000000001));
#519=IFCDIRECTION((0.,0.,1.));
#520=IFCDIRECTION((1.,0.,0.));
#521=IFCAXIS2PLACEMENT3D(#518,#555,#556);
#522=IFCDIRECTION((0.,0.,1.));
#523=IFCEXTRUDEDAREASOLID(#517,#521,#522,2.3250000000000002);
#524=IFCCARTESIANPOINTLIST2D(((0.,0.),(0.,-0.040000000000000001),(0.12,-0.040000000000000001),(0.12,-0.02),(0.02,-0.02),(0.02,0.)));
#525=IFCINDEXEDPOLYCURVE(#524,(IFCLINEINDEX((1,2,3,4,5,6,1))),$);
#526=IFCARBITRARYCLOSEDPROFILEDEF(.AREA.,$,#525);
#527=IFCCARTESIANPOINT((0.30931457505076199,0.59068542494923792,1.0149999999999999));
#528=IFCDIRECTION((0.,0.,1.));
#529=IFCDIRECTION((1.,0.,0.));
#530=IFCAXIS2PLACEMENT3D(#527,#557,#558);
#531=IFCDIRECTION((0.,0.,1.));
#532=IFCEXTRUDEDAREASOLID(#526,#530,#531,0.02);
#533=IFCEXTRUDEDAREASOLID(#534,#537,#541,0.02);
#534=IFCARBITRARYCLOSEDPROFILEDEF(.AREA.,$,#535);
#535=IFCINDEXEDPOLYCURVE(#536,(IFCLINEINDEX((1,2,3,4,5,6,1))),$);
#536=IFCCARTESIANPOINTLIST2D(((0.,0.),(0.,0.040000000000000001),(0.12000000000000001,0.040000000000000001),(0.12000000000000001,0.020000000000000011),(0.020000000000000004,0.020000000000000011),(0.020000000000000004,0.)));
#537=IFCAXIS2PLACEMENT3D(#538,#559,#560);
#538=IFCCARTESIANPOINT((0.33406331239229115,0.61543416229076719,1.0149999999999999));
#539=IFCDIRECTION((0.,0.,1.));
#540=IFCDIRECTION((1.,0.,0.));
#541=IFCDIRECTION((0.,0.,1.));
#542=IFCSHAPEREPRESENTATION(#11,'Body','SweptSolid',(#478,#487,#523,#532,#533,#496,#505,#514));
#543=IFCSHAPEREPRESENTATION(#11,'Body','SweptSolid',(#478,#487,#496,#505,#514));
#544=IFCSHAPEASPECT((#543),'Lining',$,.T.,#469);
#545=IFCSHAPEREPRESENTATION(#11,'Body','SweptSolid',(#523,#532,#533));
#546=IFCSHAPEASPECT((#545),'Framing',$,.T.,#469);
#547=IFCSTYLEDITEM(#478,(#447),'3D 0.545 0.353 0.169 alpha 1.000');
#548=IFCSTYLEDITEM(#487,(#447),'3D 0.545 0.353 0.169 alpha 1.000');
#549=IFCSTYLEDITEM(#523,(#447),'3D 0.545 0.353 0.169 alpha 1.000');
#550=IFCSTYLEDITEM(#532,(#447),'3D 0.545 0.353 0.169 alpha 1.000');
#551=IFCSTYLEDITEM(#533,(#447),'3D 0.545 0.353 0.169 alpha 1.000');
#552=IFCSTYLEDITEM(#496,(#447),'3D 0.545 0.353 0.169 alpha 1.000');
#553=IFCSTYLEDITEM(#505,(#447),'3D 0.545 0.353 0.169 alpha 1.000');
#554=IFCSTYLEDITEM(#514,(#447),'3D 0.545 0.353 0.169 alpha 1.000');
#555=IFCDIRECTION((0.,0.,1.));
#556=IFCDIRECTION((0.70710678118654757,-0.70710678118654746,0.));
#557=IFCDIRECTION((0.,0.,1.));
#558=IFCDIRECTION((0.70710678118654757,-0.70710678118654746,0.));
#559=IFCDIRECTION((0.,0.,1.));
#560=IFCDIRECTION((0.70710678118654757,-0.70710678118654746,0.));
#561=IFCCARTESIANPOINTLIST2D(((0.,0.),(0.,0.25),(0.025000000000000001,0.25),(0.025000000000000001,0.025000000000000001),(0.050000000000000003,0.025000000000000001),(0.050000000000000003,0.)));
#562=IFCINDEXEDPOLYCURVE(#561,(IFCLINEINDEX((1,2,3,4,5,6,1))),$);
#563=IFCINDEXEDPOLYCURVE(#564,(IFCLINEINDEX((1,2,3,4,5,6,1))),$);
#564=IFCCARTESIANPOINTLIST2D(((0.90000000000000002,0.),(0.90000000000000002,0.25),(0.875,0.25),(0.875,0.025000000000000001),(0.85000000000000009,0.025000000000000001),(0.85000000000000009,0.)));
#565=IFCDIRECTION((1.,0.));
#566=IFCCARTESIANPOINT((0.84000000000000008,0.25));
#567=IFCAXIS2PLACEMENT2D(#566,#565);
#568=IFCELLIPSE(#567,0.81499999999999995,0.84999999999999998);
#569=IFCCARTESIANPOINT((0.84000000000000008,1.1000000000000001));
#570=IFCCARTESIANPOINT((0.025000000000000022,0.25));
#571=IFCTRIMMEDCURVE(#568,(#569),(#570),.T.,.CARTESIAN.);
#572=IFCCARTESIANPOINTLIST2D(((0.875,0.25),(0.84000000000000008,0.25),(0.84000000000000008,1.1000000000000001),(0.875,1.1000000000000001)));
#573=IFCINDEXEDPOLYCURVE(#572,(IFCLINEINDEX((1,2,3,4,1))),$);
#574=IFCSHAPEREPRESENTATION(#17,'Body','Curve2D',(#562,#563,#571,#573));
#575=IFCRELFILLSELEMENT('2jXIeJCNzAzBhS_V6NuryG',$,$,$,#450,#468);
#576=IFCCARTESIANPOINT((0.11250000000000071,0.,0.));
#577=IFCDIRECTION((0.,0.,1.));
#578=IFCDIRECTION((1.,0.,0.));
#579=IFCAXIS2PLACEMENT3D(#576,#577,#578);
#580=IFCLOCALPLACEMENT(#467,#579);
#581=IFCANNOTATION('11gGFiFlHASQcz3f6p6N1m',$,'Door 1 Overhead',$,'LINEWORK',#590,#585);
#582=IFCCARTESIANPOINTLIST2D(((0.,0.125),(1.125,0.125)));
#583=IFCINDEXEDPOLYCURVE(#582,$,.F.);
#584=IFCSHAPEREPRESENTATION(#18,'Annotation','Curve2D',(#583));
#585=IFCPRODUCTDEFINITIONSHAPE($,$,(#584));
#586=IFCCARTESIANPOINT((8.5,0.,0.));
#587=IFCDIRECTION((0.,0.,1.));
#588=IFCDIRECTION((1.,0.,0.));
#589=IFCAXIS2PLACEMENT3D(#586,#587,#588);
#590=IFCLOCALPLACEMENT(#39,#589);
#591=IFCPROPERTYSET('15hl13Ruj6KgoS6DEgpXiH',$,'EPset_Annotation',$,(#593));
#592=IFCRELDEFINESBYPROPERTIES('3aOm6A3aX1IBqiYl$$vbM8',$,$,$,(#581),#591);
#593=IFCPROPERTYSINGLEVALUE('Classes',$,IFCLABEL('dashed'),$);
#594=IFCSURFACESTYLE('3D 0.290 0.565 0.886 alpha 1.000',.BOTH.,(#595));
#595=IFCSURFACESTYLESHADING(#596,0.);
#596=IFCCOLOURRGB($,0.29019607843137257,0.56470588235294117,0.88627450980392153);
#597=IFCSURFACESTYLE('3D 0.290 0.565 0.886 alpha 0.250',.BOTH.,(#598));
#598=IFCSURFACESTYLESHADING(#599,0.75);
#599=IFCCOLOURRGB($,0.29019607843137257,0.56470588235294117,0.88627450980392153);
#600=IFCOPENINGELEMENT('0PRQkpQrHCgg1MFcznKCCZ',$,'Window 1 Opening',$,$,#617,#611,$,.OPENING.);
#601=IFCCARTESIANPOINTLIST2D(((0.,0.),(0.,0.34999999999999998),(0.75,0.34999999999999998),(0.75,0.),(0.,0.)));
#602=IFCINDEXEDPOLYCURVE(#601,$,.F.);
#603=IFCDIRECTION((0.,0.,1.));
#604=IFCARBITRARYCLOSEDPROFILEDEF(.AREA.,$,#602);
#605=IFCCARTESIANPOINT((0.,-0.050000000000000003,0.));
#606=IFCDIRECTION((0.,0.,1.));
#607=IFCDIRECTION((1.,0.,0.));
#608=IFCAXIS2PLACEMENT3D(#605,#606,#607);
#609=IFCEXTRUDEDAREASOLID(#604,#608,#603,0.375);
#610=IFCSHAPEREPRESENTATION(#11,'Body','SweptSolid',(#609));
#611=IFCPRODUCTDEFINITIONSHAPE($,$,(#610));
#612=IFCRELVOIDSELEMENT('1mp1J_WFDAYBtr8WYOYJ46',$,$,$,#63,#600);
#613=IFCCARTESIANPOINT((10.25,0.,2.));
#614=IFCDIRECTION((0.,0.,1.));
#615=IFCDIRECTION((1.,0.,0.));
#616=IFCAXIS2PLACEMENT3D(#613,#614,#615);
#617=IFCLOCALPLACEMENT(#74,#616);
#618=IFCWINDOW('1FBgykoOfBAOh32HTpwxOl',$,'Window 1',$,$,#695,#619,$,0.375,0.75,.WINDOW.,.SINGLE_PANEL.,$);
#619=IFCPRODUCTDEFINITIONSHAPE($,$,(#662,#685));
#620=IFCCARTESIANPOINTLIST2D(((0.,0.),(0.75,0.),(0.75,0.375),(0.,0.375)));
#621=IFCINDEXEDPOLYCURVE(#620,(IFCLINEINDEX((1,2,3,4,1))),$);
#622=IFCCARTESIANPOINTLIST2D(((0.025000000000000001,0.025000000000000001),(0.72499999999999998,0.025000000000000001),(0.72499999999999998,0.35000000000000003),(0.025000000000000001,0.35000000000000003)));
#623=IFCINDEXEDPOLYCURVE(#622,(IFCLINEINDEX((1,2,3,4,1))),$);
#624=IFCARBITRARYPROFILEDEFWITHVOIDS(.AREA.,$,#621,(#623));
#625=IFCCARTESIANPOINT((0.,0.23999999999999999,0.));
#626=IFCDIRECTION((0.,-1.,0.));
#627=IFCDIRECTION((1.,0.,0.));
#628=IFCAXIS2PLACEMENT3D(#625,#626,#627);
#629=IFCDIRECTION((0.,0.,-1.));
#630=IFCEXTRUDEDAREASOLID(#624,#628,#629,0.010000000000000009);
#631=IFCCARTESIANPOINTLIST2D(((0.,0.),(0.75,0.),(0.75,0.375),(0.,0.375)));
#632=IFCINDEXEDPOLYCURVE(#631,(IFCLINEINDEX((1,2,3,4,1))),$);
#633=IFCCARTESIANPOINTLIST2D(((0.050000000000000003,0.050000000000000003),(0.70000000000000007,0.050000000000000003),(0.70000000000000007,0.32500000000000001),(0.050000000000000003,0.32500000000000001)));
#634=IFCINDEXEDPOLYCURVE(#633,(IFCLINEINDEX((1,2,3,4,1))),$);
#635=IFCARBITRARYPROFILEDEFWITHVOIDS(.AREA.,$,#632,(#634));
#636=IFCCARTESIANPOINT((0.,0.,0.));
#637=IFCDIRECTION((0.,-1.,0.));
#638=IFCDIRECTION((1.,0.,0.));
#639=IFCAXIS2PLACEMENT3D(#636,#637,#638);
#640=IFCDIRECTION((0.,0.,-1.));
#641=IFCEXTRUDEDAREASOLID(#635,#639,#640,0.23999999999999999);
#642=IFCCARTESIANPOINTLIST2D(((0.,0.),(0.69999999999999996,0.),(0.69999999999999996,0.32500000000000001),(0.,0.32500000000000001)));
#643=IFCINDEXEDPOLYCURVE(#642,(IFCLINEINDEX((1,2,3,4,1))),$);
#644=IFCCARTESIANPOINTLIST2D(((0.035000000000000003,0.035000000000000003),(0.66499999999999992,0.035000000000000003),(0.66499999999999992,0.29000000000000004),(0.035000000000000003,0.29000000000000004)));
#645=IFCINDEXEDPOLYCURVE(#644,(IFCLINEINDEX((1,2,3,4,1))),$);
#646=IFCARBITRARYPROFILEDEFWITHVOIDS(.AREA.,$,#643,(#645));
#647=IFCCARTESIANPOINT((0.025000000000000001,-0.017500000000000016,0.025000000000000001));
#648=IFCDIRECTION((0.,-1.,0.));
#649=IFCDIRECTION((1.,0.,0.));
#650=IFCAXIS2PLACEMENT3D(#647,#648,#649);
#651=IFCDIRECTION((0.,0.,-1.));
#652=IFCEXTRUDEDAREASOLID(#646,#650,#651,0.035000000000000003);
#653=IFCINDEXEDPOLYCURVE(#654,(IFCLINEINDEX((1,2,3,4,1))),$);
#654=IFCCARTESIANPOINTLIST2D(((0.035000000000000003,0.035000000000000003),(0.66499999999999992,0.035000000000000003),(0.66499999999999992,0.29000000000000004),(0.035000000000000003,0.29000000000000004)));
#655=IFCARBITRARYCLOSEDPROFILEDEF(.AREA.,$,#653);
#656=IFCCARTESIANPOINT((0.025000000000000001,-0.0050000000000000044,0.025000000000000001));
#657=IFCDIRECTION((0.,-1.,0.));
#658=IFCDIRECTION((1.,0.,0.));
#659=IFCAXIS2PLACEMENT3D(#656,#657,#658);
#660=IFCDIRECTION((0.,0.,-1.));
#661=IFCEXTRUDEDAREASOLID(#655,#659,#660,0.01);
#662=IFCSHAPEREPRESENTATION(#11,'Body','SweptSolid',(#630,#641,#652,#661));
#663=IFCSHAPEREPRESENTATION(#11,'Body','SweptSolid',(#630,#641));
#664=IFCSHAPEASPECT((#663),'Lining',$,.T.,#619);
#665=IFCSHAPEREPRESENTATION(#11,'Body','SweptSolid',(#652));
#666=IFCSHAPEASPECT((#665),'Framing',$,.T.,#619);
#667=IFCSHAPEREPRESENTATION(#11,'Body','SweptSolid',(#661));
#668=IFCSHAPEASPECT((#667),'Glazing',$,.T.,#619);
#669=IFCCARTESIANPOINTLIST2D(((0.050000000000000003,0.),(0.69999999999999996,0.)));
#670=IFCINDEXEDPOLYCURVE(#669,$,$);
#671=IFCCARTESIANPOINTLIST2D(((0.,0.25),(0.025000000000000001,0.25),(0.025000000000000001,0.23999999999999999),(0.050000000000000003,0.23999999999999999),(0.050000000000000003,0.),(0.,0.)));
#672=IFCINDEXEDPOLYCURVE(#671,(IFCLINEINDEX((1,2,3,4,5,6,1))),$);
#673=IFCCARTESIANPOINTLIST2D(((0.75,0.25),(0.72499999999999998,0.25),(0.72499999999999998,0.23999999999999999),(0.69999999999999996,0.23999999999999999),(0.69999999999999996,0.),(0.75,0.)));
#674=IFCINDEXEDPOLYCURVE(#673,(IFCLINEINDEX((1,2,3,4,5,6,1))),$);
#675=IFCCARTESIANPOINTLIST2D(((0.025000000000000001,-0.017500000000000016),(0.060000000000000005,-0.017500000000000016),(0.060000000000000005,0.017500000000000016),(0.025000000000000001,0.017500000000000016)));
#676=IFCINDEXEDPOLYCURVE(#675,(IFCLINEINDEX((1,2,3,4,1))),$);
#677=IFCINDEXEDPOLYCURVE(#678,(IFCLINEINDEX((1,2,3,4,1))),$);
#678=IFCCARTESIANPOINTLIST2D(((0.72499999999999998,-0.017500000000000016),(0.68999999999999995,-0.017500000000000016),(0.68999999999999995,0.017500000000000016),(0.72499999999999998,0.017500000000000016)));
#679=IFCCARTESIANPOINTLIST2D(((0.060000000000000005,-0.017500000000000016),(0.68999999999999995,-0.017500000000000016)));
#680=IFCINDEXEDPOLYCURVE(#679,$,$);
#681=IFCINDEXEDPOLYCURVE(#682,$,$);
#682=IFCCARTESIANPOINTLIST2D(((0.060000000000000005,0.017500000000000016),(0.68999999999999995,0.017500000000000016)));
#683=IFCINDEXEDPOLYCURVE(#684,$,$);
#684=IFCCARTESIANPOINTLIST2D(((0.060000000000000005,0.),(0.68999999999999995,0.)));
#685=IFCSHAPEREPRESENTATION(#17,'Body','Curve2D',(#670,#672,#674,#676,#677,#680,#681,#683));
#686=IFCSTYLEDITEM(#630,(#594),'3D 0.290 0.565 0.886 alpha 1.000');
#687=IFCSTYLEDITEM(#641,(#594),'3D 0.290 0.565 0.886 alpha 1.000');
#688=IFCSTYLEDITEM(#652,(#594),'3D 0.290 0.565 0.886 alpha 1.000');
#689=IFCSTYLEDITEM(#661,(#597),'3D 0.290 0.565 0.886 alpha 1.000');
#690=IFCRELFILLSELEMENT('3YWWJGdoDF3f7wzsZ6WT0P',$,$,$,#600,#618);
#691=IFCCARTESIANPOINT((0.,0.,0.));
#692=IFCDIRECTION((0.,0.,1.));
#693=IFCDIRECTION((1.,0.,0.));
#694=IFCAXIS2PLACEMENT3D(#691,#692,#693);
#695=IFCLOCALPLACEMENT(#617,#694);
#696=IFCOPENINGELEMENT('2OJHgyIAH0BvLj0IRqE0ZB',$,'Window 2 Opening',$,$,#713,#707,$,.OPENING.);
#697=IFCCARTESIANPOINTLIST2D(((0.,0.),(0.,0.34999999999999998),(0.5,0.34999999999999998),(0.5,0.),(0.,0.)));
#698=IFCINDEXEDPOLYCURVE(#697,$,.F.);
#699=IFCDIRECTION((0.,0.,1.));
#700=IFCARBITRARYCLOSEDPROFILEDEF(.AREA.,$,#698);
#701=IFCCARTESIANPOINT((0.,-0.050000000000000003,0.));
#702=IFCDIRECTION((0.,0.,1.));
#703=IFCDIRECTION((1.,0.,0.));
#704=IFCAXIS2PLACEMENT3D(#701,#702,#703);
#705=IFCEXTRUDEDAREASOLID(#700,#704,#699,1.375);
#706=IFCSHAPEREPRESENTATION(#11,'Body','SweptSolid',(#705));
#707=IFCPRODUCTDEFINITIONSHAPE($,$,(#706));
#708=IFCRELVOIDSELEMENT('3RHQO8buzFjQo0FcG$z5Ui',$,$,$,#115,#696);
#709=IFCCARTESIANPOINT((2.75,0.,1.125));
#710=IFCDIRECTION((0.,0.,1.));
#711=IFCDIRECTION((1.,1.2246467991473532E-16,0.));
#712=IFCAXIS2PLACEMENT3D(#709,#710,#711);
#713=IFCLOCALPLACEMENT(#124,#712);
#714=IFCWINDOW('3hhGLd2pT5gvJzrIPC7nCF',$,'Window 2',$,$,#791,#715,$,1.375,0.5,.WINDOW.,.SINGLE_PANEL.,$);
#715=IFCPRODUCTDEFINITIONSHAPE($,$,(#758,#781));
#716=IFCCARTESIANPOINTLIST2D(((0.,0.),(0.5,0.),(0.5,1.375),(0.,1.375)));
#717=IFCINDEXEDPOLYCURVE(#716,(IFCLINEINDEX((1,2,3,4,1))),$);
#718=IFCCARTESIANPOINTLIST2D(((0.025000000000000001,0.025000000000000001),(0.47500000000000003,0.025000000000000001),(0.47500000000000003,1.3499999999999999),(0.025000000000000001,1.3499999999999999)));
#719=IFCINDEXEDPOLYCURVE(#718,(IFCLINEINDEX((1,2,3,4,1))),$);
#720=IFCARBITRARYPROFILEDEFWITHVOIDS(.AREA.,$,#717,(#719));
#721=IFCCARTESIANPOINT((0.,0.23999999999999999,0.));
#722=IFCDIRECTION((0.,-1.,0.));
#723=IFCDIRECTION((1.,0.,0.));
#724=IFCAXIS2PLACEMENT3D(#721,#722,#723);
#725=IFCDIRECTION((0.,0.,-1.));
#726=IFCEXTRUDEDAREASOLID(#720,#724,#725,0.010000000000000009);
#727=IFCCARTESIANPOINTLIST2D(((0.,0.),(0.5,0.),(0.5,1.375),(0.,1.375)));
#728=IFCINDEXEDPOLYCURVE(#727,(IFCLINEINDEX((1,2,3,4,1))),$);
#729=IFCCARTESIANPOINTLIST2D(((0.050000000000000003,0.050000000000000003),(0.45000000000000001,0.050000000000000003),(0.45000000000000001,1.325),(0.050000000000000003,1.325)));
#730=IFCINDEXEDPOLYCURVE(#729,(IFCLINEINDEX((1,2,3,4,1))),$);
#731=IFCARBITRARYPROFILEDEFWITHVOIDS(.AREA.,$,#728,(#730));
#732=IFCCARTESIANPOINT((0.,0.,0.));
#733=IFCDIRECTION((0.,-1.,0.));
#734=IFCDIRECTION((1.,0.,0.));
#735=IFCAXIS2PLACEMENT3D(#732,#733,#734);
#736=IFCDIRECTION((0.,0.,-1.));
#737=IFCEXTRUDEDAREASOLID(#731,#735,#736,0.23999999999999999);
#738=IFCCARTESIANPOINTLIST2D(((0.,0.),(0.45000000000000001,0.),(0.45000000000000001,1.325),(0.,1.325)));
#739=IFCINDEXEDPOLYCURVE(#738,(IFCLINEINDEX((1,2,3,4,1))),$);
#740=IFCCARTESIANPOINTLIST2D(((0.035000000000000003,0.035000000000000003),(0.41500000000000004,0.035000000000000003),(0.41500000000000004,1.2899999999999998),(0.035000000000000003,1.2899999999999998)));
#741=IFCINDEXEDPOLYCURVE(#740,(IFCLINEINDEX((1,2,3,4,1))),$);
#742=IFCARBITRARYPROFILEDEFWITHVOIDS(.AREA.,$,#739,(#741));
#743=IFCCARTESIANPOINT((0.025000000000000001,-0.017500000000000016,0.025000000000000001));
#744=IFCDIRECTION((0.,-1.,0.));
#745=IFCDIRECTION((1.,0.,0.));
#746=IFCAXIS2PLACEMENT3D(#743,#744,#745);
#747=IFCDIRECTION((0.,0.,-1.));
#748=IFCEXTRUDEDAREASOLID(#742,#746,#747,0.035000000000000003);
#749=IFCINDEXEDPOLYCURVE(#750,(IFCLINEINDEX((1,2,3,4,1))),$);
#750=IFCCARTESIANPOINTLIST2D(((0.035000000000000003,0.035000000000000003),(0.41500000000000004,0.035000000000000003),(0.41500000000000004,1.2899999999999998),(0.035000000000000003,1.2899999999999998)));
#751=IFCARBITRARYCLOSEDPROFILEDEF(.AREA.,$,#749);
#752=IFCCARTESIANPOINT((0.025000000000000001,-0.0050000000000000044,0.025000000000000001));
#753=IFCDIRECTION((0.,-1.,0.));
#754=IFCDIRECTION((1.,0.,0.));
#755=IFCAXIS2PLACEMENT3D(#752,#753,#754);
#756=IFCDIRECTION((0.,0.,-1.));
#757=IFCEXTRUDEDAREASOLID(#751,#755,#756,0.01);
#758=IFCSHAPEREPRESENTATION(#11,'Body','SweptSolid',(#726,#737,#748,#757));
#759=IFCSHAPEREPRESENTATION(#11,'Body','SweptSolid',(#726,#737));
#760=IFCSHAPEASPECT((#759),'Lining',$,.T.,#715);
#761=IFCSHAPEREPRESENTATION(#11,'Body','SweptSolid',(#748));
#762=IFCSHAPEASPECT((#761),'Framing',$,.T.,#715);
#763=IFCSHAPEREPRESENTATION(#11,'Body','SweptSolid',(#757));
#764=IFCSHAPEASPECT((#763),'Glazing',$,.T.,#715);
#765=IFCCARTESIANPOINTLIST2D(((0.050000000000000003,0.),(0.45000000000000001,0.)));
#766=IFCINDEXEDPOLYCURVE(#765,$,$);
#767=IFCCARTESIANPOINTLIST2D(((0.,0.25),(0.025000000000000001,0.25),(0.025000000000000001,0.23999999999999999),(0.050000000000000003,0.23999999999999999),(0.050000000000000003,0.),(0.,0.)));
#768=IFCINDEXEDPOLYCURVE(#767,(IFCLINEINDEX((1,2,3,4,5,6,1))),$);
#769=IFCCARTESIANPOINTLIST2D(((0.5,0.25),(0.47499999999999998,0.25),(0.47499999999999998,0.23999999999999999),(0.45000000000000001,0.23999999999999999),(0.45000000000000001,0.),(0.5,0.)));
#770=IFCINDEXEDPOLYCURVE(#769,(IFCLINEINDEX((1,2,3,4,5,6,1))),$);
#771=IFCCARTESIANPOINTLIST2D(((0.025000000000000001,-0.017500000000000016),(0.060000000000000005,-0.017500000000000016),(0.060000000000000005,0.017500000000000016),(0.025000000000000001,0.017500000000000016)));
#772=IFCINDEXEDPOLYCURVE(#771,(IFCLINEINDEX((1,2,3,4,1))),$);
#773=IFCINDEXEDPOLYCURVE(#774,(IFCLINEINDEX((1,2,3,4,1))),$);
#774=IFCCARTESIANPOINTLIST2D(((0.47499999999999998,-0.017500000000000016),(0.43999999999999995,-0.017500000000000016),(0.43999999999999995,0.017500000000000016),(0.47499999999999998,0.017500000000000016)));
#775=IFCCARTESIANPOINTLIST2D(((0.060000000000000005,-0.017500000000000016),(0.43999999999999995,-0.017500000000000016)));
#776=IFCINDEXEDPOLYCURVE(#775,$,$);
#777=IFCINDEXEDPOLYCURVE(#778,$,$);
#778=IFCCARTESIANPOINTLIST2D(((0.060000000000000005,0.017500000000000016),(0.43999999999999995,0.017500000000000016)));
#779=IFCINDEXEDPOLYCURVE(#780,$,$);
#780=IFCCARTESIANPOINTLIST2D(((0.060000000000000005,0.),(0.43999999999999995,0.)));
#781=IFCSHAPEREPRESENTATION(#17,'Body','Curve2D',(#766,#768,#770,#772,#773,#776,#777,#779));
#782=IFCSTYLEDITEM(#726,(#594),'3D 0.290 0.565 0.886 alpha 1.000');
#783=IFCSTYLEDITEM(#737,(#594),'3D 0.290 0.565 0.886 alpha 1.000');
#784=IFCSTYLEDITEM(#748,(#594),'3D 0.290 0.565 0.886 alpha 1.000');
#785=IFCSTYLEDITEM(#757,(#597),'3D 0.290 0.565 0.886 alpha 1.000');
#786=IFCRELFILLSELEMENT('2EGR2ByAL7HwOFOR0rbrsO',$,$,$,#696,#714);
#787=IFCCARTESIANPOINT((0.,0.,0.));
#788=IFCDIRECTION((0.,0.,1.));
#789=IFCDIRECTION((1.,0.,0.));
#790=IFCAXIS2PLACEMENT3D(#787,#788,#789);
#791=IFCLOCALPLACEMENT(#713,#790);
#792=IFCOPENINGELEMENT('0pXhNKgI515uTL8fiiVzzb',$,'Window 3 Opening',$,$,#809,#803,$,.OPENING.);
#793=IFCCARTESIANPOINTLIST2D(((0.,0.),(0.,0.34999999999999998),(1.,0.34999999999999998),(1.,0.),(0.,0.)));
#794=IFCINDEXEDPOLYCURVE(#793,$,.F.);
#795=IFCDIRECTION((0.,0.,1.));
#796=IFCARBITRARYCLOSEDPROFILEDEF(.AREA.,$,#794);
#797=IFCCARTESIANPOINT((0.,-0.050000000000000003,0.));
#798=IFCDIRECTION((0.,0.,1.));
#799=IFCDIRECTION((1.,0.,0.));
#800=IFCAXIS2PLACEMENT3D(#797,#798,#799);
#801=IFCEXTRUDEDAREASOLID(#796,#800,#795,1.375);
#802=IFCSHAPEREPRESENTATION(#11,'Body','SweptSolid',(#801));
#803=IFCPRODUCTDEFINITIONSHAPE($,$,(#802));
#804=IFCRELVOIDSELEMENT('2ZoKZ4LF589ONwWObySaBz',$,$,$,#115,#792);
#805=IFCCARTESIANPOINT((4.4999999999999991,0.,1.125));
#806=IFCDIRECTION((0.,0.,1.));
#807=IFCDIRECTION((1.,1.2246467991473532E-16,0.));
#808=IFCAXIS2PLACEMENT3D(#805,#806,#807);
#809=IFCLOCALPLACEMENT(#124,#808);
#810=IFCWINDOW('3d4SldIK19cvSDcb_Qc4Ln',$,'Window 3',$,$,#887,#811,$,1.375,1.,.WINDOW.,.SINGLE_PANEL.,$);
#811=IFCPRODUCTDEFINITIONSHAPE($,$,(#854,#877));
#812=IFCCARTESIANPOINTLIST2D(((0.,0.),(1.,0.),(1.,1.375),(0.,1.375)));
#813=IFCINDEXEDPOLYCURVE(#812,(IFCLINEINDEX((1,2,3,4,1))),$);
#814=IFCCARTESIANPOINTLIST2D(((0.025000000000000001,0.025000000000000001),(0.97499999999999998,0.025000000000000001),(0.97499999999999998,1.3499999999999999),(0.025000000000000001,1.3499999999999999)));
#815=IFCINDEXEDPOLYCURVE(#814,(IFCLINEINDEX((1,2,3,4,1))),$);
#816=IFCARBITRARYPROFILEDEFWITHVOIDS(.AREA.,$,#813,(#815));
#817=IFCCARTESIANPOINT((0.,0.23999999999999999,0.));
#818=IFCDIRECTION((0.,-1.,0.));
#819=IFCDIRECTION((1.,0.,0.));
#820=IFCAXIS2PLACEMENT3D(#817,#818,#819);
#821=IFCDIRECTION((0.,0.,-1.));
#822=IFCEXTRUDEDAREASOLID(#816,#820,#821,0.010000000000000009);
#823=IFCCARTESIANPOINTLIST2D(((0.,0.),(1.,0.),(1.,1.375),(0.,1.375)));
#824=IFCINDEXEDPOLYCURVE(#823,(IFCLINEINDEX((1,2,3,4,1))),$);
#825=IFCCARTESIANPOINTLIST2D(((0.050000000000000003,0.050000000000000003),(0.95000000000000007,0.050000000000000003),(0.95000000000000007,1.325),(0.050000000000000003,1.325)));
#826=IFCINDEXEDPOLYCURVE(#825,(IFCLINEINDEX((1,2,3,4,1))),$);
#827=IFCARBITRARYPROFILEDEFWITHVOIDS(.AREA.,$,#824,(#826));
#828=IFCCARTESIANPOINT((0.,0.,0.));
#829=IFCDIRECTION((0.,-1.,0.));
#830=IFCDIRECTION((1.,0.,0.));
#831=IFCAXIS2PLACEMENT3D(#828,#829,#830);
#832=IFCDIRECTION((0.,0.,-1.));
#833=IFCEXTRUDEDAREASOLID(#827,#831,#832,0.23999999999999999);
#834=IFCCARTESIANPOINTLIST2D(((0.,0.),(0.94999999999999996,0.),(0.94999999999999996,1.325),(0.,1.325)));
#835=IFCINDEXEDPOLYCURVE(#834,(IFCLINEINDEX((1,2,3,4,1))),$);
#836=IFCCARTESIANPOINTLIST2D(((0.035000000000000003,0.035000000000000003),(0.91499999999999992,0.035000000000000003),(0.91499999999999992,1.2899999999999998),(0.035000000000000003,1.2899999999999998)));
#837=IFCINDEXEDPOLYCURVE(#836,(IFCLINEINDEX((1,2,3,4,1))),$);
#838=IFCARBITRARYPROFILEDEFWITHVOIDS(.AREA.,$,#835,(#837));
#839=IFCCARTESIANPOINT((0.025000000000000001,-0.017500000000000016,0.025000000000000001));
#840=IFCDIRECTION((0.,-1.,0.));
#841=IFCDIRECTION((1.,0.,0.));
#842=IFCAXIS2PLACEMENT3D(#839,#840,#841);
#843=IFCDIRECTION((0.,0.,-1.));
#844=IFCEXTRUDEDAREASOLID(#838,#842,#843,0.035000000000000003);
#845=IFCINDEXEDPOLYCURVE(#846,(IFCLINEINDEX((1,2,3,4,1))),$);
#846=IFCCARTESIANPOINTLIST2D(((0.035000000000000003,0.035000000000000003),(0.91499999999999992,0.035000000000000003),(0.91499999999999992,1.2899999999999998),(0.035000000000000003,1.2899999999999998)));
#847=IFCARBITRARYCLOSEDPROFILEDEF(.AREA.,$,#845);
#848=IFCCARTESIANPOINT((0.025000000000000001,-0.0050000000000000044,0.025000000000000001));
#849=IFCDIRECTION((0.,-1.,0.));
#850=IFCDIRECTION((1.,0.,0.));
#851=IFCAXIS2PLACEMENT3D(#848,#849,#850);
#852=IFCDIRECTION((0.,0.,-1.));
#853=IFCEXTRUDEDAREASOLID(#847,#851,#852,0.01);
#854=IFCSHAPEREPRESENTATION(#11,'Body','SweptSolid',(#822,#833,#844,#853));
#855=IFCSHAPEREPRESENTATION(#11,'Body','SweptSolid',(#822,#833));
#856=IFCSHAPEASPECT((#855),'Lining',$,.T.,#811);
#857=IFCSHAPEREPRESENTATION(#11,'Body','SweptSolid',(#844));
#858=IFCSHAPEASPECT((#857),'Framing',$,.T.,#811);
#859=IFCSHAPEREPRESENTATION(#11,'Body','SweptSolid',(#853));
#860=IFCSHAPEASPECT((#859),'Glazing',$,.T.,#811);
#861=IFCCARTESIANPOINTLIST2D(((0.050000000000000003,0.),(0.94999999999999996,0.)));
#862=IFCINDEXEDPOLYCURVE(#861,$,$);
#863=IFCCARTESIANPOINTLIST2D(((0.,0.25),(0.025000000000000001,0.25),(0.025000000000000001,0.23999999999999999),(0.050000000000000003,0.23999999999999999),(0.050000000000000003,0.),(0.,0.)));
#864=IFCINDEXEDPOLYCURVE(#863,(IFCLINEINDEX((1,2,3,4,5,6,1))),$);
#865=IFCCARTESIANPOINTLIST2D(((1.,0.25),(0.97499999999999998,0.25),(0.97499999999999998,0.23999999999999999),(0.94999999999999996,0.23999999999999999),(0.94999999999999996,0.),(1.,0.)));
#866=IFCINDEXEDPOLYCURVE(#865,(IFCLINEINDEX((1,2,3,4,5,6,1))),$);
#867=IFCCARTESIANPOINTLIST2D(((0.025000000000000001,-0.017500000000000016),(0.060000000000000005,-0.017500000000000016),(0.060000000000000005,0.017500000000000016),(0.025000000000000001,0.017500000000000016)));
#868=IFCINDEXEDPOLYCURVE(#867,(IFCLINEINDEX((1,2,3,4,1))),$);
#869=IFCINDEXEDPOLYCURVE(#870,(IFCLINEINDEX((1,2,3,4,1))),$);
#870=IFCCARTESIANPOINTLIST2D(((0.97499999999999998,-0.017500000000000016),(0.93999999999999995,-0.017500000000000016),(0.93999999999999995,0.017500000000000016),(0.97499999999999998,0.017500000000000016)));
#871=IFCCARTESIANPOINTLIST2D(((0.060000000000000005,-0.017500000000000016),(0.93999999999999995,-0.017500000000000016)));
#872=IFCINDEXEDPOLYCURVE(#871,$,$);
#873=IFCINDEXEDPOLYCURVE(#874,$,$);
#874=IFCCARTESIANPOINTLIST2D(((0.060000000000000005,0.017500000000000016),(0.93999999999999995,0.017500000000000016)));
#875=IFCINDEXEDPOLYCURVE(#876,$,$);
#876=IFCCARTESIANPOINTLIST2D(((0.060000000000000005,0.),(0.93999999999999995,0.)));
#877=IFCSHAPEREPRESENTATION(#17,'Body','Curve2D',(#862,#864,#866,#868,#869,#872,#873,#875));
#878=IFCSTYLEDITEM(#822,(#594),'3D 0.290 0.565 0.886 alpha 1.000');
#879=IFCSTYLEDITEM(#833,(#594),'3D 0.290 0.565 0.886 alpha 1.000');
#880=IFCSTYLEDITEM(#844,(#594),'3D 0.290 0.565 0.886 alpha 1.000');
#881=IFCSTYLEDITEM(#853,(#597),'3D 0.290 0.565 0.886 alpha 1.000');
#882=IFCRELFILLSELEMENT('02zjrIflvCJRDf_DW2oF5B',$,$,$,#792,#810);
#883=IFCCARTESIANPOINT((8.8817841970012523E-16,0.,0.));
#884=IFCDIRECTION((0.,0.,1.));
#885=IFCDIRECTION((1.,0.,0.));
#886=IFCAXIS2PLACEMENT3D(#883,#884,#885);
#887=IFCLOCALPLACEMENT(#809,#886);
#888=IFCOPENINGELEMENT('06v8ie6qH2Z9kRZVmAvFIN',$,'Window 4 Opening',$,$,#905,#899,$,.OPENING.);
#889=IFCCARTESIANPOINTLIST2D(((0.,0.),(0.,0.34999999999999998),(1.5,0.34999999999999998),(1.5,0.),(0.,0.)));
#890=IFCINDEXEDPOLYCURVE(#889,$,.F.);
#891=IFCDIRECTION((0.,0.,1.));
#892=IFCARBITRARYCLOSEDPROFILEDEF(.AREA.,$,#890);
#893=IFCCARTESIANPOINT((0.,-0.050000000000000003,0.));
#894=IFCDIRECTION((0.,0.,1.));
#895=IFCDIRECTION((1.,0.,0.));
#896=IFCAXIS2PLACEMENT3D(#893,#894,#895);
#897=IFCEXTRUDEDAREASOLID(#892,#896,#891,1.875);
#898=IFCSHAPEREPRESENTATION(#11,'Body','SweptSolid',(#897));
#899=IFCPRODUCTDEFINITIONSHAPE($,$,(#898));
#900=IFCRELVOIDSELEMENT('2AwJuE1P5EDewlPxp8$O4O',$,$,$,#115,#888);
#901=IFCCARTESIANPOINT((6.6249999999999991,1.7763568394002505E-15,0.5));
#902=IFCDIRECTION((0.,0.,1.));
#903=IFCDIRECTION((1.,1.2246467991473532E-16,0.));
#904=IFCAXIS2PLACEMENT3D(#901,#902,#903);
#905=IFCLOCALPLACEMENT(#124,#904);
#906=IFCWINDOW('1Xgih3lzX3wf6dN8YGIQTo',$,'Window 4',$,$,#983,#907,$,1.875,1.5,.WINDOW.,.SINGLE_PANEL.,$);
#907=IFCPRODUCTDEFINITIONSHAPE($,$,(#950,#973));
#908=IFCCARTESIANPOINTLIST2D(((0.,0.),(1.5,0.),(1.5,1.875),(0.,1.875)));
#909=IFCINDEXEDPOLYCURVE(#908,(IFCLINEINDEX((1,2,3,4,1))),$);
#910=IFCCARTESIANPOINTLIST2D(((0.025000000000000001,0.025000000000000001),(1.4749999999999999,0.025000000000000001),(1.4749999999999999,1.8499999999999999),(0.025000000000000001,1.8499999999999999)));
#911=IFCINDEXEDPOLYCURVE(#910,(IFCLINEINDEX((1,2,3,4,1))),$);
#912=IFCARBITRARYPROFILEDEFWITHVOIDS(.AREA.,$,#909,(#911));
#913=IFCCARTESIANPOINT((0.,0.23999999999999999,0.));
#914=IFCDIRECTION((0.,-1.,0.));
#915=IFCDIRECTION((1.,0.,0.));
#916=IFCAXIS2PLACEMENT3D(#913,#914,#915);
#917=IFCDIRECTION((0.,0.,-1.));
#918=IFCEXTRUDEDAREASOLID(#912,#916,#917,0.010000000000000009);
#919=IFCCARTESIANPOINTLIST2D(((0.,0.),(1.5,0.),(1.5,1.875),(0.,1.875)));
#920=IFCINDEXEDPOLYCURVE(#919,(IFCLINEINDEX((1,2,3,4,1))),$);
#921=IFCCARTESIANPOINTLIST2D(((0.050000000000000003,0.050000000000000003),(1.45,0.050000000000000003),(1.45,1.825),(0.050000000000000003,1.825)));
#922=IFCINDEXEDPOLYCURVE(#921,(IFCLINEINDEX((1,2,3,4,1))),$);
#923=IFCARBITRARYPROFILEDEFWITHVOIDS(.AREA.,$,#920,(#922));
#924=IFCCARTESIANPOINT((0.,0.,0.));
#925=IFCDIRECTION((0.,-1.,0.));
#926=IFCDIRECTION((1.,0.,0.));
#927=IFCAXIS2PLACEMENT3D(#924,#925,#926);
#928=IFCDIRECTION((0.,0.,-1.));
#929=IFCEXTRUDEDAREASOLID(#923,#927,#928,0.23999999999999999);
#930=IFCCARTESIANPOINTLIST2D(((0.,0.),(1.45,0.),(1.45,1.825),(0.,1.825)));
#931=IFCINDEXEDPOLYCURVE(#930,(IFCLINEINDEX((1,2,3,4,1))),$);
#932=IFCCARTESIANPOINTLIST2D(((0.035000000000000003,0.035000000000000003),(1.4149999999999998,0.035000000000000003),(1.4149999999999998,1.7899999999999998),(0.035000000000000003,1.7899999999999998)));
#933=IFCINDEXEDPOLYCURVE(#932,(IFCLINEINDEX((1,2,3,4,1))),$);
#934=IFCARBITRARYPROFILEDEFWITHVOIDS(.AREA.,$,#931,(#933));
#935=IFCCARTESIANPOINT((0.025000000000000001,-0.017500000000000016,0.025000000000000001));
#936=IFCDIRECTION((0.,-1.,0.));
#937=IFCDIRECTION((1.,0.,0.));
#938=IFCAXIS2PLACEMENT3D(#935,#936,#937);
#939=IFCDIRECTION((0.,0.,-1.));
#940=IFCEXTRUDEDAREASOLID(#934,#938,#939,0.035000000000000003);
#941=IFCINDEXEDPOLYCURVE(#942,(IFCLINEINDEX((1,2,3,4,1))),$);
#942=IFCCARTESIANPOINTLIST2D(((0.035000000000000003,0.035000000000000003),(1.4149999999999998,0.035000000000000003),(1.4149999999999998,1.7899999999999998),(0.035000000000000003,1.7899999999999998)));
#943=IFCARBITRARYCLOSEDPROFILEDEF(.AREA.,$,#941);
#944=IFCCARTESIANPOINT((0.025000000000000001,-0.0050000000000000044,0.025000000000000001));
#945=IFCDIRECTION((0.,-1.,0.));
#946=IFCDIRECTION((1.,0.,0.));
#947=IFCAXIS2PLACEMENT3D(#944,#945,#946);
#948=IFCDIRECTION((0.,0.,-1.));
#949=IFCEXTRUDEDAREASOLID(#943,#947,#948,0.01);
#950=IFCSHAPEREPRESENTATION(#11,'Body','SweptSolid',(#918,#929,#940,#949));
#951=IFCSHAPEREPRESENTATION(#11,'Body','SweptSolid',(#918,#929));
#952=IFCSHAPEASPECT((#951),'Lining',$,.T.,#907);
#953=IFCSHAPEREPRESENTATION(#11,'Body','SweptSolid',(#940));
#954=IFCSHAPEASPECT((#953),'Framing',$,.T.,#907);
#955=IFCSHAPEREPRESENTATION(#11,'Body','SweptSolid',(#949));
#956=IFCSHAPEASPECT((#955),'Glazing',$,.T.,#907);
#957=IFCCARTESIANPOINTLIST2D(((0.050000000000000003,0.),(1.45,0.)));
#958=IFCINDEXEDPOLYCURVE(#957,$,$);
#959=IFCCARTESIANPOINTLIST2D(((0.,0.25),(0.025000000000000001,0.25),(0.025000000000000001,0.23999999999999999),(0.050000000000000003,0.23999999999999999),(0.050000000000000003,0.),(0.,0.)));
#960=IFCINDEXEDPOLYCURVE(#959,(IFCLINEINDEX((1,2,3,4,5,6,1))),$);
#961=IFCCARTESIANPOINTLIST2D(((1.5,0.25),(1.4750000000000001,0.25),(1.4750000000000001,0.23999999999999999),(1.45,0.23999999999999999),(1.45,0.),(1.5,0.)));
#962=IFCINDEXEDPOLYCURVE(#961,(IFCLINEINDEX((1,2,3,4,5,6,1))),$);
#963=IFCCARTESIANPOINTLIST2D(((0.025000000000000001,-0.017500000000000016),(0.060000000000000005,-0.017500000000000016),(0.060000000000000005,0.017500000000000016),(0.025000000000000001,0.017500000000000016)));
#964=IFCINDEXEDPOLYCURVE(#963,(IFCLINEINDEX((1,2,3,4,1))),$);
#965=IFCINDEXEDPOLYCURVE(#966,(IFCLINEINDEX((1,2,3,4,1))),$);
#966=IFCCARTESIANPOINTLIST2D(((1.4750000000000001,-0.017500000000000016),(1.4399999999999999,-0.017500000000000016),(1.4399999999999999,0.017500000000000016),(1.4750000000000001,0.017500000000000016)));
#967=IFCCARTESIANPOINTLIST2D(((0.060000000000000005,-0.017500000000000016),(1.4400000000000002,-0.017500000000000016)));
#968=IFCINDEXEDPOLYCURVE(#967,$,$);
#969=IFCINDEXEDPOLYCURVE(#970,$,$);
#970=IFCCARTESIANPOINTLIST2D(((0.060000000000000005,0.017500000000000016),(1.4400000000000002,0.017500000000000016)));
#971=IFCINDEXEDPOLYCURVE(#972,$,$);
#972=IFCCARTESIANPOINTLIST2D(((0.060000000000000005,0.),(1.4400000000000002,0.)));
#973=IFCSHAPEREPRESENTATION(#17,'Body','Curve2D',(#958,#960,#962,#964,#965,#968,#969,#971));
#974=IFCSTYLEDITEM(#918,(#594),'3D 0.290 0.565 0.886 alpha 1.000');
#975=IFCSTYLEDITEM(#929,(#594),'3D 0.290 0.565 0.886 alpha 1.000');
#976=IFCSTYLEDITEM(#940,(#594),'3D 0.290 0.565 0.886 alpha 1.000');
#977=IFCSTYLEDITEM(#949,(#597),'3D 0.290 0.565 0.886 alpha 1.000');
#978=IFCRELFILLSELEMENT('3ntQ6Ai3P0D8UWCZ_4SajX',$,$,$,#888,#906);
#979=IFCCARTESIANPOINT((8.8817841970012523E-16,-8.8817841970012523E-16,0.));
#980=IFCDIRECTION((0.,0.,1.));
#981=IFCDIRECTION((1.,0.,0.));
#982=IFCAXIS2PLACEMENT3D(#979,#980,#981);
#983=IFCLOCALPLACEMENT(#905,#982);
#984=IFCOPENINGELEMENT('36zWPNx71A28cgmaZGCuyS',$,'Window 5 Opening',$,$,#1001,#995,$,.OPENING.);
#985=IFCCARTESIANPOINTLIST2D(((0.,0.),(0.,0.34999999999999998),(1.5,0.34999999999999998),(1.5,0.),(0.,0.)));
#986=IFCINDEXEDPOLYCURVE(#985,$,.F.);
#987=IFCDIRECTION((0.,0.,1.));
#988=IFCARBITRARYCLOSEDPROFILEDEF(.AREA.,$,#986);
#989=IFCCARTESIANPOINT((0.,-0.050000000000000003,0.));
#990=IFCDIRECTION((0.,0.,1.));
#991=IFCDIRECTION((1.,0.,0.));
#992=IFCAXIS2PLACEMENT3D(#989,#990,#991);
#993=IFCEXTRUDEDAREASOLID(#988,#992,#987,1.375);
#994=IFCSHAPEREPRESENTATION(#11,'Body','SweptSolid',(#993));
#995=IFCPRODUCTDEFINITIONSHAPE($,$,(#994));
#996=IFCRELVOIDSELEMENT('0BkXYAQGv4HPGZXBAfinDh',$,$,$,#115,#984);
#997=IFCCARTESIANPOINT((9.5,1.7763568394002505E-15,1.125));
#998=IFCDIRECTION((0.,0.,1.));
#999=IFCDIRECTION((1.,1.2246467991473532E-16,0.));
#1000=IFCAXIS2PLACEMENT3D(#997,#998,#999);
#1001=IFCLOCALPLACEMENT(#124,#1000);
#1002=IFCWINDOW('22VkF0MKP6TBwvEu9Kzjmc',$,'Window 5',$,$,#1079,#1003,$,1.375,1.5,.WINDOW.,.SINGLE_PANEL.,$);
#1003=IFCPRODUCTDEFINITIONSHAPE($,$,(#1046,#1069));
#1004=IFCCARTESIANPOINTLIST2D(((0.,0.),(1.5,0.),(1.5,1.375),(0.,1.375)));
#1005=IFCINDEXEDPOLYCURVE(#1004,(IFCLINEINDEX((1,2,3,4,1))),$);
#1006=IFCCARTESIANPOINTLIST2D(((0.025000000000000001,0.025000000000000001),(1.4749999999999999,0.025000000000000001),(1.4749999999999999,1.3499999999999999),(0.025000000000000001,1.3499999999999999)));
#1007=IFCINDEXEDPOLYCURVE(#1006,(IFCLINEINDEX((1,2,3,4,1))),$);
#1008=IFCARBITRARYPROFILEDEFWITHVOIDS(.AREA.,$,#1005,(#1007));
#1009=IFCCARTESIANPOINT((0.,0.23999999999999999,0.));
#1010=IFCDIRECTION((0.,-1.,0.));
#1011=IFCDIRECTION((1.,0.,0.));
#1012=IFCAXIS2PLACEMENT3D(#1009,#1010,#1011);
#1013=IFCDIRECTION((0.,0.,-1.));
#1014=IFCEXTRUDEDAREASOLID(#1008,#1012,#1013,0.010000000000000009);
#1015=IFCCARTESIANPOINTLIST2D(((0.,0.),(1.5,0.),(1.5,1.375),(0.,1.375)));
#1016=IFCINDEXEDPOLYCURVE(#1015,(IFCLINEINDEX((1,2,3,4,1))),$);
#1017=IFCCARTESIANPOINTLIST2D(((0.050000000000000003,0.050000000000000003),(1.45,0.050000000000000003),(1.45,1.325),(0.050000000000000003,1.325)));
#1018=IFCINDEXEDPOLYCURVE(#1017,(IFCLINEINDEX((1,2,3,4,1))),$);
#1019=IFCARBITRARYPROFILEDEFWITHVOIDS(.AREA.,$,#1016,(#1018));
#1020=IFCCARTESIANPOINT((0.,0.,0.));
#1021=IFCDIRECTION((0.,-1.,0.));
#1022=IFCDIRECTION((1.,0.,0.));
#1023=IFCAXIS2PLACEMENT3D(#1020,#1021,#1022);
#1024=IFCDIRECTION((0.,0.,-1.));
#1025=IFCEXTRUDEDAREASOLID(#1019,#1023,#1024,0.23999999999999999);
#1026=IFCCARTESIANPOINTLIST2D(((0.,0.),(1.45,0.),(1.45,1.325),(0.,1.325)));
#1027=IFCINDEXEDPOLYCURVE(#1026,(IFCLINEINDEX((1,2,3,4,1))),$);
#1028=IFCCARTESIANPOINTLIST2D(((0.035000000000000003,0.035000000000000003),(1.4149999999999998,0.035000000000000003),(1.4149999999999998,1.2899999999999998),(0.035000000000000003,1.2899999999999998)));
#1029=IFCINDEXEDPOLYCURVE(#1028,(IFCLINEINDEX((1,2,3,4,1))),$);
#1030=IFCARBITRARYPROFILEDEFWITHVOIDS(.AREA.,$,#1027,(#1029));
#1031=IFCCARTESIANPOINT((0.025000000000000001,-0.017500000000000016,0.025000000000000001));
#1032=IFCDIRECTION((0.,-1.,0.));
#1033=IFCDIRECTION((1.,0.,0.));
#1034=IFCAXIS2PLACEMENT3D(#1031,#1032,#1033);
#1035=IFCDIRECTION((0.,0.,-1.));
#1036=IFCEXTRUDEDAREASOLID(#1030,#1034,#1035,0.035000000000000003);
#1037=IFCINDEXEDPOLYCURVE(#1038,(IFCLINEINDEX((1,2,3,4,1))),$);
#1038=IFCCARTESIANPOINTLIST2D(((0.035000000000000003,0.035000000000000003),(1.4149999999999998,0.035000000000000003),(1.4149999999999998,1.2899999999999998),(0.035000000000000003,1.2899999999999998)));
#1039=IFCARBITRARYCLOSEDPROFILEDEF(.AREA.,$,#1037);
#1040=IFCCARTESIANPOINT((0.025000000000000001,-0.0050000000000000044,0.025000000000000001));
#1041=IFCDIRECTION((0.,-1.,0.));
#1042=IFCDIRECTION((1.,0.,0.));
#1043=IFCAXIS2PLACEMENT3D(#1040,#1041,#1042);
#1044=IFCDIRECTION((0.,0.,-1.));
#1045=IFCEXTRUDEDAREASOLID(#1039,#1043,#1044,0.01);
#1046=IFCSHAPEREPRESENTATION(#11,'Body','SweptSolid',(#1014,#1025,#1036,#1045));
#1047=IFCSHAPEREPRESENTATION(#11,'Body','SweptSolid',(#1014,#1025));
#1048=IFCSHAPEASPECT((#1047),'Lining',$,.T.,#1003);
#1049=IFCSHAPEREPRESENTATION(#11,'Body','SweptSolid',(#1036));
#1050=IFCSHAPEASPECT((#1049),'Framing',$,.T.,#1003);
#1051=IFCSHAPEREPRESENTATION(#11,'Body','SweptSolid',(#1045));
#1052=IFCSHAPEASPECT((#1051),'Glazing',$,.T.,#1003);
#1053=IFCCARTESIANPOINTLIST2D(((0.050000000000000003,0.),(1.45,0.)));
#1054=IFCINDEXEDPOLYCURVE(#1053,$,$);
#1055=IFCCARTESIANPOINTLIST2D(((0.,0.25),(0.025000000000000001,0.25),(0.025000000000000001,0.23999999999999999),(0.050000000000000003,0.23999999999999999),(0.050000000000000003,0.),(0.,0.)));
#1056=IFCINDEXEDPOLYCURVE(#1055,(IFCLINEINDEX((1,2,3,4,5,6,1))),$);
#1057=IFCCARTESIANPOINTLIST2D(((1.5,0.25),(1.4750000000000001,0.25),(1.4750000000000001,0.23999999999999999),(1.45,0.23999999999999999),(1.45,0.),(1.5,0.)));
#1058=IFCINDEXEDPOLYCURVE(#1057,(IFCLINEINDEX((1,2,3,4,5,6,1))),$);
#1059=IFCCARTESIANPOINTLIST2D(((0.025000000000000001,-0.017500000000000016),(0.060000000000000005,-0.017500000000000016),(0.060000000000000005,0.017500000000000016),(0.025000000000000001,0.017500000000000016)));
#1060=IFCINDEXEDPOLYCURVE(#1059,(IFCLINEINDEX((1,2,3,4,1))),$);
#1061=IFCINDEXEDPOLYCURVE(#1062,(IFCLINEINDEX((1,2,3,4,1))),$);
#1062=IFCCARTESIANPOINTLIST2D(((1.4750000000000001,-0.017500000000000016),(1.4399999999999999,-0.017500000000000016),(1.4399999999999999,0.017500000000000016),(1.4750000000000001,0.017500000000000016)));
#1063=IFCCARTESIANPOINTLIST2D(((0.060000000000000005,-0.017500000000000016),(1.4400000000000002,-0.017500000000000016)));
#1064=IFCINDEXEDPOLYCURVE(#1063,$,$);
#1065=IFCINDEXEDPOLYCURVE(#1066,$,$);
#1066=IFCCARTESIANPOINTLIST2D(((0.060000000000000005,0.017500000000000016),(1.4400000000000002,0.017500000000000016)));
#1067=IFCINDEXEDPOLYCURVE(#1068,$,$);
#1068=IFCCARTESIANPOINTLIST2D(((0.060000000000000005,0.),(1.4400000000000002,0.)));
#1069=IFCSHAPEREPRESENTATION(#17,'Body','Curve2D',(#1054,#1056,#1058,#1060,#1061,#1064,#1065,#1067));
#1070=IFCSTYLEDITEM(#1014,(#594),'3D 0.290 0.565 0.886 alpha 1.000');
#1071=IFCSTYLEDITEM(#1025,(#594),'3D 0.290 0.565 0.886 alpha 1.000');
#1072=IFCSTYLEDITEM(#1036,(#594),'3D 0.290 0.565 0.886 alpha 1.000');
#1073=IFCSTYLEDITEM(#1045,(#597),'3D 0.290 0.565 0.886 alpha 1.000');
#1074=IFCRELFILLSELEMENT('2mNleOzv97Rwaq5iz_LszQ',$,$,$,#984,#1002);
#1075=IFCCARTESIANPOINT((0.,-8.8817841970012523E-16,0.));
#1076=IFCDIRECTION((0.,0.,1.));
#1077=IFCDIRECTION((1.,0.,0.));
#1078=IFCAXIS2PLACEMENT3D(#1075,#1076,#1077);
#1079=IFCLOCALPLACEMENT(#1001,#1078);
#1080=IFCWALL('0FI3dZ4SHCf94Ht9feJBPC',$,'Wall 7',$,$,#1090,#1101,$,$);
#1081=IFCRELDEFINESBYTYPE('3ds7XB6yP689cjGtYWyBZh',$,$,$,(#1770,#1141,#1820,#1080,#1745,#1795),#54);
#1084=IFCMATERIALLAYERSETUSAGE(#55,.AXIS2.,.NEGATIVE.,0.115,$);
#1085=IFCRELASSOCIATESMATERIAL('3Wyr_a0w16oxx$0WilNsCV',$,$,$,(#1080),#1084);
#1086=IFCCARTESIANPOINT((3.25,2.75,0.));
#1087=IFCDIRECTION((0.,0.,1.));
#1088=IFCDIRECTION((-1.,1.2246467991473532E-16,0.));
#1089=IFCAXIS2PLACEMENT3D(#1086,#1087,#1088);
#1090=IFCLOCALPLACEMENT(#39,#1089);
#1091=IFCCARTESIANPOINTLIST2D(((0.,0.),(0.,0.115),(3.,0.115),(3.,0.),(0.,0.)));
#1092=IFCINDEXEDPOLYCURVE(#1091,$,.F.);
#1093=IFCDIRECTION((0.,0.,1.));
#1094=IFCARBITRARYCLOSEDPROFILEDEF(.AREA.,$,#1092);
#1095=IFCCARTESIANPOINT((0.,-0.,0.));
#1096=IFCDIRECTION((0.,0.,1.));
#1097=IFCDIRECTION((1.,0.,0.));
#1098=IFCAXIS2PLACEMENT3D(#1095,#1096,#1097);
#1099=IFCEXTRUDEDAREASOLID(#1094,#1098,#1093,3.);
#1100=IFCSHAPEREPRESENTATION(#11,'Body','SweptSolid',(#1099));
#1101=IFCPRODUCTDEFINITIONSHAPE($,$,(#1100,#1105));
#1102=IFCSTYLEDITEM(#1099,(#51),'3D 1.000 1.000 1.000 alpha 1.000');
#1103=IFCCARTESIANPOINTLIST2D(((0.,0.),(3.,0.)));
#1104=IFCINDEXEDPOLYCURVE(#1103,$,.F.);
#1105=IFCSHAPEREPRESENTATION(#16,'Axis','Curve2D',(#1104));
#1106=IFCFURNITURE('1ZXnwbtZz8YRvyR_TKEGBX',$,'LG',$,'LG',#1111,#1118,$,.USERDEFINED.);
#1107=IFCCARTESIANPOINT((2.25,-0.20000000000000001,0.));
#1108=IFCDIRECTION((0.,0.,1.));
#1109=IFCDIRECTION((1.,0.,0.));
#1110=IFCAXIS2PLACEMENT3D(#1107,#1108,#1109);
#1111=IFCLOCALPLACEMENT(#39,#1110);
#1112=IFCCARTESIANPOINTLIST2D(((-0.40000000000000002,-0.20000000000000001),(0.40000000000000002,-0.20000000000000001),(0.40000000000000002,0.20000000000000001),(-0.40000000000000002,0.20000000000000001)));
#1113=IFCINDEXEDPOLYCURVE(#1112,$,$);
#1114=IFCDIRECTION((0.,0.,1.));
#1115=IFCARBITRARYCLOSEDPROFILEDEF(.AREA.,$,#1113);
#1116=IFCEXTRUDEDAREASOLID(#1115,$,#1114,1.);
#1117=IFCSHAPEREPRESENTATION(#11,'Body','SweptSolid',(#1116));
#1118=IFCPRODUCTDEFINITIONSHAPE($,$,(#1117,#1122));
#1119=IFCSTYLEDITEM(#1116,(#51),'3D 1.000 1.000 1.000 alpha 1.000');
#1120=IFCCARTESIANPOINTLIST2D(((-0.40000000000000002,-0.20000000000000001),(0.40000000000000002,-0.20000000000000001),(0.40000000000000002,0.20000000000000001),(-0.40000000000000002,0.20000000000000001),(-0.40000000000000002,-0.20000000000000001)));
#1121=IFCINDEXEDPOLYCURVE(#1120,$,.F.);
#1122=IFCSHAPEREPRESENTATION(#17,'Body','Curve2D',(#1121));
#1123=IFCANNOTATION('2twiWsLXvAWg538eH6N7RT',$,'LG Label',$,'TEXT',#1128,#1136);
#1124=IFCCARTESIANPOINT((2.25,-0.20000000000000001,0.));
#1125=IFCDIRECTION((0.,0.,1.));
#1126=IFCDIRECTION((1.,0.,0.));
#1127=IFCAXIS2PLACEMENT3D(#1124,#1125,#1126);
#1128=IFCLOCALPLACEMENT(#39,#1127);
#1129=IFCCARTESIANPOINT((0.,0.,0.));
#1130=IFCDIRECTION((0.,0.,1.));
#1131=IFCDIRECTION((1.,0.,0.));
#1132=IFCAXIS2PLACEMENT3D(#1129,#1130,#1131);
#1133=IFCPLANAREXTENT(0.80000000000000004,0.40000000000000002);
#1134=IFCTEXTLITERALWITHEXTENT('LG',#1132,.RIGHT.,#1133,'center');
#1135=IFCSHAPEREPRESENTATION(#18,'Annotation','Annotation2D',(#1134));
#1136=IFCPRODUCTDEFINITIONSHAPE($,$,(#1135));
#1137=IFCPROPERTYSET('0FdBy8IkX9OOWUeDjGwHqo',$,'EPset_Annotation',$,(#1139));
#1138=IFCRELDEFINESBYPROPERTIES('2kY1OfNfH5GQ8c54fAPVLD',$,$,$,(#1123),#1137);
#1139=IFCPROPERTYSINGLEVALUE('Classes',$,IFCLABEL('furniture-label small'),$);
#1140=IFCRELASSIGNSTOPRODUCT('0HyvDHaHT31Q$ClCRU_ujb',$,$,$,(#1123),$,#1106);
#1141=IFCWALL('2jUGzqVOD5zB5qrtL6ebj3',$,'Wall 8',$,$,#1150,#1161,$,$);
#1144=IFCMATERIALLAYERSETUSAGE(#55,.AXIS2.,.NEGATIVE.,0.115,$);
#1145=IFCRELASSOCIATESMATERIAL('10cEaJT7j2k9bptjdzAy6W',$,$,$,(#1141),#1144);
#1146=IFCCARTESIANPOINT((8.,2.,0.));
#1147=IFCDIRECTION((0.,0.,1.));
#1148=IFCDIRECTION((-1.,1.2246467991473532E-16,0.));
#1149=IFCAXIS2PLACEMENT3D(#1146,#1147,#1148);
#1150=IFCLOCALPLACEMENT(#39,#1149);
#1151=IFCCARTESIANPOINTLIST2D(((0.,0.),(0.,0.115),(4.5,0.115),(4.5,0.),(0.,0.)));
#1152=IFCINDEXEDPOLYCURVE(#1151,$,.F.);
#1153=IFCDIRECTION((0.,0.,1.));
#1154=IFCARBITRARYCLOSEDPROFILEDEF(.AREA.,$,#1152);
#1155=IFCCARTESIANPOINT((0.,-0.,0.));
#1156=IFCDIRECTION((0.,0.,1.));
#1157=IFCDIRECTION((1.,0.,0.));
#1158=IFCAXIS2PLACEMENT3D(#1155,#1156,#1157);
#1159=IFCEXTRUDEDAREASOLID(#1154,#1158,#1153,3.);
#1160=IFCSHAPEREPRESENTATION(#11,'Body','SweptSolid',(#1159));
#1161=IFCPRODUCTDEFINITIONSHAPE($,$,(#1160,#1165));
#1162=IFCSTYLEDITEM(#1159,(#51),'3D 1.000 1.000 1.000 alpha 1.000');
#1163=IFCCARTESIANPOINTLIST2D(((0.,0.),(4.5,0.)));
#1164=IFCINDEXEDPOLYCURVE(#1163,$,.F.);
#1165=IFCSHAPEREPRESENTATION(#16,'Axis','Curve2D',(#1164));
#1166=IFCOPENINGELEMENT('0ExAOLNNX0q8$rkM1TiegZ',$,'Door 2 Opening',$,$,#1183,#1177,$,.OPENING.);
#1167=IFCCARTESIANPOINTLIST2D(((0.,0.),(0.,0.21500000000000002),(1.,0.21500000000000002),(1.,0.),(0.,0.)));
#1168=IFCINDEXEDPOLYCURVE(#1167,$,.F.);
#1169=IFCDIRECTION((0.,0.,1.));
#1170=IFCARBITRARYCLOSEDPROFILEDEF(.AREA.,$,#1168);
#1171=IFCCARTESIANPOINT((0.,-0.050000000000000003,0.));
#1172=IFCDIRECTION((0.,0.,1.));
#1173=IFCDIRECTION((1.,0.,0.));
#1174=IFCAXIS2PLACEMENT3D(#1171,#1172,#1173);
#1175=IFCEXTRUDEDAREASOLID(#1170,#1174,#1169,2.375);
#1176=IFCSHAPEREPRESENTATION(#11,'Body','SweptSolid',(#1175));
#1177=IFCPRODUCTDEFINITIONSHAPE($,$,(#1176));
#1178=IFCRELVOIDSELEMENT('1UjTFWaHD7XgCEhM_RzTXW',$,$,$,#1141,#1166);
#1179=IFCCARTESIANPOINT((1.,0.,0.20000000000000001));
#1180=IFCDIRECTION((0.,0.,1.));
#1181=IFCDIRECTION((1.,1.2246467991473532E-16,0.));
#1182=IFCAXIS2PLACEMENT3D(#1179,#1180,#1181);
#1183=IFCLOCALPLACEMENT(#1150,#1182);
#1184=IFCDOOR('19Dj7jG3z4jBqOt_rcN3MU',$,'Door 2',$,$,#1296,#1185,$,2.375,0.90000000000000002,.DOOR.,.SINGLE_SWING_LEFT.,$);
#1185=IFCPRODUCTDEFINITIONSHAPE($,$,(#1258,#1290));
#1186=IFCCARTESIANPOINTLIST2D(((0.,0.),(0.,2.375),(0.90000000000000002,2.375),(0.90000000000000002,0.),(0.875,0.),(0.875,2.3500000000000001),(0.025000000000000001,2.3500000000000001),(0.025000000000000001,0.)));
#1187=IFCINDEXEDPOLYCURVE(#1186,(IFCLINEINDEX((1,2,3,4,5,6,7,8,1))),$);
#1188=IFCARBITRARYCLOSEDPROFILEDEF(.AREA.,$,#1187);
#1189=IFCCARTESIANPOINT((0.,0.025000000000000001,0.));
#1190=IFCDIRECTION((0.,-1.,0.));
#1191=IFCDIRECTION((1.,0.,0.));
#1192=IFCAXIS2PLACEMENT3D(#1189,#1190,#1191);
#1193=IFCDIRECTION((0.,0.,-1.));
#1194=IFCEXTRUDEDAREASOLID(#1188,#1192,#1193,0.089999999999999997);
#1195=IFCCARTESIANPOINTLIST2D(((0.,0.),(0.,2.375),(0.90000000000000002,2.375),(0.90000000000000002,0.),(0.84999999999999998,0.),(0.84999999999999998,2.3250000000000002),(0.050000000000000003,2.3250000000000002),(0.050000000000000003,0.)));
#1196=IFCINDEXEDPOLYCURVE(#1195,(IFCLINEINDEX((1,2,3,4,5,6,7,8,1))),$);
#1197=IFCARBITRARYCLOSEDPROFILEDEF(.AREA.,$,#1196);
#1198=IFCCARTESIANPOINT((0.,0.,0.));
#1199=IFCDIRECTION((0.,-1.,0.));
#1200=IFCDIRECTION((1.,0.,0.));
#1201=IFCAXIS2PLACEMENT3D(#1198,#1199,#1200);
#1202=IFCDIRECTION((0.,0.,-1.));
#1203=IFCEXTRUDEDAREASOLID(#1197,#1201,#1202,0.025000000000000001);
#1204=IFCCARTESIANPOINTLIST2D(((0.,0.),(0.80000000000000004,0.),(0.80000000000000004,0.10000000000000001),(0.,0.10000000000000001)));
#1205=IFCINDEXEDPOLYCURVE(#1204,(IFCLINEINDEX((1,2,3,4,1))),$);
#1206=IFCARBITRARYCLOSEDPROFILEDEF(.AREA.,$,#1205);
#1207=IFCCARTESIANPOINT((0.050000000000000003,0.,0.));
#1208=IFCDIRECTION((0.,0.,1.));
#1209=IFCDIRECTION((1.,0.,0.));
#1210=IFCAXIS2PLACEMENT3D(#1207,#1208,#1209);
#1211=IFCDIRECTION((0.,0.,1.));
#1212=IFCEXTRUDEDAREASOLID(#1206,#1210,#1211,0.025000000000000001);
#1213=IFCCARTESIANPOINTLIST2D(((0.,0.),(0.,2.3999999999999999),(0.94999999999999996,2.3999999999999999),(0.94999999999999996,0.),(0.875,0.),(0.875,2.3249999999999997),(0.074999999999999997,2.3249999999999997),(0.074999999999999997,0.)));
#1214=IFCINDEXEDPOLYCURVE(#1213,(IFCLINEINDEX((1,2,3,4,5,6,7,8,1))),$);
#1215=IFCARBITRARYCLOSEDPROFILEDEF(.AREA.,$,#1214);
#1216=IFCCARTESIANPOINT((-0.024999999999999994,-0.0050000000000000001,0.));
#1217=IFCDIRECTION((0.,-1.,0.));
#1218=IFCDIRECTION((1.,0.,0.));
#1219=IFCAXIS2PLACEMENT3D(#1216,#1217,#1218);
#1220=IFCDIRECTION((0.,0.,-1.));
#1221=IFCEXTRUDEDAREASOLID(#1215,#1219,#1220,0.0050000000000000001);
#1222=IFCCARTESIANPOINTLIST2D(((0.,0.),(0.,2.3999999999999999),(0.94999999999999996,2.3999999999999999),(0.94999999999999996,0.),(0.89999999999999991,0.),(0.89999999999999991,2.3500000000000001),(0.049999999999999996,2.3500000000000001),(0.049999999999999996,0.)));
#1223=IFCINDEXEDPOLYCURVE(#1222,(IFCLINEINDEX((1,2,3,4,5,6,7,8,1))),$);
#1224=IFCARBITRARYCLOSEDPROFILEDEF(.AREA.,$,#1223);
#1225=IFCCARTESIANPOINT((-0.024999999999999994,0.115,0.));
#1226=IFCDIRECTION((0.,-1.,0.));
#1227=IFCDIRECTION((1.,0.,0.));
#1228=IFCAXIS2PLACEMENT3D(#1225,#1226,#1227);
#1229=IFCDIRECTION((0.,0.,-1.));
#1230=IFCEXTRUDEDAREASOLID(#1224,#1228,#1229,0.0050000000000000001);
#1231=IFCCARTESIANPOINTLIST2D(((0.,0.),(0.84999999999999998,0.),(0.84999999999999998,0.035000000000000003),(0.,0.035000000000000003)));
#1232=IFCINDEXEDPOLYCURVE(#1231,(IFCLINEINDEX((1,2,3,4,1))),$);
#1233=IFCARBITRARYCLOSEDPROFILEDEF(.AREA.,$,#1232);
#1234=IFCCARTESIANPOINT((0.025000000000000001,0.025000000000000001,0.025000000000000001));
#1235=IFCDIRECTION((0.,0.,1.));
#1236=IFCDIRECTION((1.,0.,0.));
#1237=IFCAXIS2PLACEMENT3D(#1234,#1271,#1272);
#1238=IFCDIRECTION((0.,0.,1.));
#1239=IFCEXTRUDEDAREASOLID(#1233,#1237,#1238,2.3250000000000002);
#1240=IFCCARTESIANPOINTLIST2D(((0.,0.),(0.,-0.040000000000000001),(-0.11999999999999988,-0.040000000000000001),(-0.11999999999999988,-0.02),(-0.020000000000000018,-0.02),(-0.020000000000000018,0.)));
#1241=IFCINDEXEDPOLYCURVE(#1240,(IFCLINEINDEX((1,2,3,4,5,6,1))),$);
#1242=IFCARBITRARYCLOSEDPROFILEDEF(.AREA.,$,#1241);
#1243=IFCCARTESIANPOINT((0.59068542494923804,0.59068542494923792,1.0149999999999999));
#1244=IFCDIRECTION((0.,0.,1.));
#1245=IFCDIRECTION((1.,0.,0.));
#1246=IFCAXIS2PLACEMENT3D(#1243,#1273,#1274);
#1247=IFCDIRECTION((0.,0.,1.));
#1248=IFCEXTRUDEDAREASOLID(#1242,#1246,#1247,0.02);
#1249=IFCEXTRUDEDAREASOLID(#1250,#1253,#1257,0.02);
#1250=IFCARBITRARYCLOSEDPROFILEDEF(.AREA.,$,#1251);
#1251=IFCINDEXEDPOLYCURVE(#1252,(IFCLINEINDEX((1,2,3,4,5,6,1))),$);
#1252=IFCCARTESIANPOINTLIST2D(((0.,0.),(0.,0.040000000000000001),(-0.11999999999999988,0.040000000000000001),(-0.11999999999999988,0.020000000000000011),(-0.020000000000000018,0.020000000000000011),(-0.020000000000000018,0.)));
#1253=IFCAXIS2PLACEMENT3D(#1254,#1275,#1276);
#1254=IFCCARTESIANPOINT((0.56593668760770888,0.61543416229076708,1.0149999999999999));
#1255=IFCDIRECTION((0.,0.,1.));
#1256=IFCDIRECTION((1.,0.,0.));
#1257=IFCDIRECTION((0.,0.,1.));
#1258=IFCSHAPEREPRESENTATION(#11,'Body','SweptSolid',(#1194,#1203,#1239,#1248,#1249,#1212,#1221,#1230));
#1259=IFCSHAPEREPRESENTATION(#11,'Body','SweptSolid',(#1194,#1203,#1212,#1221,#1230));
#1260=IFCSHAPEASPECT((#1259),'Lining',$,.T.,#1185);
#1261=IFCSHAPEREPRESENTATION(#11,'Body','SweptSolid',(#1239,#1248,#1249));
#1262=IFCSHAPEASPECT((#1261),'Framing',$,.T.,#1185);
#1263=IFCSTYLEDITEM(#1194,(#447),'3D 0.545 0.353 0.169 alpha 1.000');
#1264=IFCSTYLEDITEM(#1203,(#447),'3D 0.545 0.353 0.169 alpha 1.000');
#1265=IFCSTYLEDITEM(#1239,(#447),'3D 0.545 0.353 0.169 alpha 1.000');
#1266=IFCSTYLEDITEM(#1248,(#447),'3D 0.545 0.353 0.169 alpha 1.000');
#1267=IFCSTYLEDITEM(#1249,(#447),'3D 0.545 0.353 0.169 alpha 1.000');
#1268=IFCSTYLEDITEM(#1212,(#447),'3D 0.545 0.353 0.169 alpha 1.000');
#1269=IFCSTYLEDITEM(#1221,(#447),'3D 0.545 0.353 0.169 alpha 1.000');
#1270=IFCSTYLEDITEM(#1230,(#447),'3D 0.545 0.353 0.169 alpha 1.000');
#1271=IFCDIRECTION((0.,0.,1.));
#1272=IFCDIRECTION((0.70710678118654757,0.70710678118654746,0.));
#1273=IFCDIRECTION((0.,0.,1.));
#1274=IFCDIRECTION((0.70710678118654757,0.70710678118654746,0.));
#1275=IFCDIRECTION((0.,0.,1.));
#1276=IFCDIRECTION((0.70710678118654757,0.70710678118654746,0.));
#1277=IFCCARTESIANPOINTLIST2D(((0.,0.),(0.,0.115),(0.025000000000000001,0.115),(0.025000000000000001,0.025000000000000001),(0.050000000000000003,0.025000000000000001),(0.050000000000000003,0.)));
#1278=IFCINDEXEDPOLYCURVE(#1277,(IFCLINEINDEX((1,2,3,4,5,6,1))),$);
#1279=IFCINDEXEDPOLYCURVE(#1280,(IFCLINEINDEX((1,2,3,4,5,6,1))),$);
#1280=IFCCARTESIANPOINTLIST2D(((0.90000000000000002,0.),(0.90000000000000002,0.115),(0.875,0.115),(0.875,0.025000000000000001),(0.85000000000000009,0.025000000000000001),(0.85000000000000009,0.)));
#1281=IFCDIRECTION((1.,0.));
#1282=IFCCARTESIANPOINT((0.060000000000000005,0.115));
#1283=IFCAXIS2PLACEMENT2D(#1282,#1281);
#1284=IFCELLIPSE(#1283,0.81499999999999995,0.84999999999999998);
#1285=IFCCARTESIANPOINT((0.875,0.115));
#1286=IFCCARTESIANPOINT((0.060000000000000005,0.96499999999999997));
#1287=IFCTRIMMEDCURVE(#1284,(#1285),(#1286),.T.,.CARTESIAN.);
#1288=IFCCARTESIANPOINTLIST2D(((0.025000000000000001,0.115),(0.060000000000000005,0.115),(0.060000000000000005,0.96499999999999997),(0.025000000000000001,0.96499999999999997)));
#1289=IFCINDEXEDPOLYCURVE(#1288,(IFCLINEINDEX((1,2,3,4,1))),$);
#1290=IFCSHAPEREPRESENTATION(#17,'Body','Curve2D',(#1278,#1279,#1287,#1289));
#1291=IFCRELFILLSELEMENT('1r0zMPRLD2TAk9LjO$hUUY',$,$,$,#1166,#1184);
#1292=IFCCARTESIANPOINT((0.049999999999999822,0.,0.));
#1293=IFCDIRECTION((0.,0.,1.));
#1294=IFCDIRECTION((1.,0.,0.));
#1295=IFCAXIS2PLACEMENT3D(#1292,#1293,#1294);
#1296=IFCLOCALPLACEMENT(#1183,#1295);
#1297=IFCANNOTATION('0CSGZPjOT0nRZLUWsLu9RO',$,'Door 2 Overhead',$,'LINEWORK',#1306,#1301);
#1298=IFCCARTESIANPOINTLIST2D(((0.,0.057500000000000002),(1.,0.057500000000000002)));
#1299=IFCINDEXEDPOLYCURVE(#1298,$,.F.);
#1300=IFCSHAPEREPRESENTATION(#18,'Annotation','Curve2D',(#1299));
#1301=IFCPRODUCTDEFINITIONSHAPE($,$,(#1300));
#1302=IFCCARTESIANPOINT((7.,2.,0.));
#1303=IFCDIRECTION((0.,0.,1.));
#1304=IFCDIRECTION((-1.,0.,0.));
#1305=IFCAXIS2PLACEMENT3D(#1302,#1303,#1304);
#1306=IFCLOCALPLACEMENT(#39,#1305);
#1307=IFCPROPERTYSET('3iICuAo2PD3w4wob4Mkrh4',$,'EPset_Annotation',$,(#1309));
#1308=IFCRELDEFINESBYPROPERTIES('3POlJpyBT2sfaxM_Y1qBUj',$,$,$,(#1297),#1307);
#1309=IFCPROPERTYSINGLEVALUE('Classes',$,IFCLABEL('dashed'),$);
#1310=IFCOPENINGELEMENT('1KzX2Wk2fAmum8y8FfpTVo',$,'Door 3 Opening',$,$,#1327,#1321,$,.OPENING.);
#1311=IFCCARTESIANPOINTLIST2D(((0.,0.),(0.,0.34999999999999998),(1.,0.34999999999999998),(1.,0.),(0.,0.)));
#1312=IFCINDEXEDPOLYCURVE(#1311,$,.F.);
#1313=IFCDIRECTION((0.,0.,1.));
#1314=IFCARBITRARYCLOSEDPROFILEDEF(.AREA.,$,#1312);
#1315=IFCCARTESIANPOINT((0.,-0.050000000000000003,0.));
#1316=IFCDIRECTION((0.,0.,1.));
#1317=IFCDIRECTION((1.,0.,0.));
#1318=IFCAXIS2PLACEMENT3D(#1315,#1316,#1317);
#1319=IFCEXTRUDEDAREASOLID(#1314,#1318,#1313,2.375);
#1320=IFCSHAPEREPRESENTATION(#11,'Body','SweptSolid',(#1319));
#1321=IFCPRODUCTDEFINITIONSHAPE($,$,(#1320));
#1322=IFCRELVOIDSELEMENT('0vg0C74GP2phYJWhM9z4_h',$,$,$,#165,#1310);
#1323=IFCCARTESIANPOINT((4.75,4.4408920985006262E-16,0.20000000000000001));
#1324=IFCDIRECTION((0.,0.,1.));
#1325=IFCDIRECTION((1.,6.123233995736766E-17,0.));
#1326=IFCAXIS2PLACEMENT3D(#1323,#1324,#1325);
#1327=IFCLOCALPLACEMENT(#174,#1326);
#1328=IFCDOOR('2GOqx2Z4v3$9bcgPTYpJJC',$,'Door 3',$,$,#1440,#1329,$,2.375,0.90000000000000002,.DOOR.,.SINGLE_SWING_LEFT.,$);
#1329=IFCPRODUCTDEFINITIONSHAPE($,$,(#1402,#1434));
#1330=IFCCARTESIANPOINTLIST2D(((0.,0.),(0.,2.375),(0.90000000000000002,2.375),(0.90000000000000002,0.),(0.875,0.),(0.875,2.3500000000000001),(0.025000000000000001,2.3500000000000001),(0.025000000000000001,0.)));
#1331=IFCINDEXEDPOLYCURVE(#1330,(IFCLINEINDEX((1,2,3,4,5,6,7,8,1))),$);
#1332=IFCARBITRARYCLOSEDPROFILEDEF(.AREA.,$,#1331);
#1333=IFCCARTESIANPOINT((0.,0.025000000000000001,0.));
#1334=IFCDIRECTION((0.,-1.,0.));
#1335=IFCDIRECTION((1.,0.,0.));
#1336=IFCAXIS2PLACEMENT3D(#1333,#1334,#1335);
#1337=IFCDIRECTION((0.,0.,-1.));
#1338=IFCEXTRUDEDAREASOLID(#1332,#1336,#1337,0.22500000000000001);
#1339=IFCCARTESIANPOINTLIST2D(((0.,0.),(0.,2.375),(0.90000000000000002,2.375),(0.90000000000000002,0.),(0.84999999999999998,0.),(0.84999999999999998,2.3250000000000002),(0.050000000000000003,2.3250000000000002),(0.050000000000000003,0.)));
#1340=IFCINDEXEDPOLYCURVE(#1339,(IFCLINEINDEX((1,2,3,4,5,6,7,8,1))),$);
#1341=IFCARBITRARYCLOSEDPROFILEDEF(.AREA.,$,#1340);
#1342=IFCCARTESIANPOINT((0.,0.,0.));
#1343=IFCDIRECTION((0.,-1.,0.));
#1344=IFCDIRECTION((1.,0.,0.));
#1345=IFCAXIS2PLACEMENT3D(#1342,#1343,#1344);
#1346=IFCDIRECTION((0.,0.,-1.));
#1347=IFCEXTRUDEDAREASOLID(#1341,#1345,#1346,0.025000000000000001);
#1348=IFCCARTESIANPOINTLIST2D(((0.,0.),(0.80000000000000004,0.),(0.80000000000000004,0.10000000000000001),(0.,0.10000000000000001)));
#1349=IFCINDEXEDPOLYCURVE(#1348,(IFCLINEINDEX((1,2,3,4,1))),$);
#1350=IFCARBITRARYCLOSEDPROFILEDEF(.AREA.,$,#1349);
#1351=IFCCARTESIANPOINT((0.050000000000000003,0.,0.));
#1352=IFCDIRECTION((0.,0.,1.));
#1353=IFCDIRECTION((1.,0.,0.));
#1354=IFCAXIS2PLACEMENT3D(#1351,#1352,#1353);
#1355=IFCDIRECTION((0.,0.,1.));
#1356=IFCEXTRUDEDAREASOLID(#1350,#1354,#1355,0.025000000000000001);
#1357=IFCCARTESIANPOINTLIST2D(((0.,0.),(0.,2.3999999999999999),(0.94999999999999996,2.3999999999999999),(0.94999999999999996,0.),(0.875,0.),(0.875,2.3249999999999997),(0.074999999999999997,2.3249999999999997),(0.074999999999999997,0.)));
#1358=IFCINDEXEDPOLYCURVE(#1357,(IFCLINEINDEX((1,2,3,4,5,6,7,8,1))),$);
#1359=IFCARBITRARYCLOSEDPROFILEDEF(.AREA.,$,#1358);
#1360=IFCCARTESIANPOINT((-0.024999999999999994,-0.0050000000000000001,0.));
#1361=IFCDIRECTION((0.,-1.,0.));
#1362=IFCDIRECTION((1.,0.,0.));
#1363=IFCAXIS2PLACEMENT3D(#1360,#1361,#1362);
#1364=IFCDIRECTION((0.,0.,-1.));
#1365=IFCEXTRUDEDAREASOLID(#1359,#1363,#1364,0.0050000000000000001);
#1366=IFCCARTESIANPOINTLIST2D(((0.,0.),(0.,2.3999999999999999),(0.94999999999999996,2.3999999999999999),(0.94999999999999996,0.),(0.89999999999999991,0.),(0.89999999999999991,2.3500000000000001),(0.049999999999999996,2.3500000000000001),(0.049999999999999996,0.)));
#1367=IFCINDEXEDPOLYCURVE(#1366,(IFCLINEINDEX((1,2,3,4,5,6,7,8,1))),$);
#1368=IFCARBITRARYCLOSEDPROFILEDEF(.AREA.,$,#1367);
#1369=IFCCARTESIANPOINT((-0.024999999999999994,0.25,0.));
#1370=IFCDIRECTION((0.,-1.,0.));
#1371=IFCDIRECTION((1.,0.,0.));
#1372=IFCAXIS2PLACEMENT3D(#1369,#1370,#1371);
#1373=IFCDIRECTION((0.,0.,-1.));
#1374=IFCEXTRUDEDAREASOLID(#1368,#1372,#1373,0.0050000000000000001);
#1375=IFCCARTESIANPOINTLIST2D(((0.,0.),(0.84999999999999998,0.),(0.84999999999999998,0.035000000000000003),(0.,0.035000000000000003)));
#1376=IFCINDEXEDPOLYCURVE(#1375,(IFCLINEINDEX((1,2,3,4,1))),$);
#1377=IFCARBITRARYCLOSEDPROFILEDEF(.AREA.,$,#1376);
#1378=IFCCARTESIANPOINT((0.025000000000000001,0.025000000000000001,0.025000000000000001));
#1379=IFCDIRECTION((0.,0.,1.));
#1380=IFCDIRECTION((1.,0.,0.));
#1381=IFCAXIS2PLACEMENT3D(#1378,#1415,#1416);
#1382=IFCDIRECTION((0.,0.,1.));
#1383=IFCEXTRUDEDAREASOLID(#1377,#1381,#1382,2.3250000000000002);
#1384=IFCCARTESIANPOINTLIST2D(((0.,0.),(0.,-0.040000000000000001),(-0.11999999999999988,-0.040000000000000001),(-0.11999999999999988,-0.02),(-0.020000000000000018,-0.02),(-0.020000000000000018,0.)));
#1385=IFCINDEXEDPOLYCURVE(#1384,(IFCLINEINDEX((1,2,3,4,5,6,1))),$);
#1386=IFCARBITRARYCLOSEDPROFILEDEF(.AREA.,$,#1385);
#1387=IFCCARTESIANPOINT((0.59068542494923804,0.59068542494923792,1.0149999999999999));
#1388=IFCDIRECTION((0.,0.,1.));
#1389=IFCDIRECTION((1.,0.,0.));
#1390=IFCAXIS2PLACEMENT3D(#1387,#1417,#1418);
#1391=IFCDIRECTION((0.,0.,1.));
#1392=IFCEXTRUDEDAREASOLID(#1386,#1390,#1391,0.02);
#1393=IFCEXTRUDEDAREASOLID(#1394,#1397,#1401,0.02);
#1394=IFCARBITRARYCLOSEDPROFILEDEF(.AREA.,$,#1395);
#1395=IFCINDEXEDPOLYCURVE(#1396,(IFCLINEINDEX((1,2,3,4,5,6,1))),$);
#1396=IFCCARTESIANPOINTLIST2D(((0.,0.),(0.,0.040000000000000001),(-0.11999999999999988,0.040000000000000001),(-0.11999999999999988,0.020000000000000011),(-0.020000000000000018,0.020000000000000011),(-0.020000000000000018,0.)));
#1397=IFCAXIS2PLACEMENT3D(#1398,#1419,#1420);
#1398=IFCCARTESIANPOINT((0.56593668760770888,0.61543416229076708,1.0149999999999999));
#1399=IFCDIRECTION((0.,0.,1.));
#1400=IFCDIRECTION((1.,0.,0.));
#1401=IFCDIRECTION((0.,0.,1.));
#1402=IFCSHAPEREPRESENTATION(#11,'Body','SweptSolid',(#1338,#1347,#1383,#1392,#1393,#1356,#1365,#1374));
#1403=IFCSHAPEREPRESENTATION(#11,'Body','SweptSolid',(#1338,#1347,#1356,#1365,#1374));
#1404=IFCSHAPEASPECT((#1403),'Lining',$,.T.,#1329);
#1405=IFCSHAPEREPRESENTATION(#11,'Body','SweptSolid',(#1383,#1392,#1393));
#1406=IFCSHAPEASPECT((#1405),'Framing',$,.T.,#1329);
#1407=IFCSTYLEDITEM(#1338,(#447),'3D 0.545 0.353 0.169 alpha 1.000');
#1408=IFCSTYLEDITEM(#1347,(#447),'3D 0.545 0.353 0.169 alpha 1.000');
#1409=IFCSTYLEDITEM(#1383,(#447),'3D 0.545 0.353 0.169 alpha 1.000');
#1410=IFCSTYLEDITEM(#1392,(#447),'3D 0.545 0.353 0.169 alpha 1.000');
#1411=IFCSTYLEDITEM(#1393,(#447),'3D 0.545 0.353 0.169 alpha 1.000');
#1412=IFCSTYLEDITEM(#1356,(#447),'3D 0.545 0.353 0.169 alpha 1.000');
#1413=IFCSTYLEDITEM(#1365,(#447),'3D 0.545 0.353 0.169 alpha 1.000');
#1414=IFCSTYLEDITEM(#1374,(#447),'3D 0.545 0.353 0.169 alpha 1.000');
#1415=IFCDIRECTION((0.,0.,1.));
#1416=IFCDIRECTION((0.70710678118654757,0.70710678118654746,0.));
#1417=IFCDIRECTION((0.,0.,1.));
#1418=IFCDIRECTION((0.70710678118654757,0.70710678118654746,0.));
#1419=IFCDIRECTION((0.,0.,1.));
#1420=IFCDIRECTION((0.70710678118654757,0.70710678118654746,0.));
#1421=IFCCARTESIANPOINTLIST2D(((0.,0.),(0.,0.25),(0.025000000000000001,0.25),(0.025000000000000001,0.025000000000000001),(0.050000000000000003,0.025000000000000001),(0.050000000000000003,0.)));
#1422=IFCINDEXEDPOLYCURVE(#1421,(IFCLINEINDEX((1,2,3,4,5,6,1))),$);
#1423=IFCINDEXEDPOLYCURVE(#1424,(IFCLINEINDEX((1,2,3,4,5,6,1))),$);
#1424=IFCCARTESIANPOINTLIST2D(((0.90000000000000002,0.),(0.90000000000000002,0.25),(0.875,0.25),(0.875,0.025000000000000001),(0.85000000000000009,0.025000000000000001),(0.85000000000000009,0.)));
#1425=IFCDIRECTION((1.,0.));
#1426=IFCCARTESIANPOINT((0.060000000000000005,0.25));
#1427=IFCAXIS2PLACEMENT2D(#1426,#1425);
#1428=IFCELLIPSE(#1427,0.81499999999999995,0.84999999999999998);
#1429=IFCCARTESIANPOINT((0.875,0.25));
#1430=IFCCARTESIANPOINT((0.060000000000000005,1.1000000000000001));
#1431=IFCTRIMMEDCURVE(#1428,(#1429),(#1430),.T.,.CARTESIAN.);
#1432=IFCCARTESIANPOINTLIST2D(((0.025000000000000001,0.25),(0.060000000000000005,0.25),(0.060000000000000005,1.1000000000000001),(0.025000000000000001,1.1000000000000001)));
#1433=IFCINDEXEDPOLYCURVE(#1432,(IFCLINEINDEX((1,2,3,4,1))),$);
#1434=IFCSHAPEREPRESENTATION(#17,'Body','Curve2D',(#1422,#1423,#1431,#1433));
#1435=IFCRELFILLSELEMENT('0cTJauPv5CLfU1LI$TZNG2',$,$,$,#1310,#1328);
#1436=IFCCARTESIANPOINT((0.049999999999999822,0.,0.));
#1437=IFCDIRECTION((0.,0.,1.));
#1438=IFCDIRECTION((1.,0.,0.));
#1439=IFCAXIS2PLACEMENT3D(#1436,#1437,#1438);
#1440=IFCLOCALPLACEMENT(#1327,#1439);
#1441=IFCANNOTATION('2KWZVF9ADBn9rueSDkByZt',$,'Door 3 Overhead',$,'LINEWORK',#1450,#1445);
#1442=IFCCARTESIANPOINTLIST2D(((0.,0.125),(1.,0.125)));
#1443=IFCINDEXEDPOLYCURVE(#1442,$,.F.);
#1444=IFCSHAPEREPRESENTATION(#18,'Annotation','Curve2D',(#1443));
#1445=IFCPRODUCTDEFINITIONSHAPE($,$,(#1444));
#1446=IFCCARTESIANPOINT((3.5,4.75,0.));
#1447=IFCDIRECTION((0.,0.,1.));
#1448=IFCDIRECTION((0.,1.,0.));
#1449=IFCAXIS2PLACEMENT3D(#1446,#1447,#1448);
#1450=IFCLOCALPLACEMENT(#39,#1449);
#1451=IFCPROPERTYSET('3HxIo7iEPE3f7dqb_8957p',$,'EPset_Annotation',$,(#1453));
#1452=IFCRELDEFINESBYPROPERTIES('0IuoYlgvT5MR0gMpm5s0yN',$,$,$,(#1441),#1451);
#1453=IFCPROPERTYSINGLEVALUE('Classes',$,IFCLABEL('dashed'),$);
#1454=IFCOPENINGELEMENT('1rd3zNflLBZAB5_uyZ55L2',$,'Door 4 Opening',$,$,#1471,#1465,$,.OPENING.);
#1455=IFCCARTESIANPOINTLIST2D(((0.,0.),(0.,0.34999999999999998),(1.,0.34999999999999998),(1.,0.),(0.,0.)));
#1456=IFCINDEXEDPOLYCURVE(#1455,$,.F.);
#1457=IFCDIRECTION((0.,0.,1.));
#1458=IFCARBITRARYCLOSEDPROFILEDEF(.AREA.,$,#1456);
#1459=IFCCARTESIANPOINT((0.,-0.050000000000000003,0.));
#1460=IFCDIRECTION((0.,0.,1.));
#1461=IFCDIRECTION((1.,0.,0.));
#1462=IFCAXIS2PLACEMENT3D(#1459,#1460,#1461);
#1463=IFCEXTRUDEDAREASOLID(#1458,#1462,#1457,2.125);
#1464=IFCSHAPEREPRESENTATION(#11,'Body','SweptSolid',(#1463));
#1465=IFCPRODUCTDEFINITIONSHAPE($,$,(#1464));
#1466=IFCRELVOIDSELEMENT('3TyRHMySH4NAotiT2VynXe',$,$,$,#165,#1454);
#1467=IFCCARTESIANPOINT((0.75,0.,0.20000000000000001));
#1468=IFCDIRECTION((0.,0.,1.));
#1469=IFCDIRECTION((1.,6.123233995736766E-17,0.));
#1470=IFCAXIS2PLACEMENT3D(#1467,#1468,#1469);
#1471=IFCLOCALPLACEMENT(#174,#1470);
#1472=IFCDOOR('045mKGsun0_uTuU_CR9P0H',$,'Door 4',$,$,#1584,#1473,$,2.125,1.,.DOOR.,.SINGLE_SWING_LEFT.,$);
#1473=IFCPRODUCTDEFINITIONSHAPE($,$,(#1546,#1578));
#1474=IFCCARTESIANPOINTLIST2D(((0.,0.),(0.,2.125),(1.,2.125),(1.,0.),(0.97499999999999998,0.),(0.97499999999999998,2.1000000000000001),(0.025000000000000001,2.1000000000000001),(0.025000000000000001,0.)));
#1475=IFCINDEXEDPOLYCURVE(#1474,(IFCLINEINDEX((1,2,3,4,5,6,7,8,1))),$);
#1476=IFCARBITRARYCLOSEDPROFILEDEF(.AREA.,$,#1475);
#1477=IFCCARTESIANPOINT((0.,0.025000000000000001,0.));
#1478=IFCDIRECTION((0.,-1.,0.));
#1479=IFCDIRECTION((1.,0.,0.));
#1480=IFCAXIS2PLACEMENT3D(#1477,#1478,#1479);
#1481=IFCDIRECTION((0.,0.,-1.));
#1482=IFCEXTRUDEDAREASOLID(#1476,#1480,#1481,0.22500000000000001);
#1483=IFCCARTESIANPOINTLIST2D(((0.,0.),(0.,2.125),(1.,2.125),(1.,0.),(0.94999999999999996,0.),(0.94999999999999996,2.0750000000000002),(0.050000000000000003,2.0750000000000002),(0.050000000000000003,0.)));
#1484=IFCINDEXEDPOLYCURVE(#1483,(IFCLINEINDEX((1,2,3,4,5,6,7,8,1))),$);
#1485=IFCARBITRARYCLOSEDPROFILEDEF(.AREA.,$,#1484);
#1486=IFCCARTESIANPOINT((0.,0.,0.));
#1487=IFCDIRECTION((0.,-1.,0.));
#1488=IFCDIRECTION((1.,0.,0.));
#1489=IFCAXIS2PLACEMENT3D(#1486,#1487,#1488);
#1490=IFCDIRECTION((0.,0.,-1.));
#1491=IFCEXTRUDEDAREASOLID(#1485,#1489,#1490,0.025000000000000001);
#1492=IFCCARTESIANPOINTLIST2D(((0.,0.),(0.90000000000000002,0.),(0.90000000000000002,0.10000000000000001),(0.,0.10000000000000001)));
#1493=IFCINDEXEDPOLYCURVE(#1492,(IFCLINEINDEX((1,2,3,4,1))),$);
#1494=IFCARBITRARYCLOSEDPROFILEDEF(.AREA.,$,#1493);
#1495=IFCCARTESIANPOINT((0.050000000000000003,0.,0.));
#1496=IFCDIRECTION((0.,0.,1.));
#1497=IFCDIRECTION((1.,0.,0.));
#1498=IFCAXIS2PLACEMENT3D(#1495,#1496,#1497);
#1499=IFCDIRECTION((0.,0.,1.));
#1500=IFCEXTRUDEDAREASOLID(#1494,#1498,#1499,0.025000000000000001);
#1501=IFCCARTESIANPOINTLIST2D(((0.,0.),(0.,2.1499999999999999),(1.05,2.1499999999999999),(1.05,0.),(0.97500000000000009,0.),(0.97500000000000009,2.0749999999999997),(0.074999999999999997,2.0749999999999997),(0.074999999999999997,0.)));
#1502=IFCINDEXEDPOLYCURVE(#1501,(IFCLINEINDEX((1,2,3,4,5,6,7,8,1))),$);
#1503=IFCARBITRARYCLOSEDPROFILEDEF(.AREA.,$,#1502);
#1504=IFCCARTESIANPOINT((-0.024999999999999994,-0.0050000000000000001,0.));
#1505=IFCDIRECTION((0.,-1.,0.));
#1506=IFCDIRECTION((1.,0.,0.));
#1507=IFCAXIS2PLACEMENT3D(#1504,#1505,#1506);
#1508=IFCDIRECTION((0.,0.,-1.));
#1509=IFCEXTRUDEDAREASOLID(#1503,#1507,#1508,0.0050000000000000001);
#1510=IFCCARTESIANPOINTLIST2D(((0.,0.),(0.,2.1499999999999999),(1.05,2.1499999999999999),(1.05,0.),(1.,0.),(1.,2.1000000000000001),(0.049999999999999996,2.1000000000000001),(0.049999999999999996,0.)));
#1511=IFCINDEXEDPOLYCURVE(#1510,(IFCLINEINDEX((1,2,3,4,5,6,7,8,1))),$);
#1512=IFCARBITRARYCLOSEDPROFILEDEF(.AREA.,$,#1511);
#1513=IFCCARTESIANPOINT((-0.024999999999999994,0.25,0.));
#1514=IFCDIRECTION((0.,-1.,0.));
#1515=IFCDIRECTION((1.,0.,0.));
#1516=IFCAXIS2PLACEMENT3D(#1513,#1514,#1515);
#1517=IFCDIRECTION((0.,0.,-1.));
#1518=IFCEXTRUDEDAREASOLID(#1512,#1516,#1517,0.0050000000000000001);
#1519=IFCCARTESIANPOINTLIST2D(((0.,0.),(0.94999999999999996,0.),(0.94999999999999996,0.035000000000000003),(0.,0.035000000000000003)));
#1520=IFCINDEXEDPOLYCURVE(#1519,(IFCLINEINDEX((1,2,3,4,1))),$);
#1521=IFCARBITRARYCLOSEDPROFILEDEF(.AREA.,$,#1520);
#1522=IFCCARTESIANPOINT((0.025000000000000001,0.025000000000000001,0.025000000000000001));
#1523=IFCDIRECTION((0.,0.,1.));
#1524=IFCDIRECTION((1.,0.,0.));
#1525=IFCAXIS2PLACEMENT3D(#1522,#1559,#1560);
#1526=IFCDIRECTION((0.,0.,1.));
#1527=IFCEXTRUDEDAREASOLID(#1521,#1525,#1526,2.0750000000000002);
#1528=IFCCARTESIANPOINTLIST2D(((0.,0.),(0.,-0.040000000000000001),(-0.12000000000000011,-0.040000000000000001),(-0.12000000000000011,-0.02),(-0.020000000000000018,-0.02),(-0.020000000000000018,0.)));
#1529=IFCINDEXEDPOLYCURVE(#1528,(IFCLINEINDEX((1,2,3,4,5,6,1))),$);
#1530=IFCARBITRARYCLOSEDPROFILEDEF(.AREA.,$,#1529);
#1531=IFCCARTESIANPOINT((0.66139610306789276,-0.61139610306789272,1.0149999999999999));
#1532=IFCDIRECTION((0.,0.,1.));
#1533=IFCDIRECTION((1.,0.,0.));
#1534=IFCAXIS2PLACEMENT3D(#1531,#1561,#1562);
#1535=IFCDIRECTION((0.,0.,1.));
#1536=IFCEXTRUDEDAREASOLID(#1530,#1534,#1535,0.02);
#1537=IFCEXTRUDEDAREASOLID(#1538,#1541,#1545,0.02);
#1538=IFCARBITRARYCLOSEDPROFILEDEF(.AREA.,$,#1539);
#1539=IFCINDEXEDPOLYCURVE(#1540,(IFCLINEINDEX((1,2,3,4,5,6,1))),$);
#1540=IFCCARTESIANPOINTLIST2D(((0.,0.),(0.,0.040000000000000001),(-0.12000000000000011,0.040000000000000001),(-0.12000000000000011,0.020000000000000011),(-0.020000000000000018,0.020000000000000011),(-0.020000000000000018,0.)));
#1541=IFCAXIS2PLACEMENT3D(#1542,#1563,#1564);
#1542=IFCCARTESIANPOINT((0.68614484040942192,-0.58664736572636356,1.0149999999999999));
#1543=IFCDIRECTION((0.,0.,1.));
#1544=IFCDIRECTION((1.,0.,0.));
#1545=IFCDIRECTION((0.,0.,1.));
#1546=IFCSHAPEREPRESENTATION(#11,'Body','SweptSolid',(#1482,#1491,#1527,#1536,#1537,#1500,#1509,#1518));
#1547=IFCSHAPEREPRESENTATION(#11,'Body','SweptSolid',(#1482,#1491,#1500,#1509,#1518));
#1548=IFCSHAPEASPECT((#1547),'Lining',$,.T.,#1473);
#1549=IFCSHAPEREPRESENTATION(#11,'Body','SweptSolid',(#1527,#1536,#1537));
#1550=IFCSHAPEASPECT((#1549),'Framing',$,.T.,#1473);
#1551=IFCSTYLEDITEM(#1482,(#447),'3D 0.545 0.353 0.169 alpha 1.000');
#1552=IFCSTYLEDITEM(#1491,(#447),'3D 0.545 0.353 0.169 alpha 1.000');
#1553=IFCSTYLEDITEM(#1527,(#447),'3D 0.545 0.353 0.169 alpha 1.000');
#1554=IFCSTYLEDITEM(#1536,(#447),'3D 0.545 0.353 0.169 alpha 1.000');
#1555=IFCSTYLEDITEM(#1537,(#447),'3D 0.545 0.353 0.169 alpha 1.000');
#1556=IFCSTYLEDITEM(#1500,(#447),'3D 0.545 0.353 0.169 alpha 1.000');
#1557=IFCSTYLEDITEM(#1509,(#447),'3D 0.545 0.353 0.169 alpha 1.000');
#1558=IFCSTYLEDITEM(#1518,(#447),'3D 0.545 0.353 0.169 alpha 1.000');
#1559=IFCDIRECTION((0.,0.,1.));
#1560=IFCDIRECTION((0.70710678118654757,-0.70710678118654746,0.));
#1561=IFCDIRECTION((0.,0.,1.));
#1562=IFCDIRECTION((0.70710678118654757,-0.70710678118654746,0.));
#1563=IFCDIRECTION((0.,0.,1.));
#1564=IFCDIRECTION((0.70710678118654757,-0.70710678118654746,0.));
#1565=IFCCARTESIANPOINTLIST2D(((0.,0.),(0.,0.25),(0.025000000000000001,0.25),(0.025000000000000001,0.025000000000000001),(0.050000000000000003,0.025000000000000001),(0.050000000000000003,0.)));
#1566=IFCINDEXEDPOLYCURVE(#1565,(IFCLINEINDEX((1,2,3,4,5,6,1))),$);
#1567=IFCINDEXEDPOLYCURVE(#1568,(IFCLINEINDEX((1,2,3,4,5,6,1))),$);
#1568=IFCCARTESIANPOINTLIST2D(((1.,0.),(1.,0.25),(0.97499999999999998,0.25),(0.97499999999999998,0.025000000000000001),(0.94999999999999996,0.025000000000000001),(0.94999999999999996,0.)));
#1569=IFCDIRECTION((1.,0.));
#1570=IFCCARTESIANPOINT((0.060000000000000005,0.25));
#1571=IFCAXIS2PLACEMENT2D(#1570,#1569);
#1572=IFCELLIPSE(#1571,0.91499999999999992,0.94999999999999996);
#1573=IFCCARTESIANPOINT((0.060000000000000005,-0.69999999999999996));
#1574=IFCCARTESIANPOINT((0.97499999999999998,0.25));
#1575=IFCTRIMMEDCURVE(#1572,(#1573),(#1574),.T.,.CARTESIAN.);
#1576=IFCCARTESIANPOINTLIST2D(((0.025000000000000001,0.25),(0.060000000000000005,0.25),(0.060000000000000005,-0.69999999999999996),(0.025000000000000001,-0.69999999999999996)));
#1577=IFCINDEXEDPOLYCURVE(#1576,(IFCLINEINDEX((1,2,3,4,1))),$);
#1578=IFCSHAPEREPRESENTATION(#17,'Body','Curve2D',(#1566,#1567,#1575,#1577));
#1579=IFCRELFILLSELEMENT('2VCUFHqJ950RjTwu$o$X$V',$,$,$,#1454,#1472);
#1580=IFCCARTESIANPOINT((0.,0.,0.));
#1581=IFCDIRECTION((0.,0.,1.));
#1582=IFCDIRECTION((1.,0.,0.));
#1583=IFCAXIS2PLACEMENT3D(#1580,#1581,#1582);
#1584=IFCLOCALPLACEMENT(#1471,#1583);
#1585=IFCANNOTATION('2mw05Y9BX2wuMRukNLqZ7x',$,'Door 4 Overhead',$,'LINEWORK',#1594,#1589);
#1586=IFCCARTESIANPOINTLIST2D(((0.,0.125),(1.,0.125)));
#1587=IFCINDEXEDPOLYCURVE(#1586,$,.F.);
#1588=IFCSHAPEREPRESENTATION(#18,'Annotation','Curve2D',(#1587));
#1589=IFCPRODUCTDEFINITIONSHAPE($,$,(#1588));
#1590=IFCCARTESIANPOINT((3.5,0.75,0.));
#1591=IFCDIRECTION((0.,0.,1.));
#1592=IFCDIRECTION((0.,1.,0.));
#1593=IFCAXIS2PLACEMENT3D(#1590,#1591,#1592);
#1594=IFCLOCALPLACEMENT(#39,#1593);
#1595=IFCPROPERTYSET('2vXS06SAj6eAztfvCsGkRk',$,'EPset_Annotation',$,(#1597));
#1596=IFCRELDEFINESBYPROPERTIES('0x31h8H011mOg$A3MPkt0N',$,$,$,(#1585),#1595);
#1597=IFCPROPERTYSINGLEVALUE('Classes',$,IFCLABEL('dashed'),$);
#1598=IFCSURFACESTYLE('3D 0.784 0.690 0.565 alpha 1.000',.BOTH.,(#1599));
#1599=IFCSURFACESTYLESHADING(#1600,0.);
#1600=IFCCOLOURRGB($,0.78431372549019607,0.69019607843137254,0.56470588235294117);
#1601=IFCSTAIR('0qacN8p9b4Tu2C__PJSYxP',$,'Main stair',$,$,#1608,$,$,.STRAIGHT_RUN_STAIR.);
#1602=IFCSTAIRFLIGHT('0lTwgrU458xBSvFglj3src',$,'Main stair Flight',$,$,#1613,#1644,$,9,8,0.18588235294117644,0.27000000000000002,.STRAIGHT.);
#1603=IFCRELAGGREGATES('3BlgUES1nFtALljBjcWL47',$,$,$,#1601,(#1602));
#1604=IFCCARTESIANPOINT((11.25,3.4100000000000001,0.));
#1605=IFCDIRECTION((0.,0.,1.));
#1606=IFCDIRECTION((6.123233995736766E-17,-1.,0.));
#1607=IFCAXIS2PLACEMENT3D(#1604,#1605,#1606);
#1608=IFCLOCALPLACEMENT(#39,#1607);
#1609=IFCCARTESIANPOINT((0.,0.,0.));
#1610=IFCDIRECTION((0.,0.,1.));
#1611=IFCDIRECTION((1.,0.,0.));
#1612=IFCAXIS2PLACEMENT3D(#1609,#1610,#1611);
#1613=IFCLOCALPLACEMENT(#1608,#1612);
#1614=IFCCARTESIANPOINTLIST3D(((0.,-0.5,0.),(0.2645214246163754,-0.5,0.),(2.1600000000000001,-0.5,1.3049482131181378),(2.1600000000000001,-0.5,1.4870588235294115),(1.8900000000000001,-0.5,1.4870588235294115),(1.8900000000000001,-0.5,1.3011764705882352),(1.6200000000000001,-0.5,1.3011764705882352),(1.6200000000000001,-0.5,1.1152941176470588),(1.3500000000000001,-0.5,1.1152941176470588),(1.3500000000000001,-0.5,0.92941176470588216),(1.0800000000000001,-0.5,0.92941176470588216),(1.0800000000000001,-0.5,0.74352941176470577),(0.81000000000000005,-0.5,0.74352941176470577),(0.81000000000000005,-0.5,0.55764705882352938),(0.54000000000000004,-0.5,0.55764705882352938),(0.54000000000000004,-0.5,0.37176470588235289),(0.27000000000000002,-0.5,0.37176470588235289),(0.27000000000000002,-0.5,0.18588235294117644),(0.,-0.5,0.18588235294117644),(0.,0.5,0.),(0.2645214246163754,0.5,0.),(2.1600000000000001,0.5,1.3049482131181378),(2.1600000000000001,0.5,1.4870588235294115),(1.8900000000000001,0.5,1.4870588235294115),(1.8900000000000001,0.5,1.3011764705882352),(1.6200000000000001,0.5,1.3011764705882352),(1.6200000000000001,0.5,1.1152941176470588),(1.3500000000000001,0.5,1.1152941176470588),(1.3500000000000001,0.5,0.92941176470588216),(1.0800000000000001,0.5,0.92941176470588216),(1.0800000000000001,0.5,0.74352941176470577),(0.81000000000000005,0.5,0.74352941176470577),(0.81000000000000005,0.5,0.55764705882352938),(0.54000000000000004,0.5,0.55764705882352938),(0.54000000000000004,0.5,0.37176470588235289),(0.27000000000000002,0.5,0.37176470588235289),(0.27000000000000002,0.5,0.18588235294117644),(0.,0.5,0.18588235294117644),(2.1550000000000002,-0.5,1.4870588235294115),(2.1600000000000001,-0.5,1.4870588235294115),(2.1600000000000001,0.5,1.4870588235294115),(2.1550000000000002,0.5,1.4870588235294115),(2.1550000000000002,-0.5,1.6729411764705879),(2.1600000000000001,-0.5,1.6729411764705879),(2.1600000000000001,0.5,1.6729411764705879),(2.1550000000000002,0.5,1.6729411764705879)));
#1615=IFCINDEXEDPOLYGONALFACE((19,18,17,16,15,14,13,12,11,10,9,8,7,6,5,4,3,2,1));
#1616=IFCINDEXEDPOLYGONALFACE((20,21,22,23,24,25,26,27,28,29,30,31,32,33,34,35,36,37,38));
#1617=IFCINDEXEDPOLYGONALFACE((1,2,21,20));
#1618=IFCINDEXEDPOLYGONALFACE((2,3,22,21));
#1619=IFCINDEXEDPOLYGONALFACE((3,4,23,22));
#1620=IFCINDEXEDPOLYGONALFACE((4,5,24,23));
#1621=IFCINDEXEDPOLYGONALFACE((5,6,25,24));
#1622=IFCINDEXEDPOLYGONALFACE((6,7,26,25));
#1623=IFCINDEXEDPOLYGONALFACE((7,8,27,26));
#1624=IFCINDEXEDPOLYGONALFACE((8,9,28,27));
#1625=IFCINDEXEDPOLYGONALFACE((9,10,29,28));
#1626=IFCINDEXEDPOLYGONALFACE((10,11,30,29));
#1627=IFCINDEXEDPOLYGONALFACE((11,12,31,30));
#1628=IFCINDEXEDPOLYGONALFACE((12,13,32,31));
#1629=IFCINDEXEDPOLYGONALFACE((13,14,33,32));
#1630=IFCINDEXEDPOLYGONALFACE((14,15,34,33));
#1631=IFCINDEXEDPOLYGONALFACE((15,16,35,34));
#1632=IFCINDEXEDPOLYGONALFACE((16,17,36,35));
#1633=IFCINDEXEDPOLYGONALFACE((17,18,37,36));
#1634=IFCINDEXEDPOLYGONALFACE((18,19,38,37));
#1635=IFCINDEXEDPOLYGONALFACE((19,1,20,38));
#1636=IFCINDEXEDPOLYGONALFACE((40,41,42,39));
#1637=IFCINDEXEDPOLYGONALFACE((46,45,44,43));
#1638=IFCINDEXEDPOLYGONALFACE((43,44,40,39));
#1639=IFCINDEXEDPOLYGONALFACE((44,45,41,40));
#1640=IFCINDEXEDPOLYGONALFACE((45,46,42,41));
#1641=IFCINDEXEDPOLYGONALFACE((46,43,39,42));
#1642=IFCPOLYGONALFACESET(#1614,$,(#1615,#1616,#1617,#1618,#1619,#1620,#1621,#1622,#1623,#1624,#1625,#1626,#1627,#1628,#1629,#1630,#1631,#1632,#1633,#1634,#1635,#1636,#1637,#1638,#1639,#1640,#1641),$);
#1643=IFCSHAPEREPRESENTATION(#11,'Body','Tessellation',(#1642));
#1644=IFCPRODUCTDEFINITIONSHAPE($,$,(#1643));
#1645=IFCSTYLEDITEM(#1642,(#1598),'3D 0.784 0.690 0.565 alpha 1.000');
#1646=IFCPROPERTYSET('2Oqa2IC4zDPPLUX4glK40C',$,'Pset_StairFlightCommon',$,(#1648,#1649,#1650,#1651,#1652));
#1647=IFCRELDEFINESBYPROPERTIES('2mK21eIG53x9iIK5xxHLds',$,$,$,(#1602),#1646);
#1648=IFCPROPERTYSINGLEVALUE('NumberOfRiser',$,IFCCOUNTMEASURE(9.),$);
#1649=IFCPROPERTYSINGLEVALUE('NumberOfTreads',$,IFCCOUNTMEASURE(8.),$);
#1650=IFCPROPERTYSINGLEVALUE('RiserHeight',$,IFCPOSITIVELENGTHMEASURE(0.18588235294117644),$);
#1651=IFCPROPERTYSINGLEVALUE('TreadLength',$,IFCPOSITIVELENGTHMEASURE(0.27000000000000002),$);
#1652=IFCPROPERTYSINGLEVALUE('WaistThickness',$,IFCPOSITIVELENGTHMEASURE(0.14999999999999999),$);
#1653=IFCSTAIR('3Bb9mGyCf7WBQsf7jaS88J',$,'Main stair',$,$,#1660,$,$,.STRAIGHT_RUN_STAIR.);
#1654=IFCSTAIRFLIGHT('08UsiMG$L0Ng25aUObf1zS',$,'Main stair Flight',$,$,#1665,#1694,$,8,7,0.18588235294117644,0.27000000000000002,.STRAIGHT.);
#1655=IFCRELAGGREGATES('02SJ7FAJX0TOMKbg9qXasj',$,$,$,#1653,(#1654));
#1656=IFCCARTESIANPOINT((10.25,1.25,1.6729411764705879));
#1657=IFCDIRECTION((0.,0.,1.));
#1658=IFCDIRECTION((6.123233995736766E-17,1.,0.));
#1659=IFCAXIS2PLACEMENT3D(#1656,#1657,#1658);
#1660=IFCLOCALPLACEMENT(#39,#1659);
#1661=IFCCARTESIANPOINT((0.,0.,0.));
#1662=IFCDIRECTION((0.,0.,1.));
#1663=IFCDIRECTION((1.,0.,0.));
#1664=IFCAXIS2PLACEMENT3D(#1661,#1662,#1663);
#1665=IFCLOCALPLACEMENT(#1660,#1664);
#1666=IFCCARTESIANPOINTLIST3D(((0.,-0.5,0.),(0.2645214246163754,-0.5,0.),(1.8900000000000001,-0.5,1.1190658601769614),(1.8900000000000001,-0.5,1.3011764705882352),(1.6200000000000001,-0.5,1.3011764705882352),(1.6200000000000001,-0.5,1.1152941176470588),(1.3500000000000001,-0.5,1.1152941176470588),(1.3500000000000001,-0.5,0.92941176470588216),(1.0800000000000001,-0.5,0.92941176470588216),(1.0800000000000001,-0.5,0.74352941176470577),(0.81000000000000005,-0.5,0.74352941176470577),(0.81000000000000005,-0.5,0.55764705882352938),(0.54000000000000004,-0.5,0.55764705882352938),(0.54000000000000004,-0.5,0.37176470588235289),(0.27000000000000002,-0.5,0.37176470588235289),(0.27000000000000002,-0.5,0.18588235294117644),(0.,-0.5,0.18588235294117644),(0.,0.5,0.),(0.2645214246163754,0.5,0.),(1.8900000000000001,0.5,1.1190658601769614),(1.8900000000000001,0.5,1.3011764705882352),(1.6200000000000001,0.5,1.3011764705882352),(1.6200000000000001,0.5,1.1152941176470588),(1.3500000000000001,0.5,1.1152941176470588),(1.3500000000000001,0.5,0.92941176470588216),(1.0800000000000001,0.5,0.92941176470588216),(1.0800000000000001,0.5,0.74352941176470577),(0.81000000000000005,0.5,0.74352941176470577),(0.81000000000000005,0.5,0.55764705882352938),(0.54000000000000004,0.5,0.55764705882352938),(0.54000000000000004,0.5,0.37176470588235289),(0.27000000000000002,0.5,0.37176470588235289),(0.27000000000000002,0.5,0.18588235294117644),(0.,0.5,0.18588235294117644),(1.8850000000000002,-0.5,1.3011764705882352),(1.8900000000000001,-0.5,1.3011764705882352),(1.8900000000000001,0.5,1.3011764705882352),(1.8850000000000002,0.5,1.3011764705882352),(1.8850000000000002,-0.5,1.4870588235294115),(1.8900000000000001,-0.5,1.4870588235294115),(1.8900000000000001,0.5,1.4870588235294115),(1.8850000000000002,0.5,1.4870588235294115)));
#1667=IFCINDEXEDPOLYGONALFACE((17,16,15,14,13,12,11,10,9,8,7,6,5,4,3,2,1));
#1668=IFCINDEXEDPOLYGONALFACE((18,19,20,21,22,23,24,25,26,27,28,29,30,31,32,33,34));
#1669=IFCINDEXEDPOLYGONALFACE((1,2,19,18));
#1670=IFCINDEXEDPOLYGONALFACE((2,3,20,19));
#1671=IFCINDEXEDPOLYGONALFACE((3,4,21,20));
#1672=IFCINDEXEDPOLYGONALFACE((4,5,22,21));
#1673=IFCINDEXEDPOLYGONALFACE((5,6,23,22));
#1674=IFCINDEXEDPOLYGONALFACE((6,7,24,23));
#1675=IFCINDEXEDPOLYGONALFACE((7,8,25,24));
#1676=IFCINDEXEDPOLYGONALFACE((8,9,26,25));
#1677=IFCINDEXEDPOLYGONALFACE((9,10,27,26));
#1678=IFCINDEXEDPOLYGONALFACE((10,11,28,27));
#1679=IFCINDEXEDPOLYGONALFACE((11,12,29,28));
#1680=IFCINDEXEDPOLYGONALFACE((12,13,30,29));
#1681=IFCINDEXEDPOLYGONALFACE((13,14,31,30));
#1682=IFCINDEXEDPOLYGONALFACE((14,15,32,31));
#1683=IFCINDEXEDPOLYGONALFACE((15,16,33,32));
#1684=IFCINDEXEDPOLYGONALFACE((16,17,34,33));
#1685=IFCINDEXEDPOLYGONALFACE((17,1,18,34));
#1686=IFCINDEXEDPOLYGONALFACE((36,37,38,35));
#1687=IFCINDEXEDPOLYGONALFACE((42,41,40,39));
#1688=IFCINDEXEDPOLYGONALFACE((39,40,36,35));
#1689=IFCINDEXEDPOLYGONALFACE((40,41,37,36));
#1690=IFCINDEXEDPOLYGONALFACE((41,42,38,37));
#1691=IFCINDEXEDPOLYGONALFACE((42,39,35,38));
#1692=IFCPOLYGONALFACESET(#1666,$,(#1667,#1668,#1669,#1670,#1671,#1672,#1673,#1674,#1675,#1676,#1677,#1678,#1679,#1680,#1681,#1682,#1683,#1684,#1685,#1686,#1687,#1688,#1689,#1690,#1691),$);
#1693=IFCSHAPEREPRESENTATION(#11,'Body','Tessellation',(#1692));
#1694=IFCPRODUCTDEFINITIONSHAPE($,$,(#1693));
#1695=IFCSTYLEDITEM(#1692,(#1598),'3D 0.784 0.690 0.565 alpha 1.000');
#1696=IFCPROPERTYSET('1WJWF0acPFEhbDMNzsaML2',$,'Pset_StairFlightCommon',$,(#1698,#1699,#1700,#1701,#1702));
#1697=IFCRELDEFINESBYPROPERTIES('1PiieoIHj3RBzFszmaYaUj',$,$,$,(#1654),#1696);
#1698=IFCPROPERTYSINGLEVALUE('NumberOfRiser',$,IFCCOUNTMEASURE(8.),$);
#1699=IFCPROPERTYSINGLEVALUE('NumberOfTreads',$,IFCCOUNTMEASURE(7.),$);
#1700=IFCPROPERTYSINGLEVALUE('RiserHeight',$,IFCPOSITIVELENGTHMEASURE(0.18588235294117644),$);
#1701=IFCPROPERTYSINGLEVALUE('TreadLength',$,IFCPOSITIVELENGTHMEASURE(0.27000000000000002),$);
#1702=IFCPROPERTYSINGLEVALUE('WaistThickness',$,IFCPOSITIVELENGTHMEASURE(0.14999999999999999),$);
#1703=IFCSLAB('2$5jL5C2D9AeoUZjF7AR1A',$,'Main stair landing',$,$,#1708,#1715,$,.LANDING.);
#1704=IFCCARTESIANPOINT((9.75,0.25,1.472941176470588));
#1705=IFCDIRECTION((0.,0.,1.));
#1706=IFCDIRECTION((1.,0.,0.));
#1707=IFCAXIS2PLACEMENT3D(#1704,#1705,#1706);
#1708=IFCLOCALPLACEMENT(#39,#1707);
#1709=IFCCARTESIANPOINTLIST2D(((0.,0.),(2.,0.),(2.,1.),(0.,1.)));
#1710=IFCINDEXEDPOLYCURVE(#1709,$,$);
#1711=IFCDIRECTION((0.,0.,1.));
#1712=IFCARBITRARYCLOSEDPROFILEDEF(.AREA.,$,#1710);
#1713=IFCEXTRUDEDAREASOLID(#1712,$,#1711,0.20000000000000001);
#1714=IFCSHAPEREPRESENTATION(#11,'Body','SweptSolid',(#1713));
#1715=IFCPRODUCTDEFINITIONSHAPE($,$,(#1714));
#1716=IFCSTYLEDITEM(#1713,(#1598),'3D 0.784 0.690 0.565 alpha 1.000');
#1717=IFCSURFACESTYLE('3D 0.722 0.663 0.604 alpha 1.000',.BOTH.,(#1718));
#1718=IFCSURFACESTYLESHADING(#1719,0.);
#1719=IFCCOLOURRGB($,0.72156862745098038,0.66274509803921566,0.60392156862745094);
#1720=IFCCHIMNEY('2juFQI7H10ZAuB3EYgXk$s',$,'Main chimney',$,$,#1725,#1740,$,.NOTDEFINED.);
#1721=IFCCARTESIANPOINT((9.0499999999999989,4.4299999999999997,0.));
#1722=IFCDIRECTION((0.,0.,1.));
#1723=IFCDIRECTION((1.,0.,0.));
#1724=IFCAXIS2PLACEMENT3D(#1721,#1722,#1723);
#1725=IFCLOCALPLACEMENT(#39,#1724);
#1726=IFCCARTESIANPOINTLIST2D(((-0.20000000000000001,-0.20000000000000001),(0.20000000000000001,-0.20000000000000001),(0.20000000000000001,0.20000000000000001),(-0.20000000000000001,0.20000000000000001),(-0.20000000000000001,-0.20000000000000001)));
#1727=IFCINDEXEDPOLYCURVE(#1726,$,.F.);
#1728=IFCCARTESIANPOINT((0.,0.));
#1729=IFCDIRECTION((1.,0.));
#1730=IFCAXIS2PLACEMENT2D(#1728,#1729);
#1731=IFCCIRCLE(#1730,0.089999999999999997);
#1732=IFCARBITRARYPROFILEDEFWITHVOIDS(.AREA.,'Main chimney Profile',#1727,(#1731));
#1733=IFCCARTESIANPOINT((0.,0.,0.));
#1734=IFCDIRECTION((0.,0.,1.));
#1735=IFCDIRECTION((1.,0.,0.));
#1736=IFCAXIS2PLACEMENT3D(#1733,#1734,#1735);
#1737=IFCDIRECTION((0.,0.,1.));
#1738=IFCEXTRUDEDAREASOLID(#1732,#1736,#1737,8.);
#1739=IFCSHAPEREPRESENTATION(#11,'Body','SweptSolid',(#1738));
#1740=IFCPRODUCTDEFINITIONSHAPE($,$,(#1739));
#1741=IFCSTYLEDITEM(#1738,(#1717),'3D 0.722 0.663 0.604 alpha 1.000');
#1742=IFCPROPERTYSET('2MFb6lLlDB3Q8dHlmZ$kVG',$,'Pset_ChimneyCommon',$,(#1744));
#1743=IFCRELDEFINESBYPROPERTIES('357MzITIv0kBe48zd3Dq3O',$,$,$,(#1720),#1742);
#1744=IFCPROPERTYSINGLEVALUE('NumberOfDrafts',$,IFCCOUNTMEASURE(1.),$);
#1745=IFCWALL('2xRxrh8K93ag_BLEJGeSxV',$,'Wall 9',$,$,#1754,#1765,$,$);
#1748=IFCMATERIALLAYERSETUSAGE(#55,.AXIS2.,.NEGATIVE.,0.115,$);
#1749=IFCRELASSOCIATESMATERIAL('0OXGF4qIrDSeIbtWAv5XD_',$,$,$,(#1745),#1748);
#1750=IFCCARTESIANPOINT((8.25,4.2300000000000004,0.));
#1751=IFCDIRECTION((0.,0.,1.));
#1752=IFCDIRECTION((1.,0.,0.));
#1753=IFCAXIS2PLACEMENT3D(#1750,#1751,#1752);
#1754=IFCLOCALPLACEMENT(#39,#1753);
#1755=IFCCARTESIANPOINTLIST2D(((0.,0.),(0.,0.115),(0.55000000000000071,0.115),(0.55000000000000071,0.),(0.,0.)));
#1756=IFCINDEXEDPOLYCURVE(#1755,$,.F.);
#1757=IFCDIRECTION((0.,0.,1.));
#1758=IFCARBITRARYCLOSEDPROFILEDEF(.AREA.,$,#1756);
#1759=IFCCARTESIANPOINT((0.,-0.,0.));
#1760=IFCDIRECTION((0.,0.,1.));
#1761=IFCDIRECTION((1.,0.,0.));
#1762=IFCAXIS2PLACEMENT3D(#1759,#1760,#1761);
#1763=IFCEXTRUDEDAREASOLID(#1758,#1762,#1757,3.);
#1764=IFCSHAPEREPRESENTATION(#11,'Body','SweptSolid',(#1763));
#1765=IFCPRODUCTDEFINITIONSHAPE($,$,(#1764,#1769));
#1766=IFCSTYLEDITEM(#1763,(#51),'3D 1.000 1.000 1.000 alpha 1.000');
#1767=IFCCARTESIANPOINTLIST2D(((0.,0.),(0.55000000000000071,0.)));
#1768=IFCINDEXEDPOLYCURVE(#1767,$,.F.);
#1769=IFCSHAPEREPRESENTATION(#16,'Axis','Curve2D',(#1768));
#1770=IFCWALL('1mhfKV6LP3D88Yjw7gVrDK',$,'Wall 10',$,$,#1779,#1790,$,$);
#1773=IFCMATERIALLAYERSETUSAGE(#55,.AXIS2.,.NEGATIVE.,0.115,$);
#1774=IFCRELASSOCIATESMATERIAL('3QPfQNRPzEWOuFbShEIOG4',$,$,$,(#1770),#1773);
#1775=IFCCARTESIANPOINT((9.25,4.6799999999999997,0.));
#1776=IFCDIRECTION((0.,0.,1.));
#1777=IFCDIRECTION((1.,0.,0.));
#1778=IFCAXIS2PLACEMENT3D(#1775,#1776,#1777);
#1779=IFCLOCALPLACEMENT(#39,#1778);
#1780=IFCCARTESIANPOINTLIST2D(((0.,0.),(0.,0.115),(2.5,0.115),(2.5,0.),(0.,0.)));
#1781=IFCINDEXEDPOLYCURVE(#1780,$,.F.);
#1782=IFCDIRECTION((0.,0.,1.));
#1783=IFCARBITRARYCLOSEDPROFILEDEF(.AREA.,$,#1781);
#1784=IFCCARTESIANPOINT((0.,-0.,0.));
#1785=IFCDIRECTION((0.,0.,1.));
#1786=IFCDIRECTION((1.,0.,0.));
#1787=IFCAXIS2PLACEMENT3D(#1784,#1785,#1786);
#1788=IFCEXTRUDEDAREASOLID(#1783,#1787,#1782,3.);
#1790=IFCPRODUCTDEFINITIONSHAPE($,$,(#1886,#1889));
#1791=IFCSTYLEDITEM(#1788,(#51),'3D 1.000 1.000 1.000 alpha 1.000');
#1795=IFCWALL('3wP7tEbef0IAaY8zCUalKU',$,'Wall 11',$,$,#1804,#1815,$,$);
#1798=IFCMATERIALLAYERSETUSAGE(#55,.AXIS2.,.NEGATIVE.,0.115,$);
#1799=IFCRELASSOCIATESMATERIAL('1MARmXFHXE1AsiDV7l6IBp',$,$,$,(#1795),#1798);
#1800=IFCCARTESIANPOINT((9.25,4.6799999999999997,0.));
#1801=IFCDIRECTION((0.,0.,1.));
#1802=IFCDIRECTION((6.123233995736766E-17,1.,0.));
#1803=IFCAXIS2PLACEMENT3D(#1800,#1801,#1802);
#1804=IFCLOCALPLACEMENT(#39,#1803);
#1805=IFCCARTESIANPOINTLIST2D(((0.,0.),(0.,0.115),(0.35000000000000053,0.115),(0.35000000000000053,0.),(0.,0.)));
#1806=IFCINDEXEDPOLYCURVE(#1805,$,.F.);
#1807=IFCDIRECTION((0.,0.,1.));
#1808=IFCARBITRARYCLOSEDPROFILEDEF(.AREA.,$,#1806);
#1809=IFCCARTESIANPOINT((0.,-0.,0.));
#1810=IFCDIRECTION((0.,0.,1.));
#1811=IFCDIRECTION((1.,0.,0.));
#1812=IFCAXIS2PLACEMENT3D(#1809,#1810,#1811);
#1813=IFCEXTRUDEDAREASOLID(#1808,#1812,#1807,3.);
#1815=IFCPRODUCTDEFINITIONSHAPE($,$,(#1915,#1918));
#1816=IFCSTYLEDITEM(#1813,(#51),'3D 1.000 1.000 1.000 alpha 1.000');
#1820=IFCWALL('2rFDw12az3QwNjLCBK0W7P',$,'Wall 12',$,$,#1829,#1840,$,$);
#1823=IFCMATERIALLAYERSETUSAGE(#55,.AXIS2.,.NEGATIVE.,0.115,$);
#1824=IFCRELASSOCIATESMATERIAL('0$yh5rvKj88AlPE8zE4Ja1',$,$,$,(#1820),#1823);
#1825=IFCCARTESIANPOINT((9.25,5.2300000000000004,0.));
#1826=IFCDIRECTION((0.,0.,1.));
#1827=IFCDIRECTION((-1.,1.2246467991473532E-16,0.));
#1828=IFCAXIS2PLACEMENT3D(#1825,#1826,#1827);
#1829=IFCLOCALPLACEMENT(#39,#1828);
#1830=IFCCARTESIANPOINTLIST2D(((0.,0.),(0.,0.115),(1.,0.115),(1.,0.),(0.,0.)));
#1831=IFCINDEXEDPOLYCURVE(#1830,$,.F.);
#1832=IFCDIRECTION((0.,0.,1.));
#1833=IFCARBITRARYCLOSEDPROFILEDEF(.AREA.,$,#1831);
#1834=IFCCARTESIANPOINT((0.,-0.,0.));
#1835=IFCDIRECTION((0.,0.,1.));
#1836=IFCDIRECTION((1.,0.,0.));
#1837=IFCAXIS2PLACEMENT3D(#1834,#1835,#1836);
#1838=IFCEXTRUDEDAREASOLID(#1833,#1837,#1832,3.);
#1840=IFCPRODUCTDEFINITIONSHAPE($,$,(#1929,#1932));
#1841=IFCSTYLEDITEM(#1838,(#51),'3D 1.000 1.000 1.000 alpha 1.000');
#1845=IFCOPENINGELEMENT('1PAMiqjOXEIvVKQprRbwH1',$,'Fireplace opening',$,$,#1862,#1856,$,.OPENING.);
#1846=IFCCARTESIANPOINTLIST2D(((0.,0.),(0.,0.34999999999999998),(1.,0.34999999999999998),(1.,0.),(0.,0.)));
#1847=IFCINDEXEDPOLYCURVE(#1846,$,.F.);
#1848=IFCDIRECTION((0.,0.,1.));
#1849=IFCARBITRARYCLOSEDPROFILEDEF(.AREA.,$,#1847);
#1850=IFCCARTESIANPOINT((0.,-0.050000000000000003,0.));
#1851=IFCDIRECTION((0.,0.,1.));
#1852=IFCDIRECTION((1.,0.,0.));
#1853=IFCAXIS2PLACEMENT3D(#1850,#1851,#1852);
#1854=IFCEXTRUDEDAREASOLID(#1849,#1853,#1848,2.125);
#1855=IFCSHAPEREPRESENTATION(#11,'Body','SweptSolid',(#1854));
#1856=IFCPRODUCTDEFINITIONSHAPE($,$,(#1855));
#1857=IFCRELVOIDSELEMENT('0KP60U1mTCWxQ9WIWtJ1Sm',$,$,$,#190,#1845);
#1858=IFCCARTESIANPOINT((4.25,0.,0.20000000000000001));
#1859=IFCDIRECTION((0.,0.,1.));
#1860=IFCDIRECTION((1.,6.123233995736766E-17,0.));
#1861=IFCAXIS2PLACEMENT3D(#1858,#1859,#1860);
#1862=IFCLOCALPLACEMENT(#199,#1861);
#1863=IFCANNOTATION('37NuXN3_XA2RGXEgwhikNM',$,'Fireplace opening Overhead',$,'LINEWORK',#1872,#1867);
#1864=IFCCARTESIANPOINTLIST2D(((0.,0.125),(1.,0.125)));
#1865=IFCINDEXEDPOLYCURVE(#1864,$,.F.);
#1866=IFCSHAPEREPRESENTATION(#18,'Annotation','Curve2D',(#1865));
#1867=IFCPRODUCTDEFINITIONSHAPE($,$,(#1866));
#1868=IFCCARTESIANPOINT((8.25,4.25,0.));
#1869=IFCDIRECTION((0.,0.,1.));
#1870=IFCDIRECTION((0.,1.,0.));
#1871=IFCAXIS2PLACEMENT3D(#1868,#1869,#1870);
#1872=IFCLOCALPLACEMENT(#39,#1871);
#1873=IFCPROPERTYSET('0$02nNEXT7$B4Tm1tdquIW',$,'EPset_Annotation',$,(#1875));
#1874=IFCRELDEFINESBYPROPERTIES('0MFL9sqa597wJHq7ci3cwm',$,$,$,(#1863),#1873);
#1875=IFCPROPERTYSINGLEVALUE('Classes',$,IFCLABEL('dashed'),$);
#1876=IFCRELCONNECTSPATHELEMENTS('1ZzrvHmcLBgQUtLxrqpAFI',$,$,$,$,#1770,#1795,(),(),.ATSTART.,.ATSTART.);
#1877=IFCCARTESIANPOINTLIST2D(((-0.115,0.),(7.0417190950972808E-18,0.115),(2.5,0.115),(2.5,0.)));
#1878=IFCINDEXEDPOLYCURVE(#1877,(IFCLINEINDEX((1,2,3,4,1))),$);
#1879=IFCARBITRARYCLOSEDPROFILEDEF(.AREA.,$,#1878);
#1880=IFCCARTESIANPOINT((0.,0.,0.));
#1881=IFCDIRECTION((0.,0.,1.));
#1882=IFCDIRECTION((1.,0.,0.));
#1883=IFCAXIS2PLACEMENT3D(#1880,#1881,#1882);
#1884=IFCDIRECTION((0.,0.,1.));
#1885=IFCEXTRUDEDAREASOLID(#1879,#1883,#1884,3.);
#1886=IFCSHAPEREPRESENTATION(#11,'Body','SweptSolid',(#1885));
#1887=IFCCARTESIANPOINTLIST2D(((0.,0.),(2.5,0.)));
#1888=IFCINDEXEDPOLYCURVE(#1887,$,$);
#1889=IFCSHAPEREPRESENTATION(#16,'Axis','Curve2D',(#1888));
#1890=IFCSTYLEDITEM(#1885,(#51),'3D 1.000 1.000 1.000 alpha 1.000');
#1891=IFCCARTESIANPOINTLIST2D(((0.115,0.),(-7.0417190950972808E-18,0.115),(0.35000000000000053,0.115),(0.35000000000000053,0.)));
#1892=IFCINDEXEDPOLYCURVE(#1891,(IFCLINEINDEX((1,2,3,4,1))),$);
#1893=IFCARBITRARYCLOSEDPROFILEDEF(.AREA.,$,#1892);
#1894=IFCCARTESIANPOINT((0.,0.,0.));
#1895=IFCDIRECTION((0.,0.,1.));
#1896=IFCDIRECTION((1.,0.,0.));
#1897=IFCAXIS2PLACEMENT3D(#1894,#1895,#1896);
#1898=IFCDIRECTION((0.,0.,1.));
#1899=IFCEXTRUDEDAREASOLID(#1893,#1897,#1898,3.);
#1904=IFCSTYLEDITEM(#1899,(#51),'3D 1.000 1.000 1.000 alpha 1.000');
#1905=IFCRELCONNECTSPATHELEMENTS('0xtJDRWu565gbVrl8J$zrR',$,$,$,$,#1795,#1820,(),(),.ATSTART.,.ATEND.);
#1906=IFCCARTESIANPOINTLIST2D(((0.115,0.),(-7.0417190950972808E-18,0.115),(0.43500000000000072,0.115),(0.55000000000000071,0.)));
#1907=IFCINDEXEDPOLYCURVE(#1906,(IFCLINEINDEX((1,2,3,4,1))),$);
#1908=IFCARBITRARYCLOSEDPROFILEDEF(.AREA.,$,#1907);
#1909=IFCCARTESIANPOINT((0.,0.,0.));
#1910=IFCDIRECTION((0.,0.,1.));
#1911=IFCDIRECTION((1.,0.,0.));
#1912=IFCAXIS2PLACEMENT3D(#1909,#1910,#1911);
#1913=IFCDIRECTION((0.,0.,1.));
#1914=IFCEXTRUDEDAREASOLID(#1908,#1912,#1913,3.);
#1915=IFCSHAPEREPRESENTATION(#11,'Body','SweptSolid',(#1914));
#1916=IFCCARTESIANPOINTLIST2D(((0.,0.),(0.55000000000000071,0.)));
#1917=IFCINDEXEDPOLYCURVE(#1916,$,$);
#1918=IFCSHAPEREPRESENTATION(#16,'Axis','Curve2D',(#1917));
#1919=IFCSTYLEDITEM(#1914,(#51),'3D 1.000 1.000 1.000 alpha 1.000');
#1920=IFCCARTESIANPOINTLIST2D(((0.,0.),(0.115,0.115),(1.,0.115),(1.,0.)));
#1921=IFCINDEXEDPOLYCURVE(#1920,(IFCLINEINDEX((1,2,3,4,1))),$);
#1922=IFCARBITRARYCLOSEDPROFILEDEF(.AREA.,$,#1921);
#1923=IFCCARTESIANPOINT((0.,0.,0.));
#1924=IFCDIRECTION((0.,0.,1.));
#1925=IFCDIRECTION((1.,0.,0.));
#1926=IFCAXIS2PLACEMENT3D(#1923,#1924,#1925);
#1927=IFCDIRECTION((0.,0.,1.));
#1928=IFCEXTRUDEDAREASOLID(#1922,#1926,#1927,3.);
#1929=IFCSHAPEREPRESENTATION(#11,'Body','SweptSolid',(#1928));
#1930=IFCCARTESIANPOINTLIST2D(((0.,0.),(1.,0.)));
#1931=IFCINDEXEDPOLYCURVE(#1930,$,$);
#1932=IFCSHAPEREPRESENTATION(#16,'Axis','Curve2D',(#1931));
#1933=IFCSTYLEDITEM(#1928,(#51),'3D 1.000 1.000 1.000 alpha 1.000');
#1934=IFCSURFACESTYLE('3D 1.000 1.000 0.169 alpha 1.000',.BOTH.,(#1935));
#1935=IFCSURFACESTYLESHADING(#1936,0.);
#1936=IFCCOLOURRGB($,1.,1.,0.16862745098039217);
#1937=IFCFURNITURE('35euOT2FD1Y95RQM6Xu3dl',$,'Krb',$,'Krb',#1942,#1949,$,.USERDEFINED.);
#1938=IFCCARTESIANPOINT((8.25,4.75,0.20000000000000001));
#1939=IFCDIRECTION((0.,0.,1.));
#1940=IFCDIRECTION((1.,0.,0.));
#1941=IFCAXIS2PLACEMENT3D(#1938,#1939,#1940);
#1942=IFCLOCALPLACEMENT(#39,#1941);
#1943=IFCCARTESIANPOINTLIST2D(((-0.25,-0.25),(0.25,-0.25),(0.25,0.25),(-0.25,0.25)));
#1944=IFCINDEXEDPOLYCURVE(#1943,$,$);
#1945=IFCDIRECTION((0.,0.,1.));
#1946=IFCARBITRARYCLOSEDPROFILEDEF(.AREA.,$,#1944);
#1947=IFCEXTRUDEDAREASOLID(#1946,$,#1945,1.5);
#1948=IFCSHAPEREPRESENTATION(#11,'Body','SweptSolid',(#1947));
#1949=IFCPRODUCTDEFINITIONSHAPE($,$,(#1948,#1953));
#1950=IFCSTYLEDITEM(#1947,(#1934),'3D 1.000 1.000 0.169 alpha 1.000');
#1951=IFCCARTESIANPOINTLIST2D(((-0.25,-0.25),(0.25,-0.25),(0.25,0.25),(-0.25,0.25),(-0.25,-0.25)));
#1952=IFCINDEXEDPOLYCURVE(#1951,$,.F.);
#1953=IFCSHAPEREPRESENTATION(#17,'Body','Curve2D',(#1952));
#1954=IFCANNOTATION('0pz6luZFbBWwxQ1xAp0t5X',$,'Krb Label',$,'TEXT',#1959,#1967);
#1955=IFCCARTESIANPOINT((8.25,4.75,0.20000000000000001));
#1956=IFCDIRECTION((0.,0.,1.));
#1957=IFCDIRECTION((1.,0.,0.));
#1958=IFCAXIS2PLACEMENT3D(#1955,#1956,#1957);
#1959=IFCLOCALPLACEMENT(#39,#1958);
#1960=IFCCARTESIANPOINT((0.,0.,0.));
#1961=IFCDIRECTION((0.,0.,1.));
#1962=IFCDIRECTION((1.,0.,0.));
#1963=IFCAXIS2PLACEMENT3D(#1960,#1961,#1962);
#1964=IFCPLANAREXTENT(0.5,0.5);
#1965=IFCTEXTLITERALWITHEXTENT('Krb',#1963,.RIGHT.,#1964,'center');
#1966=IFCSHAPEREPRESENTATION(#18,'Annotation','Annotation2D',(#1965));
#1967=IFCPRODUCTDEFINITIONSHAPE($,$,(#1966));
#1968=IFCPROPERTYSET('02VYXPPfHAJguexIttwZ5K',$,'EPset_Annotation',$,(#1970));
#1969=IFCRELDEFINESBYPROPERTIES('3MiRlETeHDR8jCQ$ZQ_w38',$,$,$,(#1954),#1968);
#1970=IFCPROPERTYSINGLEVALUE('Classes',$,IFCLABEL('furniture-label small'),$);
#1971=IFCRELASSIGNSTOPRODUCT('34UpVj7vT03evDKAMwtaTD',$,$,$,(#1954),$,#1937);
#1972=IFCFURNITURE('20f4MYx5L4iAa4UHxZ_Bcu',$,'Postel',$,$,#1977,#1984,$,.BED.);
#1973=IFCCARTESIANPOINT((10.,6.75,0.));
#1974=IFCDIRECTION((0.,0.,1.));
#1975=IFCDIRECTION((1.,0.,0.));
#1976=IFCAXIS2PLACEMENT3D(#1973,#1974,#1975);
#1977=IFCLOCALPLACEMENT(#39,#1976);
#1978=IFCCARTESIANPOINTLIST2D(((-0.80000000000000004,-1.),(0.80000000000000004,-1.),(0.80000000000000004,1.),(-0.80000000000000004,1.)));
#1979=IFCINDEXEDPOLYCURVE(#1978,$,$);
#1980=IFCDIRECTION((0.,0.,1.));
#1981=IFCARBITRARYCLOSEDPROFILEDEF(.AREA.,$,#1979);
#1982=IFCEXTRUDEDAREASOLID(#1981,$,#1980,0.5);
#1983=IFCSHAPEREPRESENTATION(#11,'Body','SweptSolid',(#1982));
#1984=IFCPRODUCTDEFINITIONSHAPE($,$,(#1983,#1988));
#1985=IFCSTYLEDITEM(#1982,(#447),'3D 0.545 0.353 0.169 alpha 1.000');
#1986=IFCCARTESIANPOINTLIST2D(((-0.80000000000000004,-1.),(0.80000000000000004,-1.),(0.80000000000000004,1.),(-0.80000000000000004,1.),(-0.80000000000000004,-1.)));
#1987=IFCINDEXEDPOLYCURVE(#1986,$,.F.);
#1988=IFCSHAPEREPRESENTATION(#17,'Body','Curve2D',(#1987));
#1989=IFCANNOTATION('3m0wd5zNnB68K0B7HenSBh',$,'Postel Label',$,'TEXT',#1994,#2002);
#1990=IFCCARTESIANPOINT((10.,6.75,0.));
#1991=IFCDIRECTION((0.,0.,1.));
#1992=IFCDIRECTION((1.,0.,0.));
#1993=IFCAXIS2PLACEMENT3D(#1990,#1991,#1992);
#1994=IFCLOCALPLACEMENT(#39,#1993);
#1995=IFCCARTESIANPOINT((0.,0.,0.));
#1996=IFCDIRECTION((0.,0.,1.));
#1997=IFCDIRECTION((1.,0.,0.));
#1998=IFCAXIS2PLACEMENT3D(#1995,#1996,#1997);
#1999=IFCPLANAREXTENT(1.6000000000000001,2.);
#2000=IFCTEXTLITERALWITHEXTENT('Postel',#1998,.RIGHT.,#1999,'center');
#2001=IFCSHAPEREPRESENTATION(#18,'Annotation','Annotation2D',(#2000));
#2002=IFCPRODUCTDEFINITIONSHAPE($,$,(#2001));
#2003=IFCPROPERTYSET('2Ri$QFN2j8Cw40cWTKwS2O',$,'EPset_Annotation',$,(#2005));
#2004=IFCRELDEFINESBYPROPERTIES('3fNycEmdnEjgu52N8OLTpT',$,$,$,(#1989),#2003);
#2005=IFCPROPERTYSINGLEVALUE('Classes',$,IFCLABEL('furniture-label small'),$);
#2006=IFCRELASSIGNSTOPRODUCT('3qSK1pLiL8KegSb$imQRHW',$,$,$,(#1989),$,#1972);
#2007=IFCOPENINGELEMENT('3zps1zJUrCjvCAktfGsMY5',$,'Hallway passage',$,$,#2024,#2018,$,.OPENING.);
#2008=IFCCARTESIANPOINTLIST2D(((0.,0.),(0.,0.34999999999999998),(1.,0.34999999999999998),(1.,0.),(0.,0.)));
#2009=IFCINDEXEDPOLYCURVE(#2008,$,.F.);
#2010=IFCDIRECTION((0.,0.,1.));
#2011=IFCARBITRARYCLOSEDPROFILEDEF(.AREA.,$,#2009);
#2012=IFCCARTESIANPOINT((0.,-0.050000000000000003,0.));
#2013=IFCDIRECTION((0.,0.,1.));
#2014=IFCDIRECTION((1.,0.,0.));
#2015=IFCAXIS2PLACEMENT3D(#2012,#2013,#2014);
#2016=IFCEXTRUDEDAREASOLID(#2011,#2015,#2010,2.125);
#2017=IFCSHAPEREPRESENTATION(#11,'Body','SweptSolid',(#2016));
#2018=IFCPRODUCTDEFINITIONSHAPE($,$,(#2017));
#2019=IFCRELVOIDSELEMENT('0AkpH4ScHCEuSIC0UStqT6',$,$,$,#190,#2007);
#2020=IFCCARTESIANPOINT((0.75,0.,0.20000000000000001));
#2021=IFCDIRECTION((0.,0.,1.));
#2022=IFCDIRECTION((1.,6.123233995736766E-17,0.));
#2023=IFCAXIS2PLACEMENT3D(#2020,#2021,#2022);
#2024=IFCLOCALPLACEMENT(#199,#2023);
#2025=IFCANNOTATION('1o$7oNLqjAG9OJIV2zkb6t',$,'Hallway passage Overhead',$,'LINEWORK',#2034,#2029);
#2026=IFCCARTESIANPOINTLIST2D(((0.,0.125),(1.,0.125)));
#2027=IFCINDEXEDPOLYCURVE(#2026,$,.F.);
#2028=IFCSHAPEREPRESENTATION(#18,'Annotation','Curve2D',(#2027));
#2029=IFCPRODUCTDEFINITIONSHAPE($,$,(#2028));
#2030=IFCCARTESIANPOINT((8.25,0.75,0.));
#2031=IFCDIRECTION((0.,0.,1.));
#2032=IFCDIRECTION((0.,1.,0.));
#2033=IFCAXIS2PLACEMENT3D(#2030,#2031,#2032);
#2034=IFCLOCALPLACEMENT(#39,#2033);
#2035=IFCPROPERTYSET('0MyfjECdfCleHRvJaElnOP',$,'EPset_Annotation',$,(#2037));
#2036=IFCRELDEFINESBYPROPERTIES('0stDocWLv2MwV9XEzKSFa2',$,$,$,(#2025),#2035);
#2037=IFCPROPERTYSINGLEVALUE('Classes',$,IFCLABEL('dashed'),$);
#2038=IFCSURFACESTYLE('3D 1.000 0.000 0.000 alpha 1.000',.BOTH.,(#2039));
#2039=IFCSURFACESTYLESHADING(#2040,0.);
#2040=IFCCOLOURRGB($,1.,0.,0.);
#2041=IFCSURFACESTYLE('3D 0.000 0.000 1.000 alpha 1.000',.BOTH.,(#2042));
#2042=IFCSURFACESTYLESHADING(#2043,0.);
#2043=IFCCOLOURRGB($,0.,0.,1.);
#2044=IFCSURFACESTYLE('3D 0.000 0.502 0.000 alpha 1.000',.BOTH.,(#2045));
#2045=IFCSURFACESTYLESHADING(#2046,0.);
#2046=IFCCOLOURRGB($,0.,0.50196078431372548,0.);
#2047=IFCSLAB('2ozauRV7HA9Atsv$xeZbEn',$,'Ceiling 1',$,$,#2053,#2057,$,.FLOOR.);
#2048=IFCRELCONTAINEDINSPATIALSTRUCTURE('1kunX_PVvE1AwTOhnFa3tt',$,$,$,(#4666,#8342,#2047),#40);
#2049=IFCCARTESIANPOINT((0.125,7.79,-0.35999999999999988));
#2050=IFCDIRECTION((0.,0.,1.));
#2051=IFCDIRECTION((1.,0.,0.));
#2052=IFCAXIS2PLACEMENT3D(#2049,#2050,#2051);
#2053=IFCLOCALPLACEMENT(#45,#2052);
#2054=IFCCARTESIANPOINTLIST2D(((0.,0.),(3.25,0.),(3.25,-7.5800000000000001),(0.,-7.5800000000000001),(0.,0.)));
#2055=IFCINDEXEDPOLYCURVE(#2054,$,.F.);
#2056=IFCSHAPEREPRESENTATION(#17,'Body','Curve2D',(#2055));
#2057=IFCPRODUCTDEFINITIONSHAPE($,$,(#2056));
#2058=IFCPROPERTYSET('1z6EGlrsT3jvSu58_sSH6P',$,'Pset_SlabCommon',$,(#2060));
#2059=IFCRELDEFINESBYPROPERTIES('12w62HEWD50RjCqrx9GVhg',$,$,$,(#2047),#2058);
#2060=IFCPROPERTYSINGLEVALUE('LoadBearing',$,IFCBOOLEAN(.T.),$);
#2061=IFCPROPERTYSET('03_u1UQkfAlAeEHyYF3vAo',$,'BBIM_MiakoSlab',$,(#2063,#2064,#2065,#2066,#2067,#2068,#2069));
#2062=IFCRELDEFINESBYPROPERTIES('0FXCn$qQTCfe7uNsxftGxY',$,$,$,(#2047),#2061);
#2063=IFCPROPERTYSINGLEVALUE('Structure',$,IFCLABEL('wide,beam,wide,beam,wide,beam,wide,beam,wide,beam,wide,beam,wide,beam,wide,beam,wide,beam,wide,beam,narrow,beam,narrow,beam,narrow'),$);
#2064=IFCPROPERTYSINGLEVALUE('SpanLength',$,IFCREAL(3.25),$);
#2065=IFCPROPERTYSINGLEVALUE('OverallWidth',$,IFCREAL(7.5800000000000001),$);
#2066=IFCPROPERTYSINGLEVALUE('BlockLength',$,IFCREAL(0.25),$);
#2067=IFCPROPERTYSINGLEVALUE('BlockHeight',$,IFCREAL(0.25),$);
#2068=IFCPROPERTYSINGLEVALUE('BeamHeight',$,IFCREAL(0.25),$);
#2069=IFCPROPERTYSINGLEVALUE('ToppingThickness',$,IFCREAL(0.11),$);
#2070=IFCMATERIAL('MIAKO ceramic concrete',$,'concrete');
#2071=IFCMATERIAL('MIAKO ceramic',$,'ceramic');
#2072=IFCMATERIAL('Concrete topping',$,'concrete');
#2073=IFCBUILDINGELEMENTPART('2YXS5FZLzAv942L4RfEMTu',$,'Ceiling 1 Wide Block 1.1',$,$,#3760,#2096,$,$);
#2074=IFCBUILDINGELEMENTPARTTYPE('3jPg6pY0v0Qx4ul7Mr6GvR',$,'MIAKO wide block 250x455x250',$,$,$,(#2086),$,'MIAKO wide block',.USERDEFINED.);
#2075=IFCCARTESIANPOINTLIST2D(((0.,0.),(0.25,0.),(0.25,-0.45500000000000002),(0.,-0.45500000000000002)));
#2076=IFCINDEXEDPOLYCURVE(#2075,$,$);
#2077=IFCDIRECTION((0.,0.,1.));
#2078=IFCARBITRARYCLOSEDPROFILEDEF(.AREA.,$,#2076);
#2079=IFCEXTRUDEDAREASOLID(#2078,$,#2077,0.25);
#2080=IFCSHAPEREPRESENTATION(#11,'Body','SweptSolid',(#2079));
#2081=IFCSTYLEDITEM(#2079,(#2041),'3D 0.000 0.000 1.000 alpha 1.000');
#2082=IFCCARTESIANPOINT((0.,0.,0.));
#2083=IFCDIRECTION((1.,0.,0.));
#2084=IFCDIRECTION((0.,0.,1.));
#2085=IFCAXIS2PLACEMENT3D(#2082,#2084,#2083);
#2086=IFCREPRESENTATIONMAP(#2085,#2080);
#2087=IFCRELASSOCIATESMATERIAL('0iUz9OKWr5gxR_f7Ts9Otj',$,$,$,(#2074,#3364),#2071);
#2088=IFCRELDEFINESBYTYPE('3QZ_tAHub22fEY4z5moVhQ',$,$,$,(#4706,#5089,#5368,#4972,#9341,#2958,#9224,#8612,#2841,#5170,#2445,#2073,#6070,#5674,#5557,#4778,#6457,#2643,#2247,#2526,#9197,#8418,#3030,#5755,#6259,#8684,#6142,#5530,#4751,#2832,#8882,#5017,#3111,#2715,#8391,#9269,#8490,#5215,#6115,#5098,#5998,#5602,#9071,#8855,#2688,#8954,#2571,#8463,#5800,#5404,#8729,#5683,#5287,#6187,#4796,#3273,#2133,#8927,#8531,#3156,#2760,#2544,#6385,#5989,#9314,#6268,#5872,#5656,#5260,#5143,#9116,#3345,#8900,#3129,#2733,#8999,#8783,#2616,#4945,#6241,#5845,#4850,#5728,#5332,#8585,#2418,#3318,#2178,#2301,#8972,#4724,#3201,#9368,#6430,#5917,#5701,#5305,#9170,#3003,#5188,#2886,#2274,#2778,#9044,#2661,#4990,#6286,#5890,#9242,#8630,#2859,#2463,#9017,#3246,#2106,#5575,#6475,#5458,#5062,#6358,#9215,#8436,#3048,#9098,#8702,#2931,#2535,#6160,#2319,#6043,#5431,#5035,#5935,#4918,#5818,#9287,#3120,#8675,#2904,#2508,#8774,#8558,#2391,#6016,#5620,#5503,#5107,#6403,#4891,#2589,#9260,#8481,#3093,#9359,#9143,#8364,#8747,#6205,#6088,#5476,#5080,#3174,#4697,#2562,#8828,#4963,#9332,#2949,#2436,#5161,#6061,#5665,#3147,#6097,#5548,#4769,#2634,#2238,#9305,#9188,#8409,#3021,#5350,#5746,#6250,#5134,#8990,#4742,#3219,#2823,#2607,#8873,#5008,#2706,#2490,#6331,#8382,#5719,#5206,#4823,#2292,#3192,#9062,#3291,#2151,#8846,#3075,#2679,#6304,#8454,#5791,#5395,#5179,#2877,#5278,#6178,#2364,#9035,#3264,#2124,#8918,#8522,#2751,#6376,#5980,#5764,#5863,#5647,#5251,#8720,#2337,#8603,#3336,#2196,#5449,#6349,#6448,#4936,#6232,#5836,#4841,#2922,#5323,#8576,#2805,#2409,#9080,#3309,#2169,#6034,#8963,#5521,#6421,#4909,#5908,#9161,#5296,#8765,#2994,#2382,#8648,#2481,#6106,#2265,#5494,#4715,#5377,#4981,#5881,#9350,#2967,#8837,#8621,#2454,#6079,#5962,#5566,#6466,#4954,#2652,#9206,#8427,#8810,#3039,#2427,#8693,#6151,#5539,#4760,#3237,#5638,#5422,#5026,#8891,#3012,#9278,#8666,#2895,#2499,#5224,#6124,#6007,#5611,#4832,#2697,#2580,#9251,#8472,#3084,#5809,#9134,#8738,#5692,#6196,#4805,#3282,#8936,#4688,#5071,#3165,#2769,#8540,#2553,#6394,#8819,#9323,#6277,#5269,#6169,#5152,#6052,#9125,#3138,#2742,#9008,#2097,#8792,#2625,#2229,#5854,#8400,#5737,#5341,#5125,#3327,#2310,#8981,#4733,#3210,#2814,#6439,#8864,#6322,#5926,#5710,#5314,#4814,#5197,#2283,#8549,#3183,#2787,#9053,#2142,#3066,#2670,#4999,#6295,#5899,#4882,#8445,#5782,#5386,#4787,#2868,#2355,#9026,#3255,#2115,#5584,#6484,#8909,#5467,#6367,#5971,#5359,#3057,#9107,#5242,#8711,#2940,#2328,#8594,#2187,#5440,#5044,#6340,#5944,#4927,#6223,#5827,#9296,#2913,#2517,#9179,#8567,#2796,#2400,#3300,#2160,#5629,#6025,#5512,#5116,#6412,#4900,#9152,#8373,#8756,#2985,#2373,#6214,#8639,#2256,#5485),#2074);
#2089=IFCCARTESIANPOINT((0.,0.,0.));
#2090=IFCDIRECTION((1.,0.,0.));
#2091=IFCDIRECTION((0.,1.,0.));
#2092=IFCDIRECTION((0.,0.,1.));
#2093=IFCCARTESIANTRANSFORMATIONOPERATOR3D(#2090,#2091,#2089,1.,#2092);
#2094=IFCMAPPEDITEM(#2086,#2093);
#2095=IFCSHAPEREPRESENTATION(#11,'Body','MappedRepresentation',(#2094));
#2096=IFCPRODUCTDEFINITIONSHAPE($,$,(#2095));
#2097=IFCBUILDINGELEMENTPART('3q1uH9iuPEhPjIVHzGFPIx',$,'Ceiling 1 Wide Block 1.2',$,$,#3765,#2105,$,$);
#2098=IFCCARTESIANPOINT((0.,0.,0.));
#2099=IFCDIRECTION((1.,0.,0.));
#2100=IFCDIRECTION((0.,1.,0.));
#2101=IFCDIRECTION((0.,0.,1.));
#2102=IFCCARTESIANTRANSFORMATIONOPERATOR3D(#2099,#2100,#2098,1.,#2101);
#2103=IFCMAPPEDITEM(#2086,#2102);
#2104=IFCSHAPEREPRESENTATION(#11,'Body','MappedRepresentation',(#2103));
#2105=IFCPRODUCTDEFINITIONSHAPE($,$,(#2104));
#2106=IFCBUILDINGELEMENTPART('1_v7lJfZ59NuZWyohFgo7D',$,'Ceiling 1 Wide Block 1.3',$,$,#3770,#2114,$,$);
#2107=IFCCARTESIANPOINT((0.,0.,0.));
#2108=IFCDIRECTION((1.,0.,0.));
#2109=IFCDIRECTION((0.,1.,0.));
#2110=IFCDIRECTION((0.,0.,1.));
#2111=IFCCARTESIANTRANSFORMATIONOPERATOR3D(#2108,#2109,#2107,1.,#2110);
#2112=IFCMAPPEDITEM(#2086,#2111);
#2113=IFCSHAPEREPRESENTATION(#11,'Body','MappedRepresentation',(#2112));
#2114=IFCPRODUCTDEFINITIONSHAPE($,$,(#2113));
#2115=IFCBUILDINGELEMENTPART('3BZrruERX4QO8h5t_ERzJg',$,'Ceiling 1 Wide Block 1.4',$,$,#3775,#2123,$,$);
#2116=IFCCARTESIANPOINT((0.,0.,0.));
#2117=IFCDIRECTION((1.,0.,0.));
#2118=IFCDIRECTION((0.,1.,0.));
#2119=IFCDIRECTION((0.,0.,1.));
#2120=IFCCARTESIANTRANSFORMATIONOPERATOR3D(#2117,#2118,#2116,1.,#2119);
#2121=IFCMAPPEDITEM(#2086,#2120);
#2122=IFCSHAPEREPRESENTATION(#11,'Body','MappedRepresentation',(#2121));
#2123=IFCPRODUCTDEFINITIONSHAPE($,$,(#2122));
#2124=IFCBUILDINGELEMENTPART('2ZNIZa3hHEofDxwNBWTLLI',$,'Ceiling 1 Wide Block 1.5',$,$,#3780,#2132,$,$);
#2125=IFCCARTESIANPOINT((0.,0.,0.));
#2126=IFCDIRECTION((1.,0.,0.));
#2127=IFCDIRECTION((0.,1.,0.));
#2128=IFCDIRECTION((0.,0.,1.));
#2129=IFCCARTESIANTRANSFORMATIONOPERATOR3D(#2126,#2127,#2125,1.,#2128);
#2130=IFCMAPPEDITEM(#2086,#2129);
#2131=IFCSHAPEREPRESENTATION(#11,'Body','MappedRepresentation',(#2130));
#2132=IFCPRODUCTDEFINITIONSHAPE($,$,(#2131));
#2133=IFCBUILDINGELEMENTPART('1hhzN304v18PB4aUulcZg2',$,'Ceiling 1 Wide Block 1.6',$,$,#3785,#2141,$,$);
#2134=IFCCARTESIANPOINT((0.,0.,0.));
#2135=IFCDIRECTION((1.,0.,0.));
#2136=IFCDIRECTION((0.,1.,0.));
#2137=IFCDIRECTION((0.,0.,1.));
#2138=IFCCARTESIANTRANSFORMATIONOPERATOR3D(#2135,#2136,#2134,1.,#2137);
#2139=IFCMAPPEDITEM(#2086,#2138);
#2140=IFCSHAPEREPRESENTATION(#11,'Body','MappedRepresentation',(#2139));
#2141=IFCPRODUCTDEFINITIONSHAPE($,$,(#2140));
#2142=IFCBUILDINGELEMENTPART('34N7OR9$H5uxMu3fJRWfGB',$,'Ceiling 1 Wide Block 1.7',$,$,#3790,#2150,$,$);
#2143=IFCCARTESIANPOINT((0.,0.,0.));
#2144=IFCDIRECTION((1.,0.,0.));
#2145=IFCDIRECTION((0.,1.,0.));
#2146=IFCDIRECTION((0.,0.,1.));
#2147=IFCCARTESIANTRANSFORMATIONOPERATOR3D(#2144,#2145,#2143,1.,#2146);
#2148=IFCMAPPEDITEM(#2086,#2147);
#2149=IFCSHAPEREPRESENTATION(#11,'Body','MappedRepresentation',(#2148));
#2150=IFCPRODUCTDEFINITIONSHAPE($,$,(#2149));
#2151=IFCBUILDINGELEMENTPART('1y1YjXQkH9LRKxCO6_dwK$',$,'Ceiling 1 Wide Block 1.8',$,$,#3795,#2159,$,$);
#2152=IFCCARTESIANPOINT((0.,0.,0.));
#2153=IFCDIRECTION((1.,0.,0.));
#2154=IFCDIRECTION((0.,1.,0.));
#2155=IFCDIRECTION((0.,0.,1.));
#2156=IFCCARTESIANTRANSFORMATIONOPERATOR3D(#2153,#2154,#2152,1.,#2155);
#2157=IFCMAPPEDITEM(#2086,#2156);
#2158=IFCSHAPEREPRESENTATION(#11,'Body','MappedRepresentation',(#2157));
#2159=IFCPRODUCTDEFINITIONSHAPE($,$,(#2158));
#2160=IFCBUILDINGELEMENTPART('37lp6uk2v7hfb$uqhiW112',$,'Ceiling 1 Wide Block 1.9',$,$,#3800,#2168,$,$);
#2161=IFCCARTESIANPOINT((0.,0.,0.));
#2162=IFCDIRECTION((1.,0.,0.));
#2163=IFCDIRECTION((0.,1.,0.));
#2164=IFCDIRECTION((0.,0.,1.));
#2165=IFCCARTESIANTRANSFORMATIONOPERATOR3D(#2162,#2163,#2161,1.,#2164);
#2166=IFCMAPPEDITEM(#2086,#2165);
#2167=IFCSHAPEREPRESENTATION(#11,'Body','MappedRepresentation',(#2166));
#2168=IFCPRODUCTDEFINITIONSHAPE($,$,(#2167));
#2169=IFCBUILDINGELEMENTPART('0sSrHYeBPD8O5m_kCC5aju',$,'Ceiling 1 Wide Block 1.10',$,$,#3805,#2177,$,$);
#2170=IFCCARTESIANPOINT((0.,0.,0.));
#2171=IFCDIRECTION((1.,0.,0.));
#2172=IFCDIRECTION((0.,1.,0.));
#2173=IFCDIRECTION((0.,0.,1.));
#2174=IFCCARTESIANTRANSFORMATIONOPERATOR3D(#2171,#2172,#2170,1.,#2173);
#2175=IFCMAPPEDITEM(#2086,#2174);
#2176=IFCSHAPEREPRESENTATION(#11,'Body','MappedRepresentation',(#2175));
#2177=IFCPRODUCTDEFINITIONSHAPE($,$,(#2176));
#2178=IFCBUILDINGELEMENTPART('3TOvqYxIr3zOP$YNM1wkuq',$,'Ceiling 1 Wide Block 1.11',$,$,#3810,#2186,$,$);
#2179=IFCCARTESIANPOINT((0.,0.,0.));
#2180=IFCDIRECTION((1.,0.,0.));
#2181=IFCDIRECTION((0.,1.,0.));
#2182=IFCDIRECTION((0.,0.,1.));
#2183=IFCCARTESIANTRANSFORMATIONOPERATOR3D(#2180,#2181,#2179,1.,#2182);
#2184=IFCMAPPEDITEM(#2086,#2183);
#2185=IFCSHAPEREPRESENTATION(#11,'Body','MappedRepresentation',(#2184));
#2186=IFCPRODUCTDEFINITIONSHAPE($,$,(#2185));
#2187=IFCBUILDINGELEMENTPART('25mjx5_RjCNwcPjaF5Vx2i',$,'Ceiling 1 Wide Block 1.12',$,$,#3815,#2195,$,$);
#2188=IFCCARTESIANPOINT((0.,0.,0.));
#2189=IFCDIRECTION((1.,0.,0.));
#2190=IFCDIRECTION((0.,1.,0.));
#2191=IFCDIRECTION((0.,0.,1.));
#2192=IFCCARTESIANTRANSFORMATIONOPERATOR3D(#2189,#2190,#2188,1.,#2191);
#2193=IFCMAPPEDITEM(#2086,#2192);
#2194=IFCSHAPEREPRESENTATION(#11,'Body','MappedRepresentation',(#2193));
#2195=IFCPRODUCTDEFINITIONSHAPE($,$,(#2194));
#2196=IFCBUILDINGELEMENTPART('1Q4PcAs154APFRgzsRykr4',$,'Ceiling 1 Wide Block 1.13',$,$,#3820,#2204,$,$);
#2197=IFCCARTESIANPOINT((0.,0.,0.));
#2198=IFCDIRECTION((1.,0.,0.));
#2199=IFCDIRECTION((0.,1.,0.));
#2200=IFCDIRECTION((0.,0.,1.));
#2201=IFCCARTESIANTRANSFORMATIONOPERATOR3D(#2198,#2199,#2197,1.,#2200);
#2202=IFCMAPPEDITEM(#2086,#2201);
#2203=IFCSHAPEREPRESENTATION(#11,'Body','MappedRepresentation',(#2202));
#2204=IFCPRODUCTDEFINITIONSHAPE($,$,(#2203));
#2205=IFCBEAM('1anMEMFdr4jx13_QYe4fPf',$,'Ceiling 1 Beam 1',$,$,#3825,#2228,$,$);
#2206=IFCBEAMTYPE('1XsCO749bBSAuq9TdAI$9v',$,'MIAKO beam 170x250, L=3.250 m',$,$,$,(#2218),$,$,.JOIST.);
#2207=IFCCARTESIANPOINTLIST2D(((0.,0.),(3.25,0.),(3.25,-0.17000000000000001),(0.,-0.17000000000000001)));
#2208=IFCINDEXEDPOLYCURVE(#2207,$,$);
#2209=IFCDIRECTION((0.,0.,1.));
#2210=IFCARBITRARYCLOSEDPROFILEDEF(.AREA.,$,#2208);
#2211=IFCEXTRUDEDAREASOLID(#2210,$,#2209,0.25);
#2212=IFCSHAPEREPRESENTATION(#11,'Body','SweptSolid',(#2211));
#2213=IFCSTYLEDITEM(#2211,(#2038),'3D 1.000 0.000 0.000 alpha 1.000');
#2214=IFCCARTESIANPOINT((0.,0.,0.));
#2215=IFCDIRECTION((1.,0.,0.));
#2216=IFCDIRECTION((0.,0.,1.));
#2217=IFCAXIS2PLACEMENT3D(#2214,#2216,#2215);
#2218=IFCREPRESENTATIONMAP(#2217,#2212);
#2219=IFCRELASSOCIATESMATERIAL('3OXhi02g10rvjkvM4A_vPv',$,$,$,(#2206,#8500,#4860),#2070);
#2220=IFCRELDEFINESBYTYPE('2ojYkiXz12K9Y7PXYb9lEE',$,$,$,(#3228,#2598,#3354,#2472,#3102,#3494,#2205,#3620,#2850,#2346,#2724,#2976),#2206);
#2221=IFCCARTESIANPOINT((0.,0.,0.));
#2222=IFCDIRECTION((1.,0.,0.));
#2223=IFCDIRECTION((0.,1.,0.));
#2224=IFCDIRECTION((0.,0.,1.));
#2225=IFCCARTESIANTRANSFORMATIONOPERATOR3D(#2222,#2223,#2221,1.,#2224);
#2226=IFCMAPPEDITEM(#2218,#2225);
#2227=IFCSHAPEREPRESENTATION(#11,'Body','MappedRepresentation',(#2226));
#2228=IFCPRODUCTDEFINITIONSHAPE($,$,(#2227));
#2229=IFCBUILDINGELEMENTPART('3$eL4$bz98KhzjGZsLGYbJ',$,'Ceiling 1 Wide Block 2.1',$,$,#3830,#2237,$,$);
#2230=IFCCARTESIANPOINT((0.,0.,0.));
#2231=IFCDIRECTION((1.,0.,0.));
#2232=IFCDIRECTION((0.,1.,0.));
#2233=IFCDIRECTION((0.,0.,1.));
#2234=IFCCARTESIANTRANSFORMATIONOPERATOR3D(#2231,#2232,#2230,1.,#2233);
#2235=IFCMAPPEDITEM(#2086,#2234);
#2236=IFCSHAPEREPRESENTATION(#11,'Body','MappedRepresentation',(#2235));
#2237=IFCPRODUCTDEFINITIONSHAPE($,$,(#2236));
#2238=IFCBUILDINGELEMENTPART('01jkTABMH6kPbrRZyky7lN',$,'Ceiling 1 Wide Block 2.2',$,$,#3835,#2246,$,$);
#2239=IFCCARTESIANPOINT((0.,0.,0.));
#2240=IFCDIRECTION((1.,0.,0.));
#2241=IFCDIRECTION((0.,1.,0.));
#2242=IFCDIRECTION((0.,0.,1.));
#2243=IFCCARTESIANTRANSFORMATIONOPERATOR3D(#2240,#2241,#2239,1.,#2242);
#2244=IFCMAPPEDITEM(#2086,#2243);
#2245=IFCSHAPEREPRESENTATION(#11,'Body','MappedRepresentation',(#2244));
#2246=IFCPRODUCTDEFINITIONSHAPE($,$,(#2245));
#2247=IFCBUILDINGELEMENTPART('2UzgRnZ4z7ZekEmyfI3s88',$,'Ceiling 1 Wide Block 2.3',$,$,#3840,#2255,$,$);
#2248=IFCCARTESIANPOINT((0.,0.,0.));
#2249=IFCDIRECTION((1.,0.,0.));
#2250=IFCDIRECTION((0.,1.,0.));
#2251=IFCDIRECTION((0.,0.,1.));
#2252=IFCCARTESIANTRANSFORMATIONOPERATOR3D(#2249,#2250,#2248,1.,#2251);
#2253=IFCMAPPEDITEM(#2086,#2252);
#2254=IFCSHAPEREPRESENTATION(#11,'Body','MappedRepresentation',(#2253));
#2255=IFCPRODUCTDEFINITIONSHAPE($,$,(#2254));
#2256=IFCBUILDINGELEMENTPART('11iXAt0f56PPo$FEXJPOMt',$,'Ceiling 1 Wide Block 2.4',$,$,#3845,#2264,$,$);
#2257=IFCCARTESIANPOINT((0.,0.,0.));
#2258=IFCDIRECTION((1.,0.,0.));
#2259=IFCDIRECTION((0.,1.,0.));
#2260=IFCDIRECTION((0.,0.,1.));
#2261=IFCCARTESIANTRANSFORMATIONOPERATOR3D(#2258,#2259,#2257,1.,#2260);
#2262=IFCMAPPEDITEM(#2086,#2261);
#2263=IFCSHAPEREPRESENTATION(#11,'Body','MappedRepresentation',(#2262));
#2264=IFCPRODUCTDEFINITIONSHAPE($,$,(#2263));
#2265=IFCBUILDINGELEMENTPART('2E3EIILbz1JQfjXrCvoysX',$,'Ceiling 1 Wide Block 2.5',$,$,#3850,#2273,$,$);
#2266=IFCCARTESIANPOINT((0.,0.,0.));
#2267=IFCDIRECTION((1.,0.,0.));
#2268=IFCDIRECTION((0.,1.,0.));
#2269=IFCDIRECTION((0.,0.,1.));
#2270=IFCCARTESIANTRANSFORMATIONOPERATOR3D(#2267,#2268,#2266,1.,#2269);
#2271=IFCMAPPEDITEM(#2086,#2270);
#2272=IFCSHAPEREPRESENTATION(#11,'Body','MappedRepresentation',(#2271));
#2273=IFCPRODUCTDEFINITIONSHAPE($,$,(#2272));
#2274=IFCBUILDINGELEMENTPART('2yNyaAXFz7JeuYAH$GKbsQ',$,'Ceiling 1 Wide Block 2.6',$,$,#3855,#2282,$,$);
#2275=IFCCARTESIANPOINT((0.,0.,0.));
#2276=IFCDIRECTION((1.,0.,0.));
#2277=IFCDIRECTION((0.,1.,0.));
#2278=IFCDIRECTION((0.,0.,1.));
#2279=IFCCARTESIANTRANSFORMATIONOPERATOR3D(#2276,#2277,#2275,1.,#2278);
#2280=IFCMAPPEDITEM(#2086,#2279);
#2281=IFCSHAPEREPRESENTATION(#11,'Body','MappedRepresentation',(#2280));
#2282=IFCPRODUCTDEFINITIONSHAPE($,$,(#2281));
#2283=IFCBUILDINGELEMENTPART('32HYfysW96BfAJnviKQE_K',$,'Ceiling 1 Wide Block 2.7',$,$,#3860,#2291,$,$);
#2284=IFCCARTESIANPOINT((0.,0.,0.));
#2285=IFCDIRECTION((1.,0.,0.));
#2286=IFCDIRECTION((0.,1.,0.));
#2287=IFCDIRECTION((0.,0.,1.));
#2288=IFCCARTESIANTRANSFORMATIONOPERATOR3D(#2285,#2286,#2284,1.,#2287);
#2289=IFCMAPPEDITEM(#2086,#2288);
#2290=IFCSHAPEREPRESENTATION(#11,'Body','MappedRepresentation',(#2289));
#2291=IFCPRODUCTDEFINITIONSHAPE($,$,(#2290));
#2292=IFCBUILDINGELEMENTPART('1Jje8mix93IOxMlklvwy$S',$,'Ceiling 1 Wide Block 2.8',$,$,#3865,#2300,$,$);
#2293=IFCCARTESIANPOINT((0.,0.,0.));
#2294=IFCDIRECTION((1.,0.,0.));
#2295=IFCDIRECTION((0.,1.,0.));
#2296=IFCDIRECTION((0.,0.,1.));
#2297=IFCCARTESIANTRANSFORMATIONOPERATOR3D(#2294,#2295,#2293,1.,#2296);
#2298=IFCMAPPEDITEM(#2086,#2297);
#2299=IFCSHAPEREPRESENTATION(#11,'Body','MappedRepresentation',(#2298));
#2300=IFCPRODUCTDEFINITIONSHAPE($,$,(#2299));
#2301=IFCBUILDINGELEMENTPART('2Nn02NH29EiB9Hr0uoJjdB',$,'Ceiling 1 Wide Block 2.9',$,$,#3870,#2309,$,$);
#2302=IFCCARTESIANPOINT((0.,0.,0.));
#2303=IFCDIRECTION((1.,0.,0.));
#2304=IFCDIRECTION((0.,1.,0.));
#2305=IFCDIRECTION((0.,0.,1.));
#2306=IFCCARTESIANTRANSFORMATIONOPERATOR3D(#2303,#2304,#2302,1.,#2305);
#2307=IFCMAPPEDITEM(#2086,#2306);
#2308=IFCSHAPEREPRESENTATION(#11,'Body','MappedRepresentation',(#2307));
#2309=IFCPRODUCTDEFINITIONSHAPE($,$,(#2308));
#2310=IFCBUILDINGELEMENTPART('0KWK2U3cL8wfoVYE38SmOG',$,'Ceiling 1 Wide Block 2.10',$,$,#3875,#2318,$,$);
#2311=IFCCARTESIANPOINT((0.,0.,0.));
#2312=IFCDIRECTION((1.,0.,0.));
#2313=IFCDIRECTION((0.,1.,0.));
#2314=IFCDIRECTION((0.,0.,1.));
#2315=IFCCARTESIANTRANSFORMATIONOPERATOR3D(#2312,#2313,#2311,1.,#2314);
#2316=IFCMAPPEDITEM(#2086,#2315);
#2317=IFCSHAPEREPRESENTATION(#11,'Body','MappedRepresentation',(#2316));
#2318=IFCPRODUCTDEFINITIONSHAPE($,$,(#2317));
#2319=IFCBUILDINGELEMENTPART('1zFUVOgf1CdgsaMmsWMTJh',$,'Ceiling 1 Wide Block 2.11',$,$,#3880,#2327,$,$);
#2320=IFCCARTESIANPOINT((0.,0.,0.));
#2321=IFCDIRECTION((1.,0.,0.));
#2322=IFCDIRECTION((0.,1.,0.));
#2323=IFCDIRECTION((0.,0.,1.));
#2324=IFCCARTESIANTRANSFORMATIONOPERATOR3D(#2321,#2322,#2320,1.,#2323);
#2325=IFCMAPPEDITEM(#2086,#2324);
#2326=IFCSHAPEREPRESENTATION(#11,'Body','MappedRepresentation',(#2325));
#2327=IFCPRODUCTDEFINITIONSHAPE($,$,(#2326));
#2328=IFCBUILDINGELEMENTPART('1nG1_BhibA_958OnCsDHQc',$,'Ceiling 1 Wide Block 2.12',$,$,#3885,#2336,$,$);
#2329=IFCCARTESIANPOINT((0.,0.,0.));
#2330=IFCDIRECTION((1.,0.,0.));
#2331=IFCDIRECTION((0.,1.,0.));
#2332=IFCDIRECTION((0.,0.,1.));
#2333=IFCCARTESIANTRANSFORMATIONOPERATOR3D(#2330,#2331,#2329,1.,#2332);
#2334=IFCMAPPEDITEM(#2086,#2333);
#2335=IFCSHAPEREPRESENTATION(#11,'Body','MappedRepresentation',(#2334));
#2336=IFCPRODUCTDEFINITIONSHAPE($,$,(#2335));
#2337=IFCBUILDINGELEMENTPART('28KrT4a2vEpOYhmq4p5rvy',$,'Ceiling 1 Wide Block 2.13',$,$,#3890,#2345,$,$);
#2338=IFCCARTESIANPOINT((0.,0.,0.));
#2339=IFCDIRECTION((1.,0.,0.));
#2340=IFCDIRECTION((0.,1.,0.));
#2341=IFCDIRECTION((0.,0.,1.));
#2342=IFCCARTESIANTRANSFORMATIONOPERATOR3D(#2339,#2340,#2338,1.,#2341);
#2343=IFCMAPPEDITEM(#2086,#2342);
#2344=IFCSHAPEREPRESENTATION(#11,'Body','MappedRepresentation',(#2343));
#2345=IFCPRODUCTDEFINITIONSHAPE($,$,(#2344));
#2346=IFCBEAM('0ttxeG7pz9rhX4YYOyj15f',$,'Ceiling 1 Beam 2',$,$,#3895,#2354,$,$);
#2347=IFCCARTESIANPOINT((0.,0.,0.));
#2348=IFCDIRECTION((1.,0.,0.));
#2349=IFCDIRECTION((0.,1.,0.));
#2350=IFCDIRECTION((0.,0.,1.));
#2351=IFCCARTESIANTRANSFORMATIONOPERATOR3D(#2348,#2349,#2347,1.,#2350);
#2352=IFCMAPPEDITEM(#2218,#2351);
#2353=IFCSHAPEREPRESENTATION(#11,'Body','MappedRepresentation',(#2352));
#2354=IFCPRODUCTDEFINITIONSHAPE($,$,(#2353));
#2355=IFCBUILDINGELEMENTPART('2i2NnzMv96aPtDhpEMKRvb',$,'Ceiling 1 Wide Block 3.1',$,$,#3900,#2363,$,$);
#2356=IFCCARTESIANPOINT((0.,0.,0.));
#2357=IFCDIRECTION((1.,0.,0.));
#2358=IFCDIRECTION((0.,1.,0.));
#2359=IFCDIRECTION((0.,0.,1.));
#2360=IFCCARTESIANTRANSFORMATIONOPERATOR3D(#2357,#2358,#2356,1.,#2359);
#2361=IFCMAPPEDITEM(#2086,#2360);
#2362=IFCSHAPEREPRESENTATION(#11,'Body','MappedRepresentation',(#2361));
#2363=IFCPRODUCTDEFINITIONSHAPE($,$,(#2362));
#2364=IFCBUILDINGELEMENTPART('28Z9vn5Rj51gUvHpgbsQ0p',$,'Ceiling 1 Wide Block 3.2',$,$,#3905,#2372,$,$);
#2365=IFCCARTESIANPOINT((0.,0.,0.));
#2366=IFCDIRECTION((1.,0.,0.));
#2367=IFCDIRECTION((0.,1.,0.));
#2368=IFCDIRECTION((0.,0.,1.));
#2369=IFCCARTESIANTRANSFORMATIONOPERATOR3D(#2366,#2367,#2365,1.,#2368);
#2370=IFCMAPPEDITEM(#2086,#2369);
#2371=IFCSHAPEREPRESENTATION(#11,'Body','MappedRepresentation',(#2370));
#2372=IFCPRODUCTDEFINITIONSHAPE($,$,(#2371));
#2373=IFCBUILDINGELEMENTPART('2vnTKUhRr1AeiR8Jj_4tBH',$,'Ceiling 1 Wide Block 3.3',$,$,#3910,#2381,$,$);
#2374=IFCCARTESIANPOINT((0.,0.,0.));
#2375=IFCDIRECTION((1.,0.,0.));
#2376=IFCDIRECTION((0.,1.,0.));
#2377=IFCDIRECTION((0.,0.,1.));
#2378=IFCCARTESIANTRANSFORMATIONOPERATOR3D(#2375,#2376,#2374,1.,#2377);
#2379=IFCMAPPEDITEM(#2086,#2378);
#2380=IFCSHAPEREPRESENTATION(#11,'Body','MappedRepresentation',(#2379));
#2381=IFCPRODUCTDEFINITIONSHAPE($,$,(#2380));
#2382=IFCBUILDINGELEMENTPART('2o5c7U4sz53xmw3jgfXGaD',$,'Ceiling 1 Wide Block 3.4',$,$,#3915,#2390,$,$);
#2383=IFCCARTESIANPOINT((0.,0.,0.));
#2384=IFCDIRECTION((1.,0.,0.));
#2385=IFCDIRECTION((0.,1.,0.));
#2386=IFCDIRECTION((0.,0.,1.));
#2387=IFCCARTESIANTRANSFORMATIONOPERATOR3D(#2384,#2385,#2383,1.,#2386);
#2388=IFCMAPPEDITEM(#2086,#2387);
#2389=IFCSHAPEREPRESENTATION(#11,'Body','MappedRepresentation',(#2388));
#2390=IFCPRODUCTDEFINITIONSHAPE($,$,(#2389));
#2391=IFCBUILDINGELEMENTPART('3bplGZe$rDnOK8M3LQt0bd',$,'Ceiling 1 Wide Block 3.5',$,$,#3920,#2399,$,$);
#2392=IFCCARTESIANPOINT((0.,0.,0.));
#2393=IFCDIRECTION((1.,0.,0.));
#2394=IFCDIRECTION((0.,1.,0.));
#2395=IFCDIRECTION((0.,0.,1.));
#2396=IFCCARTESIANTRANSFORMATIONOPERATOR3D(#2393,#2394,#2392,1.,#2395);
#2397=IFCMAPPEDITEM(#2086,#2396);
#2398=IFCSHAPEREPRESENTATION(#11,'Body','MappedRepresentation',(#2397));
#2399=IFCPRODUCTDEFINITIONSHAPE($,$,(#2398));
#2400=IFCBUILDINGELEMENTPART('0jgnlyGcf5KOtagwojqyqq',$,'Ceiling 1 Wide Block 3.6',$,$,#3925,#2408,$,$);
#2401=IFCCARTESIANPOINT((0.,0.,0.));
#2402=IFCDIRECTION((1.,0.,0.));
#2403=IFCDIRECTION((0.,1.,0.));
#2404=IFCDIRECTION((0.,0.,1.));
#2405=IFCCARTESIANTRANSFORMATIONOPERATOR3D(#2402,#2403,#2401,1.,#2404);
#2406=IFCMAPPEDITEM(#2086,#2405);
#2407=IFCSHAPEREPRESENTATION(#11,'Body','MappedRepresentation',(#2406));
#2408=IFCPRODUCTDEFINITIONSHAPE($,$,(#2407));
#2409=IFCBUILDINGELEMENTPART('3_B393jOHBCvc5D0E9o2Ut',$,'Ceiling 1 Wide Block 3.7',$,$,#3930,#2417,$,$);
#2410=IFCCARTESIANPOINT((0.,0.,0.));
#2411=IFCDIRECTION((1.,0.,0.));
#2412=IFCDIRECTION((0.,1.,0.));
#2413=IFCDIRECTION((0.,0.,1.));
#2414=IFCCARTESIANTRANSFORMATIONOPERATOR3D(#2411,#2412,#2410,1.,#2413);
#2415=IFCMAPPEDITEM(#2086,#2414);
#2416=IFCSHAPEREPRESENTATION(#11,'Body','MappedRepresentation',(#2415));
#2417=IFCPRODUCTDEFINITIONSHAPE($,$,(#2416));
#2418=IFCBUILDINGELEMENTPART('1YKqIajaX4QQu5DKgiURKu',$,'Ceiling 1 Wide Block 3.8',$,$,#3935,#2426,$,$);
#2419=IFCCARTESIANPOINT((0.,0.,0.));
#2420=IFCDIRECTION((1.,0.,0.));
#2421=IFCDIRECTION((0.,1.,0.));
#2422=IFCDIRECTION((0.,0.,1.));
#2423=IFCCARTESIANTRANSFORMATIONOPERATOR3D(#2420,#2421,#2419,1.,#2422);
#2424=IFCMAPPEDITEM(#2086,#2423);
#2425=IFCSHAPEREPRESENTATION(#11,'Body','MappedRepresentation',(#2424));
#2426=IFCPRODUCTDEFINITIONSHAPE($,$,(#2425));
#2427=IFCBUILDINGELEMENTPART('2ERGCoS_b6sOStjiX$EPZA',$,'Ceiling 1 Wide Block 3.9',$,$,#3940,#2435,$,$);
#2428=IFCCARTESIANPOINT((0.,0.,0.));
#2429=IFCDIRECTION((1.,0.,0.));
#2430=IFCDIRECTION((0.,1.,0.));
#2431=IFCDIRECTION((0.,0.,1.));
#2432=IFCCARTESIANTRANSFORMATIONOPERATOR3D(#2429,#2430,#2428,1.,#2431);
#2433=IFCMAPPEDITEM(#2086,#2432);
#2434=IFCSHAPEREPRESENTATION(#11,'Body','MappedRepresentation',(#2433));
#2435=IFCPRODUCTDEFINITIONSHAPE($,$,(#2434));
#2436=IFCBUILDINGELEMENTPART('2mKuKLw2PDaRJ6B9IRpjCp',$,'Ceiling 1 Wide Block 3.10',$,$,#3945,#2444,$,$);
#2437=IFCCARTESIANPOINT((0.,0.,0.));
#2438=IFCDIRECTION((1.,0.,0.));
#2439=IFCDIRECTION((0.,1.,0.));
#2440=IFCDIRECTION((0.,0.,1.));
#2441=IFCCARTESIANTRANSFORMATIONOPERATOR3D(#2438,#2439,#2437,1.,#2440);
#2442=IFCMAPPEDITEM(#2086,#2441);
#2443=IFCSHAPEREPRESENTATION(#11,'Body','MappedRepresentation',(#2442));
#2444=IFCPRODUCTDEFINITIONSHAPE($,$,(#2443));
#2445=IFCBUILDINGELEMENTPART('2gZPERXY54AAIephYQkXJB',$,'Ceiling 1 Wide Block 3.11',$,$,#3950,#2453,$,$);
#2446=IFCCARTESIANPOINT((0.,0.,0.));
#2447=IFCDIRECTION((1.,0.,0.));
#2448=IFCDIRECTION((0.,1.,0.));
#2449=IFCDIRECTION((0.,0.,1.));
#2450=IFCCARTESIANTRANSFORMATIONOPERATOR3D(#2447,#2448,#2446,1.,#2449);
#2451=IFCMAPPEDITEM(#2086,#2450);
#2452=IFCSHAPEREPRESENTATION(#11,'Body','MappedRepresentation',(#2451));
#2453=IFCPRODUCTDEFINITIONSHAPE($,$,(#2452));
#2454=IFCBUILDINGELEMENTPART('10JUH7bvr9iRWRpwup8BEs',$,'Ceiling 1 Wide Block 3.12',$,$,#3955,#2462,$,$);
#2455=IFCCARTESIANPOINT((0.,0.,0.));
#2456=IFCDIRECTION((1.,0.,0.));
#2457=IFCDIRECTION((0.,1.,0.));
#2458=IFCDIRECTION((0.,0.,1.));
#2459=IFCCARTESIANTRANSFORMATIONOPERATOR3D(#2456,#2457,#2455,1.,#2458);
#2460=IFCMAPPEDITEM(#2086,#2459);
#2461=IFCSHAPEREPRESENTATION(#11,'Body','MappedRepresentation',(#2460));
#2462=IFCPRODUCTDEFINITIONSHAPE($,$,(#2461));
#2463=IFCBUILDINGELEMENTPART('2CaCtORZbEmRd7rmrsoqp_',$,'Ceiling 1 Wide Block 3.13',$,$,#3960,#2471,$,$);
#2464=IFCCARTESIANPOINT((0.,0.,0.));
#2465=IFCDIRECTION((1.,0.,0.));
#2466=IFCDIRECTION((0.,1.,0.));
#2467=IFCDIRECTION((0.,0.,1.));
#2468=IFCCARTESIANTRANSFORMATIONOPERATOR3D(#2465,#2466,#2464,1.,#2467);
#2469=IFCMAPPEDITEM(#2086,#2468);
#2470=IFCSHAPEREPRESENTATION(#11,'Body','MappedRepresentation',(#2469));
#2471=IFCPRODUCTDEFINITIONSHAPE($,$,(#2470));
#2472=IFCBEAM('25wyjGSZrC4gXkM2Dmjvia',$,'Ceiling 1 Beam 3',$,$,#3965,#2480,$,$);
#2473=IFCCARTESIANPOINT((0.,0.,0.));
#2474=IFCDIRECTION((1.,0.,0.));
#2475=IFCDIRECTION((0.,1.,0.));
#2476=IFCDIRECTION((0.,0.,1.));
#2477=IFCCARTESIANTRANSFORMATIONOPERATOR3D(#2474,#2475,#2473,1.,#2476);
#2478=IFCMAPPEDITEM(#2218,#2477);
#2479=IFCSHAPEREPRESENTATION(#11,'Body','MappedRepresentation',(#2478));
#2480=IFCPRODUCTDEFINITIONSHAPE($,$,(#2479));
#2481=IFCBUILDINGELEMENTPART('3hkRJ8iI11I9WLtwj09u4o',$,'Ceiling 1 Wide Block 4.1',$,$,#3970,#2489,$,$);
#2482=IFCCARTESIANPOINT((0.,0.,0.));
#2483=IFCDIRECTION((1.,0.,0.));
#2484=IFCDIRECTION((0.,1.,0.));
#2485=IFCDIRECTION((0.,0.,1.));
#2486=IFCCARTESIANTRANSFORMATIONOPERATOR3D(#2483,#2484,#2482,1.,#2485);
#2487=IFCMAPPEDITEM(#2086,#2486);
#2488=IFCSHAPEREPRESENTATION(#11,'Body','MappedRepresentation',(#2487));
#2489=IFCPRODUCTDEFINITIONSHAPE($,$,(#2488));
#2490=IFCBUILDINGELEMENTPART('1jW7fm6fL6gfvoVCps3pm5',$,'Ceiling 1 Wide Block 4.2',$,$,#3975,#2498,$,$);
#2491=IFCCARTESIANPOINT((0.,0.,0.));
#2492=IFCDIRECTION((1.,0.,0.));
#2493=IFCDIRECTION((0.,1.,0.));
#2494=IFCDIRECTION((0.,0.,1.));
#2495=IFCCARTESIANTRANSFORMATIONOPERATOR3D(#2492,#2493,#2491,1.,#2494);
#2496=IFCMAPPEDITEM(#2086,#2495);
#2497=IFCSHAPEREPRESENTATION(#11,'Body','MappedRepresentation',(#2496));
#2498=IFCPRODUCTDEFINITIONSHAPE($,$,(#2497));
#2499=IFCBUILDINGELEMENTPART('07vDjOsML4O841NfB5y_sX',$,'Ceiling 1 Wide Block 4.3',$,$,#3980,#2507,$,$);
#2500=IFCCARTESIANPOINT((0.,0.,0.));
#2501=IFCDIRECTION((1.,0.,0.));
#2502=IFCDIRECTION((0.,1.,0.));
#2503=IFCDIRECTION((0.,0.,1.));
#2504=IFCCARTESIANTRANSFORMATIONOPERATOR3D(#2501,#2502,#2500,1.,#2503);
#2505=IFCMAPPEDITEM(#2086,#2504);
#2506=IFCSHAPEREPRESENTATION(#11,'Body','MappedRepresentation',(#2505));
#2507=IFCPRODUCTDEFINITIONSHAPE($,$,(#2506));
#2508=IFCBUILDINGELEMENTPART('2fF2oJZg592gaxHm4nIHZK',$,'Ceiling 1 Wide Block 4.4',$,$,#3985,#2516,$,$);
#2509=IFCCARTESIANPOINT((0.,0.,0.));
#2510=IFCDIRECTION((1.,0.,0.));
#2511=IFCDIRECTION((0.,1.,0.));
#2512=IFCDIRECTION((0.,0.,1.));
#2513=IFCCARTESIANTRANSFORMATIONOPERATOR3D(#2510,#2511,#2509,1.,#2512);
#2514=IFCMAPPEDITEM(#2086,#2513);
#2515=IFCSHAPEREPRESENTATION(#11,'Body','MappedRepresentation',(#2514));
#2516=IFCPRODUCTDEFINITIONSHAPE($,$,(#2515));
#2517=IFCBUILDINGELEMENTPART('2wvgvPJ1L2dvaeqZyGvQ2D',$,'Ceiling 1 Wide Block 4.5',$,$,#3990,#2525,$,$);
#2518=IFCCARTESIANPOINT((0.,0.,0.));
#2519=IFCDIRECTION((1.,0.,0.));
#2520=IFCDIRECTION((0.,1.,0.));
#2521=IFCDIRECTION((0.,0.,1.));
#2522=IFCCARTESIANTRANSFORMATIONOPERATOR3D(#2519,#2520,#2518,1.,#2521);
#2523=IFCMAPPEDITEM(#2086,#2522);
#2524=IFCSHAPEREPRESENTATION(#11,'Body','MappedRepresentation',(#2523));
#2525=IFCPRODUCTDEFINITIONSHAPE($,$,(#2524));
#2526=IFCBUILDINGELEMENTPART('08hA5zZFD9tv938ZE3u$cp',$,'Ceiling 1 Wide Block 4.6',$,$,#3995,#2534,$,$);
#2527=IFCCARTESIANPOINT((0.,0.,0.));
#2528=IFCDIRECTION((1.,0.,0.));
#2529=IFCDIRECTION((0.,1.,0.));
#2530=IFCDIRECTION((0.,0.,1.));
#2531=IFCCARTESIANTRANSFORMATIONOPERATOR3D(#2528,#2529,#2527,1.,#2530);
#2532=IFCMAPPEDITEM(#2086,#2531);
#2533=IFCSHAPEREPRESENTATION(#11,'Body','MappedRepresentation',(#2532));
#2534=IFCPRODUCTDEFINITIONSHAPE($,$,(#2533));
#2535=IFCBUILDINGELEMENTPART('3x9qOUrKn9VhmE9Lx64hx5',$,'Ceiling 1 Wide Block 4.7',$,$,#4000,#2543,$,$);
#2536=IFCCARTESIANPOINT((0.,0.,0.));
#2537=IFCDIRECTION((1.,0.,0.));
#2538=IFCDIRECTION((0.,1.,0.));
#2539=IFCDIRECTION((0.,0.,1.));
#2540=IFCCARTESIANTRANSFORMATIONOPERATOR3D(#2537,#2538,#2536,1.,#2539);
#2541=IFCMAPPEDITEM(#2086,#2540);
#2542=IFCSHAPEREPRESENTATION(#11,'Body','MappedRepresentation',(#2541));
#2543=IFCPRODUCTDEFINITIONSHAPE($,$,(#2542));
#2544=IFCBUILDINGELEMENTPART('0$Fep109f0MP7fMU5NcJLf',$,'Ceiling 1 Wide Block 4.8',$,$,#4005,#2552,$,$);
#2545=IFCCARTESIANPOINT((0.,0.,0.));
#2546=IFCDIRECTION((1.,0.,0.));
#2547=IFCDIRECTION((0.,1.,0.));
#2548=IFCDIRECTION((0.,0.,1.));
#2549=IFCCARTESIANTRANSFORMATIONOPERATOR3D(#2546,#2547,#2545,1.,#2548);
#2550=IFCMAPPEDITEM(#2086,#2549);
#2551=IFCSHAPEREPRESENTATION(#11,'Body','MappedRepresentation',(#2550));
#2552=IFCPRODUCTDEFINITIONSHAPE($,$,(#2551));
#2553=IFCBUILDINGELEMENTPART('2fgYvYb6rFywxJTI$Z7W7n',$,'Ceiling 1 Wide Block 4.9',$,$,#4010,#2561,$,$);
#2554=IFCCARTESIANPOINT((0.,0.,0.));
#2555=IFCDIRECTION((1.,0.,0.));
#2556=IFCDIRECTION((0.,1.,0.));
#2557=IFCDIRECTION((0.,0.,1.));
#2558=IFCCARTESIANTRANSFORMATIONOPERATOR3D(#2555,#2556,#2554,1.,#2557);
#2559=IFCMAPPEDITEM(#2086,#2558);
#2560=IFCSHAPEREPRESENTATION(#11,'Body','MappedRepresentation',(#2559));
#2561=IFCPRODUCTDEFINITIONSHAPE($,$,(#2560));
#2562=IFCBUILDINGELEMENTPART('3REnO7GOf7l9ruoY3NTIaN',$,'Ceiling 1 Wide Block 4.10',$,$,#4015,#2570,$,$);
#2563=IFCCARTESIANPOINT((0.,0.,0.));
#2564=IFCDIRECTION((1.,0.,0.));
#2565=IFCDIRECTION((0.,1.,0.));
#2566=IFCDIRECTION((0.,0.,1.));
#2567=IFCCARTESIANTRANSFORMATIONOPERATOR3D(#2564,#2565,#2563,1.,#2566);
#2568=IFCMAPPEDITEM(#2086,#2567);
#2569=IFCSHAPEREPRESENTATION(#11,'Body','MappedRepresentation',(#2568));
#2570=IFCPRODUCTDEFINITIONSHAPE($,$,(#2569));
#2571=IFCBUILDINGELEMENTPART('1Ctpxsre18bQ3jxi28a5pu',$,'Ceiling 1 Wide Block 4.11',$,$,#4020,#2579,$,$);
#2572=IFCCARTESIANPOINT((0.,0.,0.));
#2573=IFCDIRECTION((1.,0.,0.));
#2574=IFCDIRECTION((0.,1.,0.));
#2575=IFCDIRECTION((0.,0.,1.));
#2576=IFCCARTESIANTRANSFORMATIONOPERATOR3D(#2573,#2574,#2572,1.,#2575);
#2577=IFCMAPPEDITEM(#2086,#2576);
#2578=IFCSHAPEREPRESENTATION(#11,'Body','MappedRepresentation',(#2577));
#2579=IFCPRODUCTDEFINITIONSHAPE($,$,(#2578));
#2580=IFCBUILDINGELEMENTPART('0bIgt0lyvBzfcJ74pBG0g1',$,'Ceiling 1 Wide Block 4.12',$,$,#4025,#2588,$,$);
#2581=IFCCARTESIANPOINT((0.,0.,0.));
#2582=IFCDIRECTION((1.,0.,0.));
#2583=IFCDIRECTION((0.,1.,0.));
#2584=IFCDIRECTION((0.,0.,1.));
#2585=IFCCARTESIANTRANSFORMATIONOPERATOR3D(#2582,#2583,#2581,1.,#2584);
#2586=IFCMAPPEDITEM(#2086,#2585);
#2587=IFCSHAPEREPRESENTATION(#11,'Body','MappedRepresentation',(#2586));
#2588=IFCPRODUCTDEFINITIONSHAPE($,$,(#2587));
#2589=IFCBUILDINGELEMENTPART('01VLMjBKj5AxAduyYq3b87',$,'Ceiling 1 Wide Block 4.13',$,$,#4030,#2597,$,$);
#2590=IFCCARTESIANPOINT((0.,0.,0.));
#2591=IFCDIRECTION((1.,0.,0.));
#2592=IFCDIRECTION((0.,1.,0.));
#2593=IFCDIRECTION((0.,0.,1.));
#2594=IFCCARTESIANTRANSFORMATIONOPERATOR3D(#2591,#2592,#2590,1.,#2593);
#2595=IFCMAPPEDITEM(#2086,#2594);
#2596=IFCSHAPEREPRESENTATION(#11,'Body','MappedRepresentation',(#2595));
#2597=IFCPRODUCTDEFINITIONSHAPE($,$,(#2596));
#2598=IFCBEAM('1hExO41KH0K9YkdiQMdcPO',$,'Ceiling 1 Beam 4',$,$,#4035,#2606,$,$);
#2599=IFCCARTESIANPOINT((0.,0.,0.));
#2600=IFCDIRECTION((1.,0.,0.));
#2601=IFCDIRECTION((0.,1.,0.));
#2602=IFCDIRECTION((0.,0.,1.));
#2603=IFCCARTESIANTRANSFORMATIONOPERATOR3D(#2600,#2601,#2599,1.,#2602);
#2604=IFCMAPPEDITEM(#2218,#2603);
#2605=IFCSHAPEREPRESENTATION(#11,'Body','MappedRepresentation',(#2604));
#2606=IFCPRODUCTDEFINITIONSHAPE($,$,(#2605));
#2607=IFCBUILDINGELEMENTPART('1C7wY8aIb0XBTpPflqOnO2',$,'Ceiling 1 Wide Block 5.1',$,$,#4040,#2615,$,$);
#2608=IFCCARTESIANPOINT((0.,0.,0.));
#2609=IFCDIRECTION((1.,0.,0.));
#2610=IFCDIRECTION((0.,1.,0.));
#2611=IFCDIRECTION((0.,0.,1.));
#2612=IFCCARTESIANTRANSFORMATIONOPERATOR3D(#2609,#2610,#2608,1.,#2611);
#2613=IFCMAPPEDITEM(#2086,#2612);
#2614=IFCSHAPEREPRESENTATION(#11,'Body','MappedRepresentation',(#2613));
#2615=IFCPRODUCTDEFINITIONSHAPE($,$,(#2614));
#2616=IFCBUILDINGELEMENTPART('0c7q2mRDL3IQPElFHlwUUj',$,'Ceiling 1 Wide Block 5.2',$,$,#4045,#2624,$,$);
#2617=IFCCARTESIANPOINT((0.,0.,0.));
#2618=IFCDIRECTION((1.,0.,0.));
#2619=IFCDIRECTION((0.,1.,0.));
#2620=IFCDIRECTION((0.,0.,1.));
#2621=IFCCARTESIANTRANSFORMATIONOPERATOR3D(#2618,#2619,#2617,1.,#2620);
#2622=IFCMAPPEDITEM(#2086,#2621);
#2623=IFCSHAPEREPRESENTATION(#11,'Body','MappedRepresentation',(#2622));
#2624=IFCPRODUCTDEFINITIONSHAPE($,$,(#2623));
#2625=IFCBUILDINGELEMENTPART('1uusNz2v9DAgwMWZsk3Kz2',$,'Ceiling 1 Wide Block 5.3',$,$,#4050,#2633,$,$);
#2626=IFCCARTESIANPOINT((0.,0.,0.));
#2627=IFCDIRECTION((1.,0.,0.));
#2628=IFCDIRECTION((0.,1.,0.));
#2629=IFCDIRECTION((0.,0.,1.));
#2630=IFCCARTESIANTRANSFORMATIONOPERATOR3D(#2627,#2628,#2626,1.,#2629);
#2631=IFCMAPPEDITEM(#2086,#2630);
#2632=IFCSHAPEREPRESENTATION(#11,'Body','MappedRepresentation',(#2631));
#2633=IFCPRODUCTDEFINITIONSHAPE($,$,(#2632));
#2634=IFCBUILDINGELEMENTPART('2hJfRBYdvA08ktuFAXVjfR',$,'Ceiling 1 Wide Block 5.4',$,$,#4055,#2642,$,$);
#2635=IFCCARTESIANPOINT((0.,0.,0.));
#2636=IFCDIRECTION((1.,0.,0.));
#2637=IFCDIRECTION((0.,1.,0.));
#2638=IFCDIRECTION((0.,0.,1.));
#2639=IFCCARTESIANTRANSFORMATIONOPERATOR3D(#2636,#2637,#2635,1.,#2638);
#2640=IFCMAPPEDITEM(#2086,#2639);
#2641=IFCSHAPEREPRESENTATION(#11,'Body','MappedRepresentation',(#2640));
#2642=IFCPRODUCTDEFINITIONSHAPE($,$,(#2641));
#2643=IFCBUILDINGELEMENTPART('3yLltx8r5E1ORoQ3YiNwOW',$,'Ceiling 1 Wide Block 5.5',$,$,#4060,#2651,$,$);
#2644=IFCCARTESIANPOINT((0.,0.,0.));
#2645=IFCDIRECTION((1.,0.,0.));
#2646=IFCDIRECTION((0.,1.,0.));
#2647=IFCDIRECTION((0.,0.,1.));
#2648=IFCCARTESIANTRANSFORMATIONOPERATOR3D(#2645,#2646,#2644,1.,#2647);
#2649=IFCMAPPEDITEM(#2086,#2648);
#2650=IFCSHAPEREPRESENTATION(#11,'Body','MappedRepresentation',(#2649));
#2651=IFCPRODUCTDEFINITIONSHAPE($,$,(#2650));
#2652=IFCBUILDINGELEMENTPART('3_VvIMusLA$e9bHtKBbakY',$,'Ceiling 1 Wide Block 5.6',$,$,#4065,#2660,$,$);
#2653=IFCCARTESIANPOINT((0.,0.,0.));
#2654=IFCDIRECTION((1.,0.,0.));
#2655=IFCDIRECTION((0.,1.,0.));
#2656=IFCDIRECTION((0.,0.,1.));
#2657=IFCCARTESIANTRANSFORMATIONOPERATOR3D(#2654,#2655,#2653,1.,#2656);
#2658=IFCMAPPEDITEM(#2086,#2657);
#2659=IFCSHAPEREPRESENTATION(#11,'Body','MappedRepresentation',(#2658));
#2660=IFCPRODUCTDEFINITIONSHAPE($,$,(#2659));
#2661=IFCBUILDINGELEMENTPART('157BT4w8j9DQOxYrLfW_db',$,'Ceiling 1 Wide Block 5.7',$,$,#4070,#2669,$,$);
#2662=IFCCARTESIANPOINT((0.,0.,0.));
#2663=IFCDIRECTION((1.,0.,0.));
#2664=IFCDIRECTION((0.,1.,0.));
#2665=IFCDIRECTION((0.,0.,1.));
#2666=IFCCARTESIANTRANSFORMATIONOPERATOR3D(#2663,#2664,#2662,1.,#2665);
#2667=IFCMAPPEDITEM(#2086,#2666);
#2668=IFCSHAPEREPRESENTATION(#11,'Body','MappedRepresentation',(#2667));
#2669=IFCPRODUCTDEFINITIONSHAPE($,$,(#2668));
#2670=IFCBUILDINGELEMENTPART('1RWQcoPO5FBerg5tP0xd0K',$,'Ceiling 1 Wide Block 5.8',$,$,#4075,#2678,$,$);
#2671=IFCCARTESIANPOINT((0.,0.,0.));
#2672=IFCDIRECTION((1.,0.,0.));
#2673=IFCDIRECTION((0.,1.,0.));
#2674=IFCDIRECTION((0.,0.,1.));
#2675=IFCCARTESIANTRANSFORMATIONOPERATOR3D(#2672,#2673,#2671,1.,#2674);
#2676=IFCMAPPEDITEM(#2086,#2675);
#2677=IFCSHAPEREPRESENTATION(#11,'Body','MappedRepresentation',(#2676));
#2678=IFCPRODUCTDEFINITIONSHAPE($,$,(#2677));
#2679=IFCBUILDINGELEMENTPART('2cu76o$u59fRVxMbm_VWwp',$,'Ceiling 1 Wide Block 5.9',$,$,#4080,#2687,$,$);
#2680=IFCCARTESIANPOINT((0.,0.,0.));
#2681=IFCDIRECTION((1.,0.,0.));
#2682=IFCDIRECTION((0.,1.,0.));
#2683=IFCDIRECTION((0.,0.,1.));
#2684=IFCCARTESIANTRANSFORMATIONOPERATOR3D(#2681,#2682,#2680,1.,#2683);
#2685=IFCMAPPEDITEM(#2086,#2684);
#2686=IFCSHAPEREPRESENTATION(#11,'Body','MappedRepresentation',(#2685));
#2687=IFCPRODUCTDEFINITIONSHAPE($,$,(#2686));
#2688=IFCBUILDINGELEMENTPART('0VG1UHKGb5mRu81$XC00Rb',$,'Ceiling 1 Wide Block 5.10',$,$,#4085,#2696,$,$);
#2689=IFCCARTESIANPOINT((0.,0.,0.));
#2690=IFCDIRECTION((1.,0.,0.));
#2691=IFCDIRECTION((0.,1.,0.));
#2692=IFCDIRECTION((0.,0.,1.));
#2693=IFCCARTESIANTRANSFORMATIONOPERATOR3D(#2690,#2691,#2689,1.,#2692);
#2694=IFCMAPPEDITEM(#2086,#2693);
#2695=IFCSHAPEREPRESENTATION(#11,'Body','MappedRepresentation',(#2694));
#2696=IFCPRODUCTDEFINITIONSHAPE($,$,(#2695));
#2697=IFCBUILDINGELEMENTPART('3fBmnlnrz6jR9LKunqihRG',$,'Ceiling 1 Wide Block 5.11',$,$,#4090,#2705,$,$);
#2698=IFCCARTESIANPOINT((0.,0.,0.));
#2699=IFCDIRECTION((1.,0.,0.));
#2700=IFCDIRECTION((0.,1.,0.));
#2701=IFCDIRECTION((0.,0.,1.));
#2702=IFCCARTESIANTRANSFORMATIONOPERATOR3D(#2699,#2700,#2698,1.,#2701);
#2703=IFCMAPPEDITEM(#2086,#2702);
#2704=IFCSHAPEREPRESENTATION(#11,'Body','MappedRepresentation',(#2703));
#2705=IFCPRODUCTDEFINITIONSHAPE($,$,(#2704));
#2706=IFCBUILDINGELEMENTPART('1sqqtgCzz6m9FT3vp5SUPZ',$,'Ceiling 1 Wide Block 5.12',$,$,#4095,#2714,$,$);
#2707=IFCCARTESIANPOINT((0.,0.,0.));
#2708=IFCDIRECTION((1.,0.,0.));
#2709=IFCDIRECTION((0.,1.,0.));
#2710=IFCDIRECTION((0.,0.,1.));
#2711=IFCCARTESIANTRANSFORMATIONOPERATOR3D(#2708,#2709,#2707,1.,#2710);
#2712=IFCMAPPEDITEM(#2086,#2711);
#2713=IFCSHAPEREPRESENTATION(#11,'Body','MappedRepresentation',(#2712));
#2714=IFCPRODUCTDEFINITIONSHAPE($,$,(#2713));
#2715=IFCBUILDINGELEMENTPART('0UsV2TteD7aOpPkn_ZDRkU',$,'Ceiling 1 Wide Block 5.13',$,$,#4100,#2723,$,$);
#2716=IFCCARTESIANPOINT((0.,0.,0.));
#2717=IFCDIRECTION((1.,0.,0.));
#2718=IFCDIRECTION((0.,1.,0.));
#2719=IFCDIRECTION((0.,0.,1.));
#2720=IFCCARTESIANTRANSFORMATIONOPERATOR3D(#2717,#2718,#2716,1.,#2719);
#2721=IFCMAPPEDITEM(#2086,#2720);
#2722=IFCSHAPEREPRESENTATION(#11,'Body','MappedRepresentation',(#2721));
#2723=IFCPRODUCTDEFINITIONSHAPE($,$,(#2722));
#2724=IFCBEAM('2BPmLUBt98BxX52pT09Lk_',$,'Ceiling 1 Beam 5',$,$,#4105,#2732,$,$);
#2725=IFCCARTESIANPOINT((0.,0.,0.));
#2726=IFCDIRECTION((1.,0.,0.));
#2727=IFCDIRECTION((0.,1.,0.));
#2728=IFCDIRECTION((0.,0.,1.));
#2729=IFCCARTESIANTRANSFORMATIONOPERATOR3D(#2726,#2727,#2725,1.,#2728);
#2730=IFCMAPPEDITEM(#2218,#2729);
#2731=IFCSHAPEREPRESENTATION(#11,'Body','MappedRepresentation',(#2730));
#2732=IFCPRODUCTDEFINITIONSHAPE($,$,(#2731));
#2733=IFCBUILDINGELEMENTPART('2cA4$1PP1CDgUmJvXo2HrQ',$,'Ceiling 1 Wide Block 6.1',$,$,#4110,#2741,$,$);
#2734=IFCCARTESIANPOINT((0.,0.,0.));
#2735=IFCDIRECTION((1.,0.,0.));
#2736=IFCDIRECTION((0.,1.,0.));
#2737=IFCDIRECTION((0.,0.,1.));
#2738=IFCCARTESIANTRANSFORMATIONOPERATOR3D(#2735,#2736,#2734,1.,#2737);
#2739=IFCMAPPEDITEM(#2086,#2738);
#2740=IFCSHAPEREPRESENTATION(#11,'Body','MappedRepresentation',(#2739));
#2741=IFCPRODUCTDEFINITIONSHAPE($,$,(#2740));
#2742=IFCBUILDINGELEMENTPART('2OiUv_Dq9FXfg9PJZUmro$',$,'Ceiling 1 Wide Block 6.2',$,$,#4115,#2750,$,$);
#2743=IFCCARTESIANPOINT((0.,0.,0.));
#2744=IFCDIRECTION((1.,0.,0.));
#2745=IFCDIRECTION((0.,1.,0.));
#2746=IFCDIRECTION((0.,0.,1.));
#2747=IFCCARTESIANTRANSFORMATIONOPERATOR3D(#2744,#2745,#2743,1.,#2746);
#2748=IFCMAPPEDITEM(#2086,#2747);
#2749=IFCSHAPEREPRESENTATION(#11,'Body','MappedRepresentation',(#2748));
#2750=IFCPRODUCTDEFINITIONSHAPE($,$,(#2749));
#2751=IFCBUILDINGELEMENTPART('0FwIOSHubBDx10Jcw_Uk3t',$,'Ceiling 1 Wide Block 6.3',$,$,#4120,#2759,$,$);
#2752=IFCCARTESIANPOINT((0.,0.,0.));
#2753=IFCDIRECTION((1.,0.,0.));
#2754=IFCDIRECTION((0.,1.,0.));
#2755=IFCDIRECTION((0.,0.,1.));
#2756=IFCCARTESIANTRANSFORMATIONOPERATOR3D(#2753,#2754,#2752,1.,#2755);
#2757=IFCMAPPEDITEM(#2086,#2756);
#2758=IFCSHAPEREPRESENTATION(#11,'Body','MappedRepresentation',(#2757));
#2759=IFCPRODUCTDEFINITIONSHAPE($,$,(#2758));
#2760=IFCBUILDINGELEMENTPART('1Vel7gimbA8gQLEMHwD4VM',$,'Ceiling 1 Wide Block 6.4',$,$,#4125,#2768,$,$);
#2761=IFCCARTESIANPOINT((0.,0.,0.));
#2762=IFCDIRECTION((1.,0.,0.));
#2763=IFCDIRECTION((0.,1.,0.));
#2764=IFCDIRECTION((0.,0.,1.));
#2765=IFCCARTESIANTRANSFORMATIONOPERATOR3D(#2762,#2763,#2761,1.,#2764);
#2766=IFCMAPPEDITEM(#2086,#2765);
#2767=IFCSHAPEREPRESENTATION(#11,'Body','MappedRepresentation',(#2766));
#2768=IFCPRODUCTDEFINITIONSHAPE($,$,(#2767));
#2769=IFCBUILDINGELEMENTPART('30jwWE9Tb4sB8BlToEdNW3',$,'Ceiling 1 Wide Block 6.5',$,$,#4130,#2777,$,$);
#2770=IFCCARTESIANPOINT((0.,0.,0.));
#2771=IFCDIRECTION((1.,0.,0.));
#2772=IFCDIRECTION((0.,1.,0.));
#2773=IFCDIRECTION((0.,0.,1.));
#2774=IFCCARTESIANTRANSFORMATIONOPERATOR3D(#2771,#2772,#2770,1.,#2773);
#2775=IFCMAPPEDITEM(#2086,#2774);
#2776=IFCSHAPEREPRESENTATION(#11,'Body','MappedRepresentation',(#2775));
#2777=IFCPRODUCTDEFINITIONSHAPE($,$,(#2776));
#2778=IFCBUILDINGELEMENTPART('1c17pye8bETxaseCTOAACn',$,'Ceiling 1 Wide Block 6.6',$,$,#4135,#2786,$,$);
#2779=IFCCARTESIANPOINT((0.,0.,0.));
#2780=IFCDIRECTION((1.,0.,0.));
#2781=IFCDIRECTION((0.,1.,0.));
#2782=IFCDIRECTION((0.,0.,1.));
#2783=IFCCARTESIANTRANSFORMATIONOPERATOR3D(#2780,#2781,#2779,1.,#2782);
#2784=IFCMAPPEDITEM(#2086,#2783);
#2785=IFCSHAPEREPRESENTATION(#11,'Body','MappedRepresentation',(#2784));
#2786=IFCPRODUCTDEFINITIONSHAPE($,$,(#2785));
#2787=IFCBUILDINGELEMENTPART('03nNuCGfr4TQKRVNNisDHc',$,'Ceiling 1 Wide Block 6.7',$,$,#4140,#2795,$,$);
#2788=IFCCARTESIANPOINT((0.,0.,0.));
#2789=IFCDIRECTION((1.,0.,0.));
#2790=IFCDIRECTION((0.,1.,0.));
#2791=IFCDIRECTION((0.,0.,1.));
#2792=IFCCARTESIANTRANSFORMATIONOPERATOR3D(#2789,#2790,#2788,1.,#2791);
#2793=IFCMAPPEDITEM(#2086,#2792);
#2794=IFCSHAPEREPRESENTATION(#11,'Body','MappedRepresentation',(#2793));
#2795=IFCPRODUCTDEFINITIONSHAPE($,$,(#2794));
#2796=IFCBUILDINGELEMENTPART('1Hl_GWctz6aevcOizDmrF6',$,'Ceiling 1 Wide Block 6.8',$,$,#4145,#2804,$,$);
#2797=IFCCARTESIANPOINT((0.,0.,0.));
#2798=IFCDIRECTION((1.,0.,0.));
#2799=IFCDIRECTION((0.,1.,0.));
#2800=IFCDIRECTION((0.,0.,1.));
#2801=IFCCARTESIANTRANSFORMATIONOPERATOR3D(#2798,#2799,#2797,1.,#2800);
#2802=IFCMAPPEDITEM(#2086,#2801);
#2803=IFCSHAPEREPRESENTATION(#11,'Body','MappedRepresentation',(#2802));
#2804=IFCPRODUCTDEFINITIONSHAPE($,$,(#2803));
#2805=IFCBUILDINGELEMENTPART('2_9zZQKaPFo92eR2HJ3fbs',$,'Ceiling 1 Wide Block 6.9',$,$,#4150,#2813,$,$);
#2806=IFCCARTESIANPOINT((0.,0.,0.));
#2807=IFCDIRECTION((1.,0.,0.));
#2808=IFCDIRECTION((0.,1.,0.));
#2809=IFCDIRECTION((0.,0.,1.));
#2810=IFCCARTESIANTRANSFORMATIONOPERATOR3D(#2807,#2808,#2806,1.,#2809);
#2811=IFCMAPPEDITEM(#2086,#2810);
#2812=IFCSHAPEREPRESENTATION(#11,'Body','MappedRepresentation',(#2811));
#2813=IFCPRODUCTDEFINITIONSHAPE($,$,(#2812));
#2814=IFCBUILDINGELEMENTPART('3BH$n5ePL6kQ1k5fRUeAtq',$,'Ceiling 1 Wide Block 6.10',$,$,#4155,#2822,$,$);
#2815=IFCCARTESIANPOINT((0.,0.,0.));
#2816=IFCDIRECTION((1.,0.,0.));
#2817=IFCDIRECTION((0.,1.,0.));
#2818=IFCDIRECTION((0.,0.,1.));
#2819=IFCCARTESIANTRANSFORMATIONOPERATOR3D(#2816,#2817,#2815,1.,#2818);
#2820=IFCMAPPEDITEM(#2086,#2819);
#2821=IFCSHAPEREPRESENTATION(#11,'Body','MappedRepresentation',(#2820));
#2822=IFCPRODUCTDEFINITIONSHAPE($,$,(#2821));
#2823=IFCBUILDINGELEMENTPART('3JDOaAFhD9jOHgwLejQA6S',$,'Ceiling 1 Wide Block 6.11',$,$,#4160,#2831,$,$);
#2824=IFCCARTESIANPOINT((0.,0.,0.));
#2825=IFCDIRECTION((1.,0.,0.));
#2826=IFCDIRECTION((0.,1.,0.));
#2827=IFCDIRECTION((0.,0.,1.));
#2828=IFCCARTESIANTRANSFORMATIONOPERATOR3D(#2825,#2826,#2824,1.,#2827);
#2829=IFCMAPPEDITEM(#2086,#2828);
#2830=IFCSHAPEREPRESENTATION(#11,'Body','MappedRepresentation',(#2829));
#2831=IFCPRODUCTDEFINITIONSHAPE($,$,(#2830));
#2832=IFCBUILDINGELEMENTPART('0PoE5kVMrAo8sg4EWGqBwm',$,'Ceiling 1 Wide Block 6.12',$,$,#4165,#2840,$,$);
#2833=IFCCARTESIANPOINT((0.,0.,0.));
#2834=IFCDIRECTION((1.,0.,0.));
#2835=IFCDIRECTION((0.,1.,0.));
#2836=IFCDIRECTION((0.,0.,1.));
#2837=IFCCARTESIANTRANSFORMATIONOPERATOR3D(#2834,#2835,#2833,1.,#2836);
#2838=IFCMAPPEDITEM(#2086,#2837);
#2839=IFCSHAPEREPRESENTATION(#11,'Body','MappedRepresentation',(#2838));
#2840=IFCPRODUCTDEFINITIONSHAPE($,$,(#2839));
#2841=IFCBUILDINGELEMENTPART('0j8qRGCiDAj9xFUEnNo4AH',$,'Ceiling 1 Wide Block 6.13',$,$,#4170,#2849,$,$);
#2842=IFCCARTESIANPOINT((0.,0.,0.));
#2843=IFCDIRECTION((1.,0.,0.));
#2844=IFCDIRECTION((0.,1.,0.));
#2845=IFCDIRECTION((0.,0.,1.));
#2846=IFCCARTESIANTRANSFORMATIONOPERATOR3D(#2843,#2844,#2842,1.,#2845);
#2847=IFCMAPPEDITEM(#2086,#2846);
#2848=IFCSHAPEREPRESENTATION(#11,'Body','MappedRepresentation',(#2847));
#2849=IFCPRODUCTDEFINITIONSHAPE($,$,(#2848));
#2850=IFCBEAM('1VzDKwxCT0h8wrXL_DNCCn',$,'Ceiling 1 Beam 6',$,$,#4175,#2858,$,$);
#2851=IFCCARTESIANPOINT((0.,0.,0.));
#2852=IFCDIRECTION((1.,0.,0.));
#2853=IFCDIRECTION((0.,1.,0.));
#2854=IFCDIRECTION((0.,0.,1.));
#2855=IFCCARTESIANTRANSFORMATIONOPERATOR3D(#2852,#2853,#2851,1.,#2854);
#2856=IFCMAPPEDITEM(#2218,#2855);
#2857=IFCSHAPEREPRESENTATION(#11,'Body','MappedRepresentation',(#2856));
#2858=IFCPRODUCTDEFINITIONSHAPE($,$,(#2857));
#2859=IFCBUILDINGELEMENTPART('2NgOPX$ov1dQtpWvpAUZpB',$,'Ceiling 1 Wide Block 7.1',$,$,#4180,#2867,$,$);
#2860=IFCCARTESIANPOINT((0.,0.,0.));
#2861=IFCDIRECTION((1.,0.,0.));
#2862=IFCDIRECTION((0.,1.,0.));
#2863=IFCDIRECTION((0.,0.,1.));
#2864=IFCCARTESIANTRANSFORMATIONOPERATOR3D(#2861,#2862,#2860,1.,#2863);
#2865=IFCMAPPEDITEM(#2086,#2864);
#2866=IFCSHAPEREPRESENTATION(#11,'Body','MappedRepresentation',(#2865));
#2867=IFCPRODUCTDEFINITIONSHAPE($,$,(#2866));
#2868=IFCBUILDINGELEMENTPART('1XJ05TN0z2_eebwQ2ICVAh',$,'Ceiling 1 Wide Block 7.2',$,$,#4185,#2876,$,$);
#2869=IFCCARTESIANPOINT((0.,0.,0.));
#2870=IFCDIRECTION((1.,0.,0.));
#2871=IFCDIRECTION((0.,1.,0.));
#2872=IFCDIRECTION((0.,0.,1.));
#2873=IFCCARTESIANTRANSFORMATIONOPERATOR3D(#2870,#2871,#2869,1.,#2872);
#2874=IFCMAPPEDITEM(#2086,#2873);
#2875=IFCSHAPEREPRESENTATION(#11,'Body','MappedRepresentation',(#2874));
#2876=IFCPRODUCTDEFINITIONSHAPE($,$,(#2875));
#2877=IFCBUILDINGELEMENTPART('1J2jY7O35DSuamd3MJ1ocx',$,'Ceiling 1 Wide Block 7.3',$,$,#4190,#2885,$,$);
#2878=IFCCARTESIANPOINT((0.,0.,0.));
#2879=IFCDIRECTION((1.,0.,0.));
#2880=IFCDIRECTION((0.,1.,0.));
#2881=IFCDIRECTION((0.,0.,1.));
#2882=IFCCARTESIANTRANSFORMATIONOPERATOR3D(#2879,#2880,#2878,1.,#2881);
#2883=IFCMAPPEDITEM(#2086,#2882);
#2884=IFCSHAPEREPRESENTATION(#11,'Body','MappedRepresentation',(#2883));
#2885=IFCPRODUCTDEFINITIONSHAPE($,$,(#2884));
#2886=IFCBUILDINGELEMENTPART('0f46be_1L6qBnRWEUXOh$x',$,'Ceiling 1 Wide Block 7.4',$,$,#4195,#2894,$,$);
#2887=IFCCARTESIANPOINT((0.,0.,0.));
#2888=IFCDIRECTION((1.,0.,0.));
#2889=IFCDIRECTION((0.,1.,0.));
#2890=IFCDIRECTION((0.,0.,1.));
#2891=IFCCARTESIANTRANSFORMATIONOPERATOR3D(#2888,#2889,#2887,1.,#2890);
#2892=IFCMAPPEDITEM(#2086,#2891);
#2893=IFCSHAPEREPRESENTATION(#11,'Body','MappedRepresentation',(#2892));
#2894=IFCPRODUCTDEFINITIONSHAPE($,$,(#2893));
#2895=IFCBUILDINGELEMENTPART('3XJoqeSbf1CQ38cOh$jwt9',$,'Ceiling 1 Wide Block 7.5',$,$,#4200,#2903,$,$);
#2896=IFCCARTESIANPOINT((0.,0.,0.));
#2897=IFCDIRECTION((1.,0.,0.));
#2898=IFCDIRECTION((0.,1.,0.));
#2899=IFCDIRECTION((0.,0.,1.));
#2900=IFCCARTESIANTRANSFORMATIONOPERATOR3D(#2897,#2898,#2896,1.,#2899);
#2901=IFCMAPPEDITEM(#2086,#2900);
#2902=IFCSHAPEREPRESENTATION(#11,'Body','MappedRepresentation',(#2901));
#2903=IFCPRODUCTDEFINITIONSHAPE($,$,(#2902));
#2904=IFCBUILDINGELEMENTPART('3XTMcY2CjEhBJ72e6fsQ8l',$,'Ceiling 1 Wide Block 7.6',$,$,#4205,#2912,$,$);
#2905=IFCCARTESIANPOINT((0.,0.,0.));
#2906=IFCDIRECTION((1.,0.,0.));
#2907=IFCDIRECTION((0.,1.,0.));
#2908=IFCDIRECTION((0.,0.,1.));
#2909=IFCCARTESIANTRANSFORMATIONOPERATOR3D(#2906,#2907,#2905,1.,#2908);
#2910=IFCMAPPEDITEM(#2086,#2909);
#2911=IFCSHAPEREPRESENTATION(#11,'Body','MappedRepresentation',(#2910));
#2912=IFCPRODUCTDEFINITIONSHAPE($,$,(#2911));
#2913=IFCBUILDINGELEMENTPART('2epNiqeXP3kQ$Y0y_UY73d',$,'Ceiling 1 Wide Block 7.7',$,$,#4210,#2921,$,$);
#2914=IFCCARTESIANPOINT((0.,0.,0.));
#2915=IFCDIRECTION((1.,0.,0.));
#2916=IFCDIRECTION((0.,1.,0.));
#2917=IFCDIRECTION((0.,0.,1.));
#2918=IFCCARTESIANTRANSFORMATIONOPERATOR3D(#2915,#2916,#2914,1.,#2917);
#2919=IFCMAPPEDITEM(#2086,#2918);
#2920=IFCSHAPEREPRESENTATION(#11,'Body','MappedRepresentation',(#2919));
#2921=IFCPRODUCTDEFINITIONSHAPE($,$,(#2920));
#2922=IFCBUILDINGELEMENTPART('2o40j$Z8j69Rr7TidFdUhh',$,'Ceiling 1 Wide Block 7.8',$,$,#4215,#2930,$,$);
#2923=IFCCARTESIANPOINT((0.,0.,0.));
#2924=IFCDIRECTION((1.,0.,0.));
#2925=IFCDIRECTION((0.,1.,0.));
#2926=IFCDIRECTION((0.,0.,1.));
#2927=IFCCARTESIANTRANSFORMATIONOPERATOR3D(#2924,#2925,#2923,1.,#2926);
#2928=IFCMAPPEDITEM(#2086,#2927);
#2929=IFCSHAPEREPRESENTATION(#11,'Body','MappedRepresentation',(#2928));
#2930=IFCPRODUCTDEFINITIONSHAPE($,$,(#2929));
#2931=IFCBUILDINGELEMENTPART('1443tCRPH7eh3ZQFeTHzoa',$,'Ceiling 1 Wide Block 7.9',$,$,#4220,#2939,$,$);
#2932=IFCCARTESIANPOINT((0.,0.,0.));
#2933=IFCDIRECTION((1.,0.,0.));
#2934=IFCDIRECTION((0.,1.,0.));
#2935=IFCDIRECTION((0.,0.,1.));
#2936=IFCCARTESIANTRANSFORMATIONOPERATOR3D(#2933,#2934,#2932,1.,#2935);
#2937=IFCMAPPEDITEM(#2086,#2936);
#2938=IFCSHAPEREPRESENTATION(#11,'Body','MappedRepresentation',(#2937));
#2939=IFCPRODUCTDEFINITIONSHAPE($,$,(#2938));
#2940=IFCBUILDINGELEMENTPART('0eZ73gus1AJgaXDpqx4Trm',$,'Ceiling 1 Wide Block 7.10',$,$,#4225,#2948,$,$);
#2941=IFCCARTESIANPOINT((0.,0.,0.));
#2942=IFCDIRECTION((1.,0.,0.));
#2943=IFCDIRECTION((0.,1.,0.));
#2944=IFCDIRECTION((0.,0.,1.));
#2945=IFCCARTESIANTRANSFORMATIONOPERATOR3D(#2942,#2943,#2941,1.,#2944);
#2946=IFCMAPPEDITEM(#2086,#2945);
#2947=IFCSHAPEREPRESENTATION(#11,'Body','MappedRepresentation',(#2946));
#2948=IFCPRODUCTDEFINITIONSHAPE($,$,(#2947));
#2949=IFCBUILDINGELEMENTPART('3xfLPNrFb1hux5ZmIlVp$K',$,'Ceiling 1 Wide Block 7.11',$,$,#4230,#2957,$,$);
#2950=IFCCARTESIANPOINT((0.,0.,0.));
#2951=IFCDIRECTION((1.,0.,0.));
#2952=IFCDIRECTION((0.,1.,0.));
#2953=IFCDIRECTION((0.,0.,1.));
#2954=IFCCARTESIANTRANSFORMATIONOPERATOR3D(#2951,#2952,#2950,1.,#2953);
#2955=IFCMAPPEDITEM(#2086,#2954);
#2956=IFCSHAPEREPRESENTATION(#11,'Body','MappedRepresentation',(#2955));
#2957=IFCPRODUCTDEFINITIONSHAPE($,$,(#2956));
#2958=IFCBUILDINGELEMENTPART('1mGixkyDPALhrngqcI7lqi',$,'Ceiling 1 Wide Block 7.12',$,$,#4235,#2966,$,$);
#2959=IFCCARTESIANPOINT((0.,0.,0.));
#2960=IFCDIRECTION((1.,0.,0.));
#2961=IFCDIRECTION((0.,1.,0.));
#2962=IFCDIRECTION((0.,0.,1.));
#2963=IFCCARTESIANTRANSFORMATIONOPERATOR3D(#2960,#2961,#2959,1.,#2962);
#2964=IFCMAPPEDITEM(#2086,#2963);
#2965=IFCSHAPEREPRESENTATION(#11,'Body','MappedRepresentation',(#2964));
#2966=IFCPRODUCTDEFINITIONSHAPE($,$,(#2965));
#2967=IFCBUILDINGELEMENTPART('1LTx$APfX2L9Nyim6rRx0X',$,'Ceiling 1 Wide Block 7.13',$,$,#4240,#2975,$,$);
#2968=IFCCARTESIANPOINT((0.,0.,0.));
#2969=IFCDIRECTION((1.,0.,0.));
#2970=IFCDIRECTION((0.,1.,0.));
#2971=IFCDIRECTION((0.,0.,1.));
#2972=IFCCARTESIANTRANSFORMATIONOPERATOR3D(#2969,#2970,#2968,1.,#2971);
#2973=IFCMAPPEDITEM(#2086,#2972);
#2974=IFCSHAPEREPRESENTATION(#11,'Body','MappedRepresentation',(#2973));
#2975=IFCPRODUCTDEFINITIONSHAPE($,$,(#2974));
#2976=IFCBEAM('2LlEEfMjPBfPRoN_0V$ueB',$,'Ceiling 1 Beam 7',$,$,#4245,#2984,$,$);
#2977=IFCCARTESIANPOINT((0.,0.,0.));
#2978=IFCDIRECTION((1.,0.,0.));
#2979=IFCDIRECTION((0.,1.,0.));
#2980=IFCDIRECTION((0.,0.,1.));
#2981=IFCCARTESIANTRANSFORMATIONOPERATOR3D(#2978,#2979,#2977,1.,#2980);
#2982=IFCMAPPEDITEM(#2218,#2981);
#2983=IFCSHAPEREPRESENTATION(#11,'Body','MappedRepresentation',(#2982));
#2984=IFCPRODUCTDEFINITIONSHAPE($,$,(#2983));
#2985=IFCBUILDINGELEMENTPART('0WUPo2YmP56OW4$7HX6gU5',$,'Ceiling 1 Wide Block 8.1',$,$,#4250,#2993,$,$);
#2986=IFCCARTESIANPOINT((0.,0.,0.));
#2987=IFCDIRECTION((1.,0.,0.));
#2988=IFCDIRECTION((0.,1.,0.));
#2989=IFCDIRECTION((0.,0.,1.));
#2990=IFCCARTESIANTRANSFORMATIONOPERATOR3D(#2987,#2988,#2986,1.,#2989);
#2991=IFCMAPPEDITEM(#2086,#2990);
#2992=IFCSHAPEREPRESENTATION(#11,'Body','MappedRepresentation',(#2991));
#2993=IFCPRODUCTDEFINITIONSHAPE($,$,(#2992));
#2994=IFCBUILDINGELEMENTPART('2vl42E4SL9Hh65v3NvAeyE',$,'Ceiling 1 Wide Block 8.2',$,$,#4255,#3002,$,$);
#2995=IFCCARTESIANPOINT((0.,0.,0.));
#2996=IFCDIRECTION((1.,0.,0.));
#2997=IFCDIRECTION((0.,1.,0.));
#2998=IFCDIRECTION((0.,0.,1.));
#2999=IFCCARTESIANTRANSFORMATIONOPERATOR3D(#2996,#2997,#2995,1.,#2998);
#3000=IFCMAPPEDITEM(#2086,#2999);
#3001=IFCSHAPEREPRESENTATION(#11,'Body','MappedRepresentation',(#3000));
#3002=IFCPRODUCTDEFINITIONSHAPE($,$,(#3001));
#3003=IFCBUILDINGELEMENTPART('2NXGQH4CX1dvkz5CaVfGXv',$,'Ceiling 1 Wide Block 8.3',$,$,#4260,#3011,$,$);
#3004=IFCCARTESIANPOINT((0.,0.,0.));
#3005=IFCDIRECTION((1.,0.,0.));
#3006=IFCDIRECTION((0.,1.,0.));
#3007=IFCDIRECTION((0.,0.,1.));
#3008=IFCCARTESIANTRANSFORMATIONOPERATOR3D(#3005,#3006,#3004,1.,#3007);
#3009=IFCMAPPEDITEM(#2086,#3008);
#3010=IFCSHAPEREPRESENTATION(#11,'Body','MappedRepresentation',(#3009));
#3011=IFCPRODUCTDEFINITIONSHAPE($,$,(#3010));
#3012=IFCBUILDINGELEMENTPART('3nV7208ADE$xTDv07CW4aX',$,'Ceiling 1 Wide Block 8.4',$,$,#4265,#3020,$,$);
#3013=IFCCARTESIANPOINT((0.,0.,0.));
#3014=IFCDIRECTION((1.,0.,0.));
#3015=IFCDIRECTION((0.,1.,0.));
#3016=IFCDIRECTION((0.,0.,1.));
#3017=IFCCARTESIANTRANSFORMATIONOPERATOR3D(#3014,#3015,#3013,1.,#3016);
#3018=IFCMAPPEDITEM(#2086,#3017);
#3019=IFCSHAPEREPRESENTATION(#11,'Body','MappedRepresentation',(#3018));
#3020=IFCPRODUCTDEFINITIONSHAPE($,$,(#3019));
#3021=IFCBUILDINGELEMENTPART('2xWc5XnNjETx493KTOmRVm',$,'Ceiling 1 Wide Block 8.5',$,$,#4270,#3029,$,$);
#3022=IFCCARTESIANPOINT((0.,0.,0.));
#3023=IFCDIRECTION((1.,0.,0.));
#3024=IFCDIRECTION((0.,1.,0.));
#3025=IFCDIRECTION((0.,0.,1.));
#3026=IFCCARTESIANTRANSFORMATIONOPERATOR3D(#3023,#3024,#3022,1.,#3025);
#3027=IFCMAPPEDITEM(#2086,#3026);
#3028=IFCSHAPEREPRESENTATION(#11,'Body','MappedRepresentation',(#3027));
#3029=IFCPRODUCTDEFINITIONSHAPE($,$,(#3028));
#3030=IFCBUILDINGELEMENTPART('3wm3ALwd97PAdFKKY9oA0N',$,'Ceiling 1 Wide Block 8.6',$,$,#4275,#3038,$,$);
#3031=IFCCARTESIANPOINT((0.,0.,0.));
#3032=IFCDIRECTION((1.,0.,0.));
#3033=IFCDIRECTION((0.,1.,0.));
#3034=IFCDIRECTION((0.,0.,1.));
#3035=IFCCARTESIANTRANSFORMATIONOPERATOR3D(#3032,#3033,#3031,1.,#3034);
#3036=IFCMAPPEDITEM(#2086,#3035);
#3037=IFCSHAPEREPRESENTATION(#11,'Body','MappedRepresentation',(#3036));
#3038=IFCPRODUCTDEFINITIONSHAPE($,$,(#3037));
#3039=IFCBUILDINGELEMENTPART('0XgHxSQ4r9XwBrt86UlYTX',$,'Ceiling 1 Wide Block 8.7',$,$,#4280,#3047,$,$);
#3040=IFCCARTESIANPOINT((0.,0.,0.));
#3041=IFCDIRECTION((1.,0.,0.));
#3042=IFCDIRECTION((0.,1.,0.));
#3043=IFCDIRECTION((0.,0.,1.));
#3044=IFCCARTESIANTRANSFORMATIONOPERATOR3D(#3041,#3042,#3040,1.,#3043);
#3045=IFCMAPPEDITEM(#2086,#3044);
#3046=IFCSHAPEREPRESENTATION(#11,'Body','MappedRepresentation',(#3045));
#3047=IFCPRODUCTDEFINITIONSHAPE($,$,(#3046));
#3048=IFCBUILDINGELEMENTPART('0Im5h39Y57huL5fn8tFs9o',$,'Ceiling 1 Wide Block 8.8',$,$,#4285,#3056,$,$);
#3049=IFCCARTESIANPOINT((0.,0.,0.));
#3050=IFCDIRECTION((1.,0.,0.));
#3051=IFCDIRECTION((0.,1.,0.));
#3052=IFCDIRECTION((0.,0.,1.));
#3053=IFCCARTESIANTRANSFORMATIONOPERATOR3D(#3050,#3051,#3049,1.,#3052);
#3054=IFCMAPPEDITEM(#2086,#3053);
#3055=IFCSHAPEREPRESENTATION(#11,'Body','MappedRepresentation',(#3054));
#3056=IFCPRODUCTDEFINITIONSHAPE($,$,(#3055));
#3057=IFCBUILDINGELEMENTPART('3vMxYy4R553RJsUevwA9cC',$,'Ceiling 1 Wide Block 8.9',$,$,#4290,#3065,$,$);
#3058=IFCCARTESIANPOINT((0.,0.,0.));
#3059=IFCDIRECTION((1.,0.,0.));
#3060=IFCDIRECTION((0.,1.,0.));
#3061=IFCDIRECTION((0.,0.,1.));
#3062=IFCCARTESIANTRANSFORMATIONOPERATOR3D(#3059,#3060,#3058,1.,#3061);
#3063=IFCMAPPEDITEM(#2086,#3062);
#3064=IFCSHAPEREPRESENTATION(#11,'Body','MappedRepresentation',(#3063));
#3065=IFCPRODUCTDEFINITIONSHAPE($,$,(#3064));
#3066=IFCBUILDINGELEMENTPART('3YvmhSkGfBOe9hCNrKzOTl',$,'Ceiling 1 Wide Block 8.10',$,$,#4295,#3074,$,$);
#3067=IFCCARTESIANPOINT((0.,0.,0.));
#3068=IFCDIRECTION((1.,0.,0.));
#3069=IFCDIRECTION((0.,1.,0.));
#3070=IFCDIRECTION((0.,0.,1.));
#3071=IFCCARTESIANTRANSFORMATIONOPERATOR3D(#3068,#3069,#3067,1.,#3070);
#3072=IFCMAPPEDITEM(#2086,#3071);
#3073=IFCSHAPEREPRESENTATION(#11,'Body','MappedRepresentation',(#3072));
#3074=IFCPRODUCTDEFINITIONSHAPE($,$,(#3073));
#3075=IFCBUILDINGELEMENTPART('3Cxz8QnK9CRO6jQnMXHVNH',$,'Ceiling 1 Wide Block 8.11',$,$,#4300,#3083,$,$);
#3076=IFCCARTESIANPOINT((0.,0.,0.));
#3077=IFCDIRECTION((1.,0.,0.));
#3078=IFCDIRECTION((0.,1.,0.));
#3079=IFCDIRECTION((0.,0.,1.));
#3080=IFCCARTESIANTRANSFORMATIONOPERATOR3D(#3077,#3078,#3076,1.,#3079);
#3081=IFCMAPPEDITEM(#2086,#3080);
#3082=IFCSHAPEREPRESENTATION(#11,'Body','MappedRepresentation',(#3081));
#3083=IFCPRODUCTDEFINITIONSHAPE($,$,(#3082));
#3084=IFCBUILDINGELEMENTPART('2aVAggbQfE8u9bTBjuu7Kk',$,'Ceiling 1 Wide Block 8.12',$,$,#4305,#3092,$,$);
#3085=IFCCARTESIANPOINT((0.,0.,0.));
#3086=IFCDIRECTION((1.,0.,0.));
#3087=IFCDIRECTION((0.,1.,0.));
#3088=IFCDIRECTION((0.,0.,1.));
#3089=IFCCARTESIANTRANSFORMATIONOPERATOR3D(#3086,#3087,#3085,1.,#3088);
#3090=IFCMAPPEDITEM(#2086,#3089);
#3091=IFCSHAPEREPRESENTATION(#11,'Body','MappedRepresentation',(#3090));
#3092=IFCPRODUCTDEFINITIONSHAPE($,$,(#3091));
#3093=IFCBUILDINGELEMENTPART('3l8wG0mbH4pOcbRRdifgpi',$,'Ceiling 1 Wide Block 8.13',$,$,#4310,#3101,$,$);
#3094=IFCCARTESIANPOINT((0.,0.,0.));
#3095=IFCDIRECTION((1.,0.,0.));
#3096=IFCDIRECTION((0.,1.,0.));
#3097=IFCDIRECTION((0.,0.,1.));
#3098=IFCCARTESIANTRANSFORMATIONOPERATOR3D(#3095,#3096,#3094,1.,#3097);
#3099=IFCMAPPEDITEM(#2086,#3098);
#3100=IFCSHAPEREPRESENTATION(#11,'Body','MappedRepresentation',(#3099));
#3101=IFCPRODUCTDEFINITIONSHAPE($,$,(#3100));
#3102=IFCBEAM('3kzfWW5nLAZvjxD8$eEwyp',$,'Ceiling 1 Beam 8',$,$,#4315,#3110,$,$);
#3103=IFCCARTESIANPOINT((0.,0.,0.));
#3104=IFCDIRECTION((1.,0.,0.));
#3105=IFCDIRECTION((0.,1.,0.));
#3106=IFCDIRECTION((0.,0.,1.));
#3107=IFCCARTESIANTRANSFORMATIONOPERATOR3D(#3104,#3105,#3103,1.,#3106);
#3108=IFCMAPPEDITEM(#2218,#3107);
#3109=IFCSHAPEREPRESENTATION(#11,'Body','MappedRepresentation',(#3108));
#3110=IFCPRODUCTDEFINITIONSHAPE($,$,(#3109));
#3111=IFCBUILDINGELEMENTPART('1YI8fZTtz1OwNDOr9S6DsR',$,'Ceiling 1 Wide Block 9.1',$,$,#4320,#3119,$,$);
#3112=IFCCARTESIANPOINT((0.,0.,0.));
#3113=IFCDIRECTION((1.,0.,0.));
#3114=IFCDIRECTION((0.,1.,0.));
#3115=IFCDIRECTION((0.,0.,1.));
#3116=IFCCARTESIANTRANSFORMATIONOPERATOR3D(#3113,#3114,#3112,1.,#3115);
#3117=IFCMAPPEDITEM(#2086,#3116);
#3118=IFCSHAPEREPRESENTATION(#11,'Body','MappedRepresentation',(#3117));
#3119=IFCPRODUCTDEFINITIONSHAPE($,$,(#3118));
#3120=IFCBUILDINGELEMENTPART('1tkJTFKZb6OBMNlPl1WH1C',$,'Ceiling 1 Wide Block 9.2',$,$,#4325,#3128,$,$);
#3121=IFCCARTESIANPOINT((0.,0.,0.));
#3122=IFCDIRECTION((1.,0.,0.));
#3123=IFCDIRECTION((0.,1.,0.));
#3124=IFCDIRECTION((0.,0.,1.));
#3125=IFCCARTESIANTRANSFORMATIONOPERATOR3D(#3122,#3123,#3121,1.,#3124);
#3126=IFCMAPPEDITEM(#2086,#3125);
#3127=IFCSHAPEREPRESENTATION(#11,'Body','MappedRepresentation',(#3126));
#3128=IFCPRODUCTDEFINITIONSHAPE($,$,(#3127));
#3129=IFCBUILDINGELEMENTPART('1nldOYzvzAcRqgBo3GDbBt',$,'Ceiling 1 Wide Block 9.3',$,$,#4330,#3137,$,$);
#3130=IFCCARTESIANPOINT((0.,0.,0.));
#3131=IFCDIRECTION((1.,0.,0.));
#3132=IFCDIRECTION((0.,1.,0.));
#3133=IFCDIRECTION((0.,0.,1.));
#3134=IFCCARTESIANTRANSFORMATIONOPERATOR3D(#3131,#3132,#3130,1.,#3133);
#3135=IFCMAPPEDITEM(#2086,#3134);
#3136=IFCSHAPEREPRESENTATION(#11,'Body','MappedRepresentation',(#3135));
#3137=IFCPRODUCTDEFINITIONSHAPE($,$,(#3136));
#3138=IFCBUILDINGELEMENTPART('1FO19JttD02Qtz$x6mZFgs',$,'Ceiling 1 Wide Block 9.4',$,$,#4335,#3146,$,$);
#3139=IFCCARTESIANPOINT((0.,0.,0.));
#3140=IFCDIRECTION((1.,0.,0.));
#3141=IFCDIRECTION((0.,1.,0.));
#3142=IFCDIRECTION((0.,0.,1.));
#3143=IFCCARTESIANTRANSFORMATIONOPERATOR3D(#3140,#3141,#3139,1.,#3142);
#3144=IFCMAPPEDITEM(#2086,#3143);
#3145=IFCSHAPEREPRESENTATION(#11,'Body','MappedRepresentation',(#3144));
#3146=IFCPRODUCTDEFINITIONSHAPE($,$,(#3145));
#3147=IFCBUILDINGELEMENTPART('2UC6xcqGD0U8$dJ2a6KFTf',$,'Ceiling 1 Wide Block 9.5',$,$,#4340,#3155,$,$);
#3148=IFCCARTESIANPOINT((0.,0.,0.));
#3149=IFCDIRECTION((1.,0.,0.));
#3150=IFCDIRECTION((0.,1.,0.));
#3151=IFCDIRECTION((0.,0.,1.));
#3152=IFCCARTESIANTRANSFORMATIONOPERATOR3D(#3149,#3150,#3148,1.,#3151);
#3153=IFCMAPPEDITEM(#2086,#3152);
#3154=IFCSHAPEREPRESENTATION(#11,'Body','MappedRepresentation',(#3153));
#3155=IFCPRODUCTDEFINITIONSHAPE($,$,(#3154));
#3156=IFCBUILDINGELEMENTPART('2iBxshMenALukmgxHCspkW',$,'Ceiling 1 Wide Block 9.6',$,$,#4345,#3164,$,$);
#3157=IFCCARTESIANPOINT((0.,0.,0.));
#3158=IFCDIRECTION((1.,0.,0.));
#3159=IFCDIRECTION((0.,1.,0.));
#3160=IFCDIRECTION((0.,0.,1.));
#3161=IFCCARTESIANTRANSFORMATIONOPERATOR3D(#3158,#3159,#3157,1.,#3160);
#3162=IFCMAPPEDITEM(#2086,#3161);
#3163=IFCSHAPEREPRESENTATION(#11,'Body','MappedRepresentation',(#3162));
#3164=IFCPRODUCTDEFINITIONSHAPE($,$,(#3163));
#3165=IFCBUILDINGELEMENTPART('3CYuDOHSf1fhWY5rZUQBRS',$,'Ceiling 1 Wide Block 9.7',$,$,#4350,#3173,$,$);
#3166=IFCCARTESIANPOINT((0.,0.,0.));
#3167=IFCDIRECTION((1.,0.,0.));
#3168=IFCDIRECTION((0.,1.,0.));
#3169=IFCDIRECTION((0.,0.,1.));
#3170=IFCCARTESIANTRANSFORMATIONOPERATOR3D(#3167,#3168,#3166,1.,#3169);
#3171=IFCMAPPEDITEM(#2086,#3170);
#3172=IFCSHAPEREPRESENTATION(#11,'Body','MappedRepresentation',(#3171));
#3173=IFCPRODUCTDEFINITIONSHAPE($,$,(#3172));
#3174=IFCBUILDINGELEMENTPART('2$oZCDux97294eOGIQKE3n',$,'Ceiling 1 Wide Block 9.8',$,$,#4355,#3182,$,$);
#3175=IFCCARTESIANPOINT((0.,0.,0.));
#3176=IFCDIRECTION((1.,0.,0.));
#3177=IFCDIRECTION((0.,1.,0.));
#3178=IFCDIRECTION((0.,0.,1.));
#3179=IFCCARTESIANTRANSFORMATIONOPERATOR3D(#3176,#3177,#3175,1.,#3178);
#3180=IFCMAPPEDITEM(#2086,#3179);
#3181=IFCSHAPEREPRESENTATION(#11,'Body','MappedRepresentation',(#3180));
#3182=IFCPRODUCTDEFINITIONSHAPE($,$,(#3181));
#3183=IFCBUILDINGELEMENTPART('0hCSGOEvr9RQIc7sBN2tnv',$,'Ceiling 1 Wide Block 9.9',$,$,#4360,#3191,$,$);
#3184=IFCCARTESIANPOINT((0.,0.,0.));
#3185=IFCDIRECTION((1.,0.,0.));
#3186=IFCDIRECTION((0.,1.,0.));
#3187=IFCDIRECTION((0.,0.,1.));
#3188=IFCCARTESIANTRANSFORMATIONOPERATOR3D(#3185,#3186,#3184,1.,#3187);
#3189=IFCMAPPEDITEM(#2086,#3188);
#3190=IFCSHAPEREPRESENTATION(#11,'Body','MappedRepresentation',(#3189));
#3191=IFCPRODUCTDEFINITIONSHAPE($,$,(#3190));
#3192=IFCBUILDINGELEMENTPART('0mhpmPSGb05P0b8EbDj4y0',$,'Ceiling 1 Wide Block 9.10',$,$,#4365,#3200,$,$);
#3193=IFCCARTESIANPOINT((0.,0.,0.));
#3194=IFCDIRECTION((1.,0.,0.));
#3195=IFCDIRECTION((0.,1.,0.));
#3196=IFCDIRECTION((0.,0.,1.));
#3197=IFCCARTESIANTRANSFORMATIONOPERATOR3D(#3194,#3195,#3193,1.,#3196);
#3198=IFCMAPPEDITEM(#2086,#3197);
#3199=IFCSHAPEREPRESENTATION(#11,'Body','MappedRepresentation',(#3198));
#3200=IFCPRODUCTDEFINITIONSHAPE($,$,(#3199));
#3201=IFCBUILDINGELEMENTPART('2APabptkb7BvpsBvgbWcT7',$,'Ceiling 1 Wide Block 9.11',$,$,#4370,#3209,$,$);
#3202=IFCCARTESIANPOINT((0.,0.,0.));
#3203=IFCDIRECTION((1.,0.,0.));
#3204=IFCDIRECTION((0.,1.,0.));
#3205=IFCDIRECTION((0.,0.,1.));
#3206=IFCCARTESIANTRANSFORMATIONOPERATOR3D(#3203,#3204,#3202,1.,#3205);
#3207=IFCMAPPEDITEM(#2086,#3206);
#3208=IFCSHAPEREPRESENTATION(#11,'Body','MappedRepresentation',(#3207));
#3209=IFCPRODUCTDEFINITIONSHAPE($,$,(#3208));
#3210=IFCBUILDINGELEMENTPART('2IqPbmh7X9DOlHhO7sGrhr',$,'Ceiling 1 Wide Block 9.12',$,$,#4375,#3218,$,$);
#3211=IFCCARTESIANPOINT((0.,0.,0.));
#3212=IFCDIRECTION((1.,0.,0.));
#3213=IFCDIRECTION((0.,1.,0.));
#3214=IFCDIRECTION((0.,0.,1.));
#3215=IFCCARTESIANTRANSFORMATIONOPERATOR3D(#3212,#3213,#3211,1.,#3214);
#3216=IFCMAPPEDITEM(#2086,#3215);
#3217=IFCSHAPEREPRESENTATION(#11,'Body','MappedRepresentation',(#3216));
#3218=IFCPRODUCTDEFINITIONSHAPE($,$,(#3217));
#3219=IFCBUILDINGELEMENTPART('13fVMpif97a9P_FQwIBgJI',$,'Ceiling 1 Wide Block 9.13',$,$,#4380,#3227,$,$);
#3220=IFCCARTESIANPOINT((0.,0.,0.));
#3221=IFCDIRECTION((1.,0.,0.));
#3222=IFCDIRECTION((0.,1.,0.));
#3223=IFCDIRECTION((0.,0.,1.));
#3224=IFCCARTESIANTRANSFORMATIONOPERATOR3D(#3221,#3222,#3220,1.,#3223);
#3225=IFCMAPPEDITEM(#2086,#3224);
#3226=IFCSHAPEREPRESENTATION(#11,'Body','MappedRepresentation',(#3225));
#3227=IFCPRODUCTDEFINITIONSHAPE($,$,(#3226));
#3228=IFCBEAM('3sYWflCf50JOFUMLyjiVfX',$,'Ceiling 1 Beam 9',$,$,#4385,#3236,$,$);
#3229=IFCCARTESIANPOINT((0.,0.,0.));
#3230=IFCDIRECTION((1.,0.,0.));
#3231=IFCDIRECTION((0.,1.,0.));
#3232=IFCDIRECTION((0.,0.,1.));
#3233=IFCCARTESIANTRANSFORMATIONOPERATOR3D(#3230,#3231,#3229,1.,#3232);
#3234=IFCMAPPEDITEM(#2218,#3233);
#3235=IFCSHAPEREPRESENTATION(#11,'Body','MappedRepresentation',(#3234));
#3236=IFCPRODUCTDEFINITIONSHAPE($,$,(#3235));
#3237=IFCBUILDINGELEMENTPART('11S8fx$rX2wfFQmgiPOTeL',$,'Ceiling 1 Wide Block 10.1',$,$,#4390,#3245,$,$);
#3238=IFCCARTESIANPOINT((0.,0.,0.));
#3239=IFCDIRECTION((1.,0.,0.));
#3240=IFCDIRECTION((0.,1.,0.));
#3241=IFCDIRECTION((0.,0.,1.));
#3242=IFCCARTESIANTRANSFORMATIONOPERATOR3D(#3239,#3240,#3238,1.,#3241);
#3243=IFCMAPPEDITEM(#2086,#3242);
#3244=IFCSHAPEREPRESENTATION(#11,'Body','MappedRepresentation',(#3243));
#3245=IFCPRODUCTDEFINITIONSHAPE($,$,(#3244));
#3246=IFCBUILDINGELEMENTPART('3xYJXKsSPBuxi3bjZ43mqU',$,'Ceiling 1 Wide Block 10.2',$,$,#4395,#3254,$,$);
#3247=IFCCARTESIANPOINT((0.,0.,0.));
#3248=IFCDIRECTION((1.,0.,0.));
#3249=IFCDIRECTION((0.,1.,0.));
#3250=IFCDIRECTION((0.,0.,1.));
#3251=IFCCARTESIANTRANSFORMATIONOPERATOR3D(#3248,#3249,#3247,1.,#3250);
#3252=IFCMAPPEDITEM(#2086,#3251);
#3253=IFCSHAPEREPRESENTATION(#11,'Body','MappedRepresentation',(#3252));
#3254=IFCPRODUCTDEFINITIONSHAPE($,$,(#3253));
#3255=IFCBUILDINGELEMENTPART('0W7tR4Wy9Flh4zuf4AlvZG',$,'Ceiling 1 Wide Block 10.3',$,$,#4400,#3263,$,$);
#3256=IFCCARTESIANPOINT((0.,0.,0.));
#3257=IFCDIRECTION((1.,0.,0.));
#3258=IFCDIRECTION((0.,1.,0.));
#3259=IFCDIRECTION((0.,0.,1.));
#3260=IFCCARTESIANTRANSFORMATIONOPERATOR3D(#3257,#3258,#3256,1.,#3259);
#3261=IFCMAPPEDITEM(#2086,#3260);
#3262=IFCSHAPEREPRESENTATION(#11,'Body','MappedRepresentation',(#3261));
#3263=IFCPRODUCTDEFINITIONSHAPE($,$,(#3262));
#3264=IFCBUILDINGELEMENTPART('1Os5lChG58UQCATvINpAtK',$,'Ceiling 1 Wide Block 10.4',$,$,#4405,#3272,$,$);
#3265=IFCCARTESIANPOINT((0.,0.,0.));
#3266=IFCDIRECTION((1.,0.,0.));
#3267=IFCDIRECTION((0.,1.,0.));
#3268=IFCDIRECTION((0.,0.,1.));
#3269=IFCCARTESIANTRANSFORMATIONOPERATOR3D(#3266,#3267,#3265,1.,#3268);
#3270=IFCMAPPEDITEM(#2086,#3269);
#3271=IFCSHAPEREPRESENTATION(#11,'Body','MappedRepresentation',(#3270));
#3272=IFCPRODUCTDEFINITIONSHAPE($,$,(#3271));
#3273=IFCBUILDINGELEMENTPART('3IhC5VHM5FfwJnXQOL0JJX',$,'Ceiling 1 Wide Block 10.5',$,$,#4410,#3281,$,$);
#3274=IFCCARTESIANPOINT((0.,0.,0.));
#3275=IFCDIRECTION((1.,0.,0.));
#3276=IFCDIRECTION((0.,1.,0.));
#3277=IFCDIRECTION((0.,0.,1.));
#3278=IFCCARTESIANTRANSFORMATIONOPERATOR3D(#3275,#3276,#3274,1.,#3277);
#3279=IFCMAPPEDITEM(#2086,#3278);
#3280=IFCSHAPEREPRESENTATION(#11,'Body','MappedRepresentation',(#3279));
#3281=IFCPRODUCTDEFINITIONSHAPE($,$,(#3280));
#3282=IFCBUILDINGELEMENTPART('3e4L7Bxi1CwuN2LiyjI1FG',$,'Ceiling 1 Wide Block 10.6',$,$,#4415,#3290,$,$);
#3283=IFCCARTESIANPOINT((0.,0.,0.));
#3284=IFCDIRECTION((1.,0.,0.));
#3285=IFCDIRECTION((0.,1.,0.));
#3286=IFCDIRECTION((0.,0.,1.));
#3287=IFCCARTESIANTRANSFORMATIONOPERATOR3D(#3284,#3285,#3283,1.,#3286);
#3288=IFCMAPPEDITEM(#2086,#3287);
#3289=IFCSHAPEREPRESENTATION(#11,'Body','MappedRepresentation',(#3288));
#3290=IFCPRODUCTDEFINITIONSHAPE($,$,(#3289));
#3291=IFCBUILDINGELEMENTPART('3trDhgBaf6uuDkC2fkJhN4',$,'Ceiling 1 Wide Block 10.7',$,$,#4420,#3299,$,$);
#3292=IFCCARTESIANPOINT((0.,0.,0.));
#3293=IFCDIRECTION((1.,0.,0.));
#3294=IFCDIRECTION((0.,1.,0.));
#3295=IFCDIRECTION((0.,0.,1.));
#3296=IFCCARTESIANTRANSFORMATIONOPERATOR3D(#3293,#3294,#3292,1.,#3295);
#3297=IFCMAPPEDITEM(#2086,#3296);
#3298=IFCSHAPEREPRESENTATION(#11,'Body','MappedRepresentation',(#3297));
#3299=IFCPRODUCTDEFINITIONSHAPE($,$,(#3298));
#3300=IFCBUILDINGELEMENTPART('1Fatu_1rf6cO1Tf8hWuq8X',$,'Ceiling 1 Wide Block 10.8',$,$,#4425,#3308,$,$);
#3301=IFCCARTESIANPOINT((0.,0.,0.));
#3302=IFCDIRECTION((1.,0.,0.));
#3303=IFCDIRECTION((0.,1.,0.));
#3304=IFCDIRECTION((0.,0.,1.));
#3305=IFCCARTESIANTRANSFORMATIONOPERATOR3D(#3302,#3303,#3301,1.,#3304);
#3306=IFCMAPPEDITEM(#2086,#3305);
#3307=IFCSHAPEREPRESENTATION(#11,'Body','MappedRepresentation',(#3306));
#3308=IFCPRODUCTDEFINITIONSHAPE($,$,(#3307));
#3309=IFCBUILDINGELEMENTPART('0LjiQpU095fwy5KdN4eJE6',$,'Ceiling 1 Wide Block 10.9',$,$,#4430,#3317,$,$);
#3310=IFCCARTESIANPOINT((0.,0.,0.));
#3311=IFCDIRECTION((1.,0.,0.));
#3312=IFCDIRECTION((0.,1.,0.));
#3313=IFCDIRECTION((0.,0.,1.));
#3314=IFCCARTESIANTRANSFORMATIONOPERATOR3D(#3311,#3312,#3310,1.,#3313);
#3315=IFCMAPPEDITEM(#2086,#3314);
#3316=IFCSHAPEREPRESENTATION(#11,'Body','MappedRepresentation',(#3315));
#3317=IFCPRODUCTDEFINITIONSHAPE($,$,(#3316));
#3318=IFCBUILDINGELEMENTPART('09$JRPGujAsArvqrMfjUyU',$,'Ceiling 1 Wide Block 10.10',$,$,#4435,#3326,$,$);
#3319=IFCCARTESIANPOINT((0.,0.,0.));
#3320=IFCDIRECTION((1.,0.,0.));
#3321=IFCDIRECTION((0.,1.,0.));
#3322=IFCDIRECTION((0.,0.,1.));
#3323=IFCCARTESIANTRANSFORMATIONOPERATOR3D(#3320,#3321,#3319,1.,#3322);
#3324=IFCMAPPEDITEM(#2086,#3323);
#3325=IFCSHAPEREPRESENTATION(#11,'Body','MappedRepresentation',(#3324));
#3326=IFCPRODUCTDEFINITIONSHAPE($,$,(#3325));
#3327=IFCBUILDINGELEMENTPART('0OYnOLnqLFL9AEX4k4SZ1g',$,'Ceiling 1 Wide Block 10.11',$,$,#4440,#3335,$,$);
#3328=IFCCARTESIANPOINT((0.,0.,0.));
#3329=IFCDIRECTION((1.,0.,0.));
#3330=IFCDIRECTION((0.,1.,0.));
#3331=IFCDIRECTION((0.,0.,1.));
#3332=IFCCARTESIANTRANSFORMATIONOPERATOR3D(#3329,#3330,#3328,1.,#3331);
#3333=IFCMAPPEDITEM(#2086,#3332);
#3334=IFCSHAPEREPRESENTATION(#11,'Body','MappedRepresentation',(#3333));
#3335=IFCPRODUCTDEFINITIONSHAPE($,$,(#3334));
#3336=IFCBUILDINGELEMENTPART('3NyXAz_krBSggEpvDMWhuM',$,'Ceiling 1 Wide Block 10.12',$,$,#4445,#3344,$,$);
#3337=IFCCARTESIANPOINT((0.,0.,0.));
#3338=IFCDIRECTION((1.,0.,0.));
#3339=IFCDIRECTION((0.,1.,0.));
#3340=IFCDIRECTION((0.,0.,1.));
#3341=IFCCARTESIANTRANSFORMATIONOPERATOR3D(#3338,#3339,#3337,1.,#3340);
#3342=IFCMAPPEDITEM(#2086,#3341);
#3343=IFCSHAPEREPRESENTATION(#11,'Body','MappedRepresentation',(#3342));
#3344=IFCPRODUCTDEFINITIONSHAPE($,$,(#3343));
#3345=IFCBUILDINGELEMENTPART('2FSRvQRSvBJvgE8ovM4zv3',$,'Ceiling 1 Wide Block 10.13',$,$,#4450,#3353,$,$);
#3346=IFCCARTESIANPOINT((0.,0.,0.));
#3347=IFCDIRECTION((1.,0.,0.));
#3348=IFCDIRECTION((0.,1.,0.));
#3349=IFCDIRECTION((0.,0.,1.));
#3350=IFCCARTESIANTRANSFORMATIONOPERATOR3D(#3347,#3348,#3346,1.,#3349);
#3351=IFCMAPPEDITEM(#2086,#3350);
#3352=IFCSHAPEREPRESENTATION(#11,'Body','MappedRepresentation',(#3351));
#3353=IFCPRODUCTDEFINITIONSHAPE($,$,(#3352));
#3354=IFCBEAM('1nhLV4swD2Jg0GihiCXQIV',$,'Ceiling 1 Beam 10',$,$,#4455,#3362,$,$);
#3355=IFCCARTESIANPOINT((0.,0.,0.));
#3356=IFCDIRECTION((1.,0.,0.));
#3357=IFCDIRECTION((0.,1.,0.));
#3358=IFCDIRECTION((0.,0.,1.));
#3359=IFCCARTESIANTRANSFORMATIONOPERATOR3D(#3356,#3357,#3355,1.,#3358);
#3360=IFCMAPPEDITEM(#2218,#3359);
#3361=IFCSHAPEREPRESENTATION(#11,'Body','MappedRepresentation',(#3360));
#3362=IFCPRODUCTDEFINITIONSHAPE($,$,(#3361));
#3363=IFCBUILDINGELEMENTPART('1xBDr9s558V9Rv3qA4HY9l',$,'Ceiling 1 Narrow Block 11.1',$,$,#4460,#3385,$,$);
#3364=IFCBUILDINGELEMENTPARTTYPE('0ktuZh3en7og2YWPBJgWBr',$,'MIAKO narrow block 250x330x250',$,$,$,(#3376),$,'MIAKO narrow block',.USERDEFINED.);
#3365=IFCCARTESIANPOINTLIST2D(((0.,0.),(0.25,0.),(0.25,-0.33000000000000002),(0.,-0.33000000000000002)));
#3366=IFCINDEXEDPOLYCURVE(#3365,$,$);
#3367=IFCDIRECTION((0.,0.,1.));
#3368=IFCARBITRARYCLOSEDPROFILEDEF(.AREA.,$,#3366);
#3369=IFCEXTRUDEDAREASOLID(#3368,$,#3367,0.25);
#3370=IFCSHAPEREPRESENTATION(#11,'Body','SweptSolid',(#3369));
#3371=IFCSTYLEDITEM(#3369,(#2044),'3D 0.000 0.502 0.000 alpha 1.000');
#3372=IFCCARTESIANPOINT((0.,0.,0.));
#3373=IFCDIRECTION((1.,0.,0.));
#3374=IFCDIRECTION((0.,0.,1.));
#3375=IFCAXIS2PLACEMENT3D(#3372,#3374,#3373);
#3376=IFCREPRESENTATIONMAP(#3375,#3370);
#3377=IFCRELDEFINESBYTYPE('1LkMH_HNP7Nx0L8w3KYI2W',$,$,$,(#6691,#3566,#3449,#3548,#3647,#6799,#6889,#3363,#3530,#6682,#6781,#6871,#6763,#3728,#3422,#3710,#6556,#6961,#6565,#6655,#6754,#6538,#6943,#6637,#3512,#3611,#3701,#3395,#3404,#3593,#6844,#6934,#6628,#6727,#6817,#3674,#3683,#3467,#6619,#7024,#6907,#6511,#6601,#7006,#6700,#6583,#3458,#6988,#3557,#3656,#3440,#3539,#3638,#6790,#6880,#6574,#6979,#6772,#6862,#3737,#3431,#3629,#3719,#3413,#6970,#6664,#6547,#6952,#6646,#3521,#6745,#3503,#3602,#3485,#3584,#6736,#6826,#6520,#6835,#6925,#6529,#6718,#6808,#3692,#3386,#3476,#3575,#3665,#6916,#6610,#7015,#6709,#6898,#6502,#6592,#6997),#3364);
#3378=IFCCARTESIANPOINT((0.,0.,0.));
#3379=IFCDIRECTION((1.,0.,0.));
#3380=IFCDIRECTION((0.,1.,0.));
#3381=IFCDIRECTION((0.,0.,1.));
#3382=IFCCARTESIANTRANSFORMATIONOPERATOR3D(#3379,#3380,#3378,1.,#3381);
#3383=IFCMAPPEDITEM(#3376,#3382);
#3384=IFCSHAPEREPRESENTATION(#11,'Body','MappedRepresentation',(#3383));
#3385=IFCPRODUCTDEFINITIONSHAPE($,$,(#3384));
#3386=IFCBUILDINGELEMENTPART('0ZKlGGqSH2UQel3SzixE4n',$,'Ceiling 1 Narrow Block 11.2',$,$,#4465,#3394,$,$);
#3387=IFCCARTESIANPOINT((0.,0.,0.));
#3388=IFCDIRECTION((1.,0.,0.));
#3389=IFCDIRECTION((0.,1.,0.));
#3390=IFCDIRECTION((0.,0.,1.));
#3391=IFCCARTESIANTRANSFORMATIONOPERATOR3D(#3388,#3389,#3387,1.,#3390);
#3392=IFCMAPPEDITEM(#3376,#3391);
#3393=IFCSHAPEREPRESENTATION(#11,'Body','MappedRepresentation',(#3392));
#3394=IFCPRODUCTDEFINITIONSHAPE($,$,(#3393));
#3395=IFCBUILDINGELEMENTPART('2TtGQ6iD1AAvWDTbIfxZtE',$,'Ceiling 1 Narrow Block 11.3',$,$,#4470,#3403,$,$);
#3396=IFCCARTESIANPOINT((0.,0.,0.));
#3397=IFCDIRECTION((1.,0.,0.));
#3398=IFCDIRECTION((0.,1.,0.));
#3399=IFCDIRECTION((0.,0.,1.));
#3400=IFCCARTESIANTRANSFORMATIONOPERATOR3D(#3397,#3398,#3396,1.,#3399);
#3401=IFCMAPPEDITEM(#3376,#3400);
#3402=IFCSHAPEREPRESENTATION(#11,'Body','MappedRepresentation',(#3401));
#3403=IFCPRODUCTDEFINITIONSHAPE($,$,(#3402));
#3404=IFCBUILDINGELEMENTPART('2i61vp5CHBwutWPpfirFrg',$,'Ceiling 1 Narrow Block 11.4',$,$,#4475,#3412,$,$);
#3405=IFCCARTESIANPOINT((0.,0.,0.));
#3406=IFCDIRECTION((1.,0.,0.));
#3407=IFCDIRECTION((0.,1.,0.));
#3408=IFCDIRECTION((0.,0.,1.));
#3409=IFCCARTESIANTRANSFORMATIONOPERATOR3D(#3406,#3407,#3405,1.,#3408);
#3410=IFCMAPPEDITEM(#3376,#3409);
#3411=IFCSHAPEREPRESENTATION(#11,'Body','MappedRepresentation',(#3410));
#3412=IFCPRODUCTDEFINITIONSHAPE($,$,(#3411));
#3413=IFCBUILDINGELEMENTPART('1f9fMV7xv5yRrdfSHrWuz2',$,'Ceiling 1 Narrow Block 11.5',$,$,#4480,#3421,$,$);
#3414=IFCCARTESIANPOINT((0.,0.,0.));
#3415=IFCDIRECTION((1.,0.,0.));
#3416=IFCDIRECTION((0.,1.,0.));
#3417=IFCDIRECTION((0.,0.,1.));
#3418=IFCCARTESIANTRANSFORMATIONOPERATOR3D(#3415,#3416,#3414,1.,#3417);
#3419=IFCMAPPEDITEM(#3376,#3418);
#3420=IFCSHAPEREPRESENTATION(#11,'Body','MappedRepresentation',(#3419));
#3421=IFCPRODUCTDEFINITIONSHAPE($,$,(#3420));
#3422=IFCBUILDINGELEMENTPART('2vSttCK79A_uFiVIYtnZwz',$,'Ceiling 1 Narrow Block 11.6',$,$,#4485,#3430,$,$);
#3423=IFCCARTESIANPOINT((0.,0.,0.));
#3424=IFCDIRECTION((1.,0.,0.));
#3425=IFCDIRECTION((0.,1.,0.));
#3426=IFCDIRECTION((0.,0.,1.));
#3427=IFCCARTESIANTRANSFORMATIONOPERATOR3D(#3424,#3425,#3423,1.,#3426);
#3428=IFCMAPPEDITEM(#3376,#3427);
#3429=IFCSHAPEREPRESENTATION(#11,'Body','MappedRepresentation',(#3428));
#3430=IFCPRODUCTDEFINITIONSHAPE($,$,(#3429));
#3431=IFCBUILDINGELEMENTPART('0z0IDOvgf2eecuOn89KzMo',$,'Ceiling 1 Narrow Block 11.7',$,$,#4490,#3439,$,$);
#3432=IFCCARTESIANPOINT((0.,0.,0.));
#3433=IFCDIRECTION((1.,0.,0.));
#3434=IFCDIRECTION((0.,1.,0.));
#3435=IFCDIRECTION((0.,0.,1.));
#3436=IFCCARTESIANTRANSFORMATIONOPERATOR3D(#3433,#3434,#3432,1.,#3435);
#3437=IFCMAPPEDITEM(#3376,#3436);
#3438=IFCSHAPEREPRESENTATION(#11,'Body','MappedRepresentation',(#3437));
#3439=IFCPRODUCTDEFINITIONSHAPE($,$,(#3438));
#3440=IFCBUILDINGELEMENTPART('3ycMYI0cfBZfVflrBJ1SHy',$,'Ceiling 1 Narrow Block 11.8',$,$,#4495,#3448,$,$);
#3441=IFCCARTESIANPOINT((0.,0.,0.));
#3442=IFCDIRECTION((1.,0.,0.));
#3443=IFCDIRECTION((0.,1.,0.));
#3444=IFCDIRECTION((0.,0.,1.));
#3445=IFCCARTESIANTRANSFORMATIONOPERATOR3D(#3442,#3443,#3441,1.,#3444);
#3446=IFCMAPPEDITEM(#3376,#3445);
#3447=IFCSHAPEREPRESENTATION(#11,'Body','MappedRepresentation',(#3446));
#3448=IFCPRODUCTDEFINITIONSHAPE($,$,(#3447));
#3449=IFCBUILDINGELEMENTPART('1T3t54p6fE3uQE_NDrXcJG',$,'Ceiling 1 Narrow Block 11.9',$,$,#4500,#3457,$,$);
#3450=IFCCARTESIANPOINT((0.,0.,0.));
#3451=IFCDIRECTION((1.,0.,0.));
#3452=IFCDIRECTION((0.,1.,0.));
#3453=IFCDIRECTION((0.,0.,1.));
#3454=IFCCARTESIANTRANSFORMATIONOPERATOR3D(#3451,#3452,#3450,1.,#3453);
#3455=IFCMAPPEDITEM(#3376,#3454);
#3456=IFCSHAPEREPRESENTATION(#11,'Body','MappedRepresentation',(#3455));
#3457=IFCPRODUCTDEFINITIONSHAPE($,$,(#3456));
#3458=IFCBUILDINGELEMENTPART('2b2aCRhDX2zfoZlcwI0Tno',$,'Ceiling 1 Narrow Block 11.10',$,$,#4505,#3466,$,$);
#3459=IFCCARTESIANPOINT((0.,0.,0.));
#3460=IFCDIRECTION((1.,0.,0.));
#3461=IFCDIRECTION((0.,1.,0.));
#3462=IFCDIRECTION((0.,0.,1.));
#3463=IFCCARTESIANTRANSFORMATIONOPERATOR3D(#3460,#3461,#3459,1.,#3462);
#3464=IFCMAPPEDITEM(#3376,#3463);
#3465=IFCSHAPEREPRESENTATION(#11,'Body','MappedRepresentation',(#3464));
#3466=IFCPRODUCTDEFINITIONSHAPE($,$,(#3465));
#3467=IFCBUILDINGELEMENTPART('0jEaLgNPj8KO7U1RbVTaRM',$,'Ceiling 1 Narrow Block 11.11',$,$,#4510,#3475,$,$);
#3468=IFCCARTESIANPOINT((0.,0.,0.));
#3469=IFCDIRECTION((1.,0.,0.));
#3470=IFCDIRECTION((0.,1.,0.));
#3471=IFCDIRECTION((0.,0.,1.));
#3472=IFCCARTESIANTRANSFORMATIONOPERATOR3D(#3469,#3470,#3468,1.,#3471);
#3473=IFCMAPPEDITEM(#3376,#3472);
#3474=IFCSHAPEREPRESENTATION(#11,'Body','MappedRepresentation',(#3473));
#3475=IFCPRODUCTDEFINITIONSHAPE($,$,(#3474));
#3476=IFCBUILDINGELEMENTPART('3VFPGx7MvDM995Z4gBGtrp',$,'Ceiling 1 Narrow Block 11.12',$,$,#4515,#3484,$,$);
#3477=IFCCARTESIANPOINT((0.,0.,0.));
#3478=IFCDIRECTION((1.,0.,0.));
#3479=IFCDIRECTION((0.,1.,0.));
#3480=IFCDIRECTION((0.,0.,1.));
#3481=IFCCARTESIANTRANSFORMATIONOPERATOR3D(#3478,#3479,#3477,1.,#3480);
#3482=IFCMAPPEDITEM(#3376,#3481);
#3483=IFCSHAPEREPRESENTATION(#11,'Body','MappedRepresentation',(#3482));
#3484=IFCPRODUCTDEFINITIONSHAPE($,$,(#3483));
#3485=IFCBUILDINGELEMENTPART('1sMvSaWM95K9lm7ick1ndM',$,'Ceiling 1 Narrow Block 11.13',$,$,#4520,#3493,$,$);
#3486=IFCCARTESIANPOINT((0.,0.,0.));
#3487=IFCDIRECTION((1.,0.,0.));
#3488=IFCDIRECTION((0.,1.,0.));
#3489=IFCDIRECTION((0.,0.,1.));
#3490=IFCCARTESIANTRANSFORMATIONOPERATOR3D(#3487,#3488,#3486,1.,#3489);
#3491=IFCMAPPEDITEM(#3376,#3490);
#3492=IFCSHAPEREPRESENTATION(#11,'Body','MappedRepresentation',(#3491));
#3493=IFCPRODUCTDEFINITIONSHAPE($,$,(#3492));
#3494=IFCBEAM('0$dYDZ5Qr4jOKe9eIcVip8',$,'Ceiling 1 Beam 11',$,$,#4525,#3502,$,$);
#3495=IFCCARTESIANPOINT((0.,0.,0.));
#3496=IFCDIRECTION((1.,0.,0.));
#3497=IFCDIRECTION((0.,1.,0.));
#3498=IFCDIRECTION((0.,0.,1.));
#3499=IFCCARTESIANTRANSFORMATIONOPERATOR3D(#3496,#3497,#3495,1.,#3498);
#3500=IFCMAPPEDITEM(#2218,#3499);
#3501=IFCSHAPEREPRESENTATION(#11,'Body','MappedRepresentation',(#3500));
#3502=IFCPRODUCTDEFINITIONSHAPE($,$,(#3501));
#3503=IFCBUILDINGELEMENTPART('2sxxL4QbHBZOUadqUa5lkv',$,'Ceiling 1 Narrow Block 12.1',$,$,#4530,#3511,$,$);
#3504=IFCCARTESIANPOINT((0.,0.,0.));
#3505=IFCDIRECTION((1.,0.,0.));
#3506=IFCDIRECTION((0.,1.,0.));
#3507=IFCDIRECTION((0.,0.,1.));
#3508=IFCCARTESIANTRANSFORMATIONOPERATOR3D(#3505,#3506,#3504,1.,#3507);
#3509=IFCMAPPEDITEM(#3376,#3508);
#3510=IFCSHAPEREPRESENTATION(#11,'Body','MappedRepresentation',(#3509));
#3511=IFCPRODUCTDEFINITIONSHAPE($,$,(#3510));
#3512=IFCBUILDINGELEMENTPART('1lxBmRn6jFd8C4dYtG6_n1',$,'Ceiling 1 Narrow Block 12.2',$,$,#4535,#3520,$,$);
#3513=IFCCARTESIANPOINT((0.,0.,0.));
#3514=IFCDIRECTION((1.,0.,0.));
#3515=IFCDIRECTION((0.,1.,0.));
#3516=IFCDIRECTION((0.,0.,1.));
#3517=IFCCARTESIANTRANSFORMATIONOPERATOR3D(#3514,#3515,#3513,1.,#3516);
#3518=IFCMAPPEDITEM(#3376,#3517);
#3519=IFCSHAPEREPRESENTATION(#11,'Body','MappedRepresentation',(#3518));
#3520=IFCPRODUCTDEFINITIONSHAPE($,$,(#3519));
#3521=IFCBUILDINGELEMENTPART('1RVZg1eEP6fBu8D3PylPel',$,'Ceiling 1 Narrow Block 12.3',$,$,#4540,#3529,$,$);
#3522=IFCCARTESIANPOINT((0.,0.,0.));
#3523=IFCDIRECTION((1.,0.,0.));
#3524=IFCDIRECTION((0.,1.,0.));
#3525=IFCDIRECTION((0.,0.,1.));
#3526=IFCCARTESIANTRANSFORMATIONOPERATOR3D(#3523,#3524,#3522,1.,#3525);
#3527=IFCMAPPEDITEM(#3376,#3526);
#3528=IFCSHAPEREPRESENTATION(#11,'Body','MappedRepresentation',(#3527));
#3529=IFCPRODUCTDEFINITIONSHAPE($,$,(#3528));
#3530=IFCBUILDINGELEMENTPART('0ii592OHr5YQDb9z24UBAP',$,'Ceiling 1 Narrow Block 12.4',$,$,#4545,#3538,$,$);
#3531=IFCCARTESIANPOINT((0.,0.,0.));
#3532=IFCDIRECTION((1.,0.,0.));
#3533=IFCDIRECTION((0.,1.,0.));
#3534=IFCDIRECTION((0.,0.,1.));
#3535=IFCCARTESIANTRANSFORMATIONOPERATOR3D(#3532,#3533,#3531,1.,#3534);
#3536=IFCMAPPEDITEM(#3376,#3535);
#3537=IFCSHAPEREPRESENTATION(#11,'Body','MappedRepresentation',(#3536));
#3538=IFCPRODUCTDEFINITIONSHAPE($,$,(#3537));
#3539=IFCBUILDINGELEMENTPART('10pxgvP3X4exvRnHrW79un',$,'Ceiling 1 Narrow Block 12.5',$,$,#4550,#3547,$,$);
#3540=IFCCARTESIANPOINT((0.,0.,0.));
#3541=IFCDIRECTION((1.,0.,0.));
#3542=IFCDIRECTION((0.,1.,0.));
#3543=IFCDIRECTION((0.,0.,1.));
#3544=IFCCARTESIANTRANSFORMATIONOPERATOR3D(#3541,#3542,#3540,1.,#3543);
#3545=IFCMAPPEDITEM(#3376,#3544);
#3546=IFCSHAPEREPRESENTATION(#11,'Body','MappedRepresentation',(#3545));
#3547=IFCPRODUCTDEFINITIONSHAPE($,$,(#3546));
#3548=IFCBUILDINGELEMENTPART('1G9H9Wh5vFtA6wIfehqEQn',$,'Ceiling 1 Narrow Block 12.6',$,$,#4555,#3556,$,$);
#3549=IFCCARTESIANPOINT((0.,0.,0.));
#3550=IFCDIRECTION((1.,0.,0.));
#3551=IFCDIRECTION((0.,1.,0.));
#3552=IFCDIRECTION((0.,0.,1.));
#3553=IFCCARTESIANTRANSFORMATIONOPERATOR3D(#3550,#3551,#3549,1.,#3552);
#3554=IFCMAPPEDITEM(#3376,#3553);
#3555=IFCSHAPEREPRESENTATION(#11,'Body','MappedRepresentation',(#3554));
#3556=IFCPRODUCTDEFINITIONSHAPE($,$,(#3555));
#3557=IFCBUILDINGELEMENTPART('0DfU8wZzL90AZ3_CdslYfw',$,'Ceiling 1 Narrow Block 12.7',$,$,#4560,#3565,$,$);
#3558=IFCCARTESIANPOINT((0.,0.,0.));
#3559=IFCDIRECTION((1.,0.,0.));
#3560=IFCDIRECTION((0.,1.,0.));
#3561=IFCDIRECTION((0.,0.,1.));
#3562=IFCCARTESIANTRANSFORMATIONOPERATOR3D(#3559,#3560,#3558,1.,#3561);
#3563=IFCMAPPEDITEM(#3376,#3562);
#3564=IFCSHAPEREPRESENTATION(#11,'Body','MappedRepresentation',(#3563));
#3565=IFCPRODUCTDEFINITIONSHAPE($,$,(#3564));
#3566=IFCBUILDINGELEMENTPART('3CYkjZ$Jz6dONwDZHoPIL9',$,'Ceiling 1 Narrow Block 12.8',$,$,#4565,#3574,$,$);
#3567=IFCCARTESIANPOINT((0.,0.,0.));
#3568=IFCDIRECTION((1.,0.,0.));
#3569=IFCDIRECTION((0.,1.,0.));
#3570=IFCDIRECTION((0.,0.,1.));
#3571=IFCCARTESIANTRANSFORMATIONOPERATOR3D(#3568,#3569,#3567,1.,#3570);
#3572=IFCMAPPEDITEM(#3376,#3571);
#3573=IFCSHAPEREPRESENTATION(#11,'Body','MappedRepresentation',(#3572));
#3574=IFCPRODUCTDEFINITIONSHAPE($,$,(#3573));
#3575=IFCBUILDINGELEMENTPART('1Dd8qGkgD03RUNj_8VG_Sw',$,'Ceiling 1 Narrow Block 12.9',$,$,#4570,#3583,$,$);
#3576=IFCCARTESIANPOINT((0.,0.,0.));
#3577=IFCDIRECTION((1.,0.,0.));
#3578=IFCDIRECTION((0.,1.,0.));
#3579=IFCDIRECTION((0.,0.,1.));
#3580=IFCCARTESIANTRANSFORMATIONOPERATOR3D(#3577,#3578,#3576,1.,#3579);
#3581=IFCMAPPEDITEM(#3376,#3580);
#3582=IFCSHAPEREPRESENTATION(#11,'Body','MappedRepresentation',(#3581));
#3583=IFCPRODUCTDEFINITIONSHAPE($,$,(#3582));
#3584=IFCBUILDINGELEMENTPART('06gynxpwfAGfYYDjd_uzrK',$,'Ceiling 1 Narrow Block 12.10',$,$,#4575,#3592,$,$);
#3585=IFCCARTESIANPOINT((0.,0.,0.));
#3586=IFCDIRECTION((1.,0.,0.));
#3587=IFCDIRECTION((0.,1.,0.));
#3588=IFCDIRECTION((0.,0.,1.));
#3589=IFCCARTESIANTRANSFORMATIONOPERATOR3D(#3586,#3587,#3585,1.,#3588);
#3590=IFCMAPPEDITEM(#3376,#3589);
#3591=IFCSHAPEREPRESENTATION(#11,'Body','MappedRepresentation',(#3590));
#3592=IFCPRODUCTDEFINITIONSHAPE($,$,(#3591));
#3593=IFCBUILDINGELEMENTPART('1BUGcGQJj6YhRRz3nqMm$7',$,'Ceiling 1 Narrow Block 12.11',$,$,#4580,#3601,$,$);
#3594=IFCCARTESIANPOINT((0.,0.,0.));
#3595=IFCDIRECTION((1.,0.,0.));
#3596=IFCDIRECTION((0.,1.,0.));
#3597=IFCDIRECTION((0.,0.,1.));
#3598=IFCCARTESIANTRANSFORMATIONOPERATOR3D(#3595,#3596,#3594,1.,#3597);
#3599=IFCMAPPEDITEM(#3376,#3598);
#3600=IFCSHAPEREPRESENTATION(#11,'Body','MappedRepresentation',(#3599));
#3601=IFCPRODUCTDEFINITIONSHAPE($,$,(#3600));
#3602=IFCBUILDINGELEMENTPART('3XPLHhp89AfeOFZc9_y7oO',$,'Ceiling 1 Narrow Block 12.12',$,$,#4585,#3610,$,$);
#3603=IFCCARTESIANPOINT((0.,0.,0.));
#3604=IFCDIRECTION((1.,0.,0.));
#3605=IFCDIRECTION((0.,1.,0.));
#3606=IFCDIRECTION((0.,0.,1.));
#3607=IFCCARTESIANTRANSFORMATIONOPERATOR3D(#3604,#3605,#3603,1.,#3606);
#3608=IFCMAPPEDITEM(#3376,#3607);
#3609=IFCSHAPEREPRESENTATION(#11,'Body','MappedRepresentation',(#3608));
#3610=IFCPRODUCTDEFINITIONSHAPE($,$,(#3609));
#3611=IFCBUILDINGELEMENTPART('05xqepVnL7uP_r6R4$thQD',$,'Ceiling 1 Narrow Block 12.13',$,$,#4590,#3619,$,$);
#3612=IFCCARTESIANPOINT((0.,0.,0.));
#3613=IFCDIRECTION((1.,0.,0.));
#3614=IFCDIRECTION((0.,1.,0.));
#3615=IFCDIRECTION((0.,0.,1.));
#3616=IFCCARTESIANTRANSFORMATIONOPERATOR3D(#3613,#3614,#3612,1.,#3615);
#3617=IFCMAPPEDITEM(#3376,#3616);
#3618=IFCSHAPEREPRESENTATION(#11,'Body','MappedRepresentation',(#3617));
#3619=IFCPRODUCTDEFINITIONSHAPE($,$,(#3618));
#3620=IFCBEAM('0yJnLLiqv3L9xr0gjCufXK',$,'Ceiling 1 Beam 12',$,$,#4595,#3628,$,$);
#3621=IFCCARTESIANPOINT((0.,0.,0.));
#3622=IFCDIRECTION((1.,0.,0.));
#3623=IFCDIRECTION((0.,1.,0.));
#3624=IFCDIRECTION((0.,0.,1.));
#3625=IFCCARTESIANTRANSFORMATIONOPERATOR3D(#3622,#3623,#3621,1.,#3624);
#3626=IFCMAPPEDITEM(#2218,#3625);
#3627=IFCSHAPEREPRESENTATION(#11,'Body','MappedRepresentation',(#3626));
#3628=IFCPRODUCTDEFINITIONSHAPE($,$,(#3627));
#3629=IFCBUILDINGELEMENTPART('09uBCnNZ902OUWUUxMErCP',$,'Ceiling 1 Narrow Block 13.1',$,$,#4600,#3637,$,$);
#3630=IFCCARTESIANPOINT((0.,0.,0.));
#3631=IFCDIRECTION((1.,0.,0.));
#3632=IFCDIRECTION((0.,1.,0.));
#3633=IFCDIRECTION((0.,0.,1.));
#3634=IFCCARTESIANTRANSFORMATIONOPERATOR3D(#3631,#3632,#3630,1.,#3633);
#3635=IFCMAPPEDITEM(#3376,#3634);
#3636=IFCSHAPEREPRESENTATION(#11,'Body','MappedRepresentation',(#3635));
#3637=IFCPRODUCTDEFINITIONSHAPE($,$,(#3636));
#3638=IFCBUILDINGELEMENTPART('0wmo1oKcL2HxkrO7VIehSL',$,'Ceiling 1 Narrow Block 13.2',$,$,#4605,#3646,$,$);
#3639=IFCCARTESIANPOINT((0.,0.,0.));
#3640=IFCDIRECTION((1.,0.,0.));
#3641=IFCDIRECTION((0.,1.,0.));
#3642=IFCDIRECTION((0.,0.,1.));
#3643=IFCCARTESIANTRANSFORMATIONOPERATOR3D(#3640,#3641,#3639,1.,#3642);
#3644=IFCMAPPEDITEM(#3376,#3643);
#3645=IFCSHAPEREPRESENTATION(#11,'Body','MappedRepresentation',(#3644));
#3646=IFCPRODUCTDEFINITIONSHAPE($,$,(#3645));
#3647=IFCBUILDINGELEMENTPART('0iTHpBc_X83f_$OughcvVX',$,'Ceiling 1 Narrow Block 13.3',$,$,#4610,#3655,$,$);
#3648=IFCCARTESIANPOINT((0.,0.,0.));
#3649=IFCDIRECTION((1.,0.,0.));
#3650=IFCDIRECTION((0.,1.,0.));
#3651=IFCDIRECTION((0.,0.,1.));
#3652=IFCCARTESIANTRANSFORMATIONOPERATOR3D(#3649,#3650,#3648,1.,#3651);
#3653=IFCMAPPEDITEM(#3376,#3652);
#3654=IFCSHAPEREPRESENTATION(#11,'Body','MappedRepresentation',(#3653));
#3655=IFCPRODUCTDEFINITIONSHAPE($,$,(#3654));
#3656=IFCBUILDINGELEMENTPART('13je9GHh50XO2S8DLdHvIy',$,'Ceiling 1 Narrow Block 13.4',$,$,#4615,#3664,$,$);
#3657=IFCCARTESIANPOINT((0.,0.,0.));
#3658=IFCDIRECTION((1.,0.,0.));
#3659=IFCDIRECTION((0.,1.,0.));
#3660=IFCDIRECTION((0.,0.,1.));
#3661=IFCCARTESIANTRANSFORMATIONOPERATOR3D(#3658,#3659,#3657,1.,#3660);
#3662=IFCMAPPEDITEM(#3376,#3661);
#3663=IFCSHAPEREPRESENTATION(#11,'Body','MappedRepresentation',(#3662));
#3664=IFCPRODUCTDEFINITIONSHAPE($,$,(#3663));
#3665=IFCBUILDINGELEMENTPART('1RIbXSv_b6Fgh8qzLL8hN0',$,'Ceiling 1 Narrow Block 13.5',$,$,#4620,#3673,$,$);
#3666=IFCCARTESIANPOINT((0.,0.,0.));
#3667=IFCDIRECTION((1.,0.,0.));
#3668=IFCDIRECTION((0.,1.,0.));
#3669=IFCDIRECTION((0.,0.,1.));
#3670=IFCCARTESIANTRANSFORMATIONOPERATOR3D(#3667,#3668,#3666,1.,#3669);
#3671=IFCMAPPEDITEM(#3376,#3670);
#3672=IFCSHAPEREPRESENTATION(#11,'Body','MappedRepresentation',(#3671));
#3673=IFCPRODUCTDEFINITIONSHAPE($,$,(#3672));
#3674=IFCBUILDINGELEMENTPART('3Ymnd6pCD1$9pQvM8taYRP',$,'Ceiling 1 Narrow Block 13.6',$,$,#4625,#3682,$,$);
#3675=IFCCARTESIANPOINT((0.,0.,0.));
#3676=IFCDIRECTION((1.,0.,0.));
#3677=IFCDIRECTION((0.,1.,0.));
#3678=IFCDIRECTION((0.,0.,1.));
#3679=IFCCARTESIANTRANSFORMATIONOPERATOR3D(#3676,#3677,#3675,1.,#3678);
#3680=IFCMAPPEDITEM(#3376,#3679);
#3681=IFCSHAPEREPRESENTATION(#11,'Body','MappedRepresentation',(#3680));
#3682=IFCPRODUCTDEFINITIONSHAPE($,$,(#3681));
#3683=IFCBUILDINGELEMENTPART('19MBuMwVn9xPnXBlq4ToqA',$,'Ceiling 1 Narrow Block 13.7',$,$,#4630,#3691,$,$);
#3684=IFCCARTESIANPOINT((0.,0.,0.));
#3685=IFCDIRECTION((1.,0.,0.));
#3686=IFCDIRECTION((0.,1.,0.));
#3687=IFCDIRECTION((0.,0.,1.));
#3688=IFCCARTESIANTRANSFORMATIONOPERATOR3D(#3685,#3686,#3684,1.,#3687);
#3689=IFCMAPPEDITEM(#3376,#3688);
#3690=IFCSHAPEREPRESENTATION(#11,'Body','MappedRepresentation',(#3689));
#3691=IFCPRODUCTDEFINITIONSHAPE($,$,(#3690));
#3692=IFCBUILDINGELEMENTPART('3i70j6kWb1pgNDP9uGcDHE',$,'Ceiling 1 Narrow Block 13.8',$,$,#4635,#3700,$,$);
#3693=IFCCARTESIANPOINT((0.,0.,0.));
#3694=IFCDIRECTION((1.,0.,0.));
#3695=IFCDIRECTION((0.,1.,0.));
#3696=IFCDIRECTION((0.,0.,1.));
#3697=IFCCARTESIANTRANSFORMATIONOPERATOR3D(#3694,#3695,#3693,1.,#3696);
#3698=IFCMAPPEDITEM(#3376,#3697);
#3699=IFCSHAPEREPRESENTATION(#11,'Body','MappedRepresentation',(#3698));
#3700=IFCPRODUCTDEFINITIONSHAPE($,$,(#3699));
#3701=IFCBUILDINGELEMENTPART('05SbdJM_T8Mf2uluT1O9nN',$,'Ceiling 1 Narrow Block 13.9',$,$,#4640,#3709,$,$);
#3702=IFCCARTESIANPOINT((0.,0.,0.));
#3703=IFCDIRECTION((1.,0.,0.));
#3704=IFCDIRECTION((0.,1.,0.));
#3705=IFCDIRECTION((0.,0.,1.));
#3706=IFCCARTESIANTRANSFORMATIONOPERATOR3D(#3703,#3704,#3702,1.,#3705);
#3707=IFCMAPPEDITEM(#3376,#3706);
#3708=IFCSHAPEREPRESENTATION(#11,'Body','MappedRepresentation',(#3707));
#3709=IFCPRODUCTDEFINITIONSHAPE($,$,(#3708));
#3710=IFCBUILDINGELEMENTPART('3VJNV6ivH8Iv0jZYVIGHVG',$,'Ceiling 1 Narrow Block 13.10',$,$,#4645,#3718,$,$);
#3711=IFCCARTESIANPOINT((0.,0.,0.));
#3712=IFCDIRECTION((1.,0.,0.));
#3713=IFCDIRECTION((0.,1.,0.));
#3714=IFCDIRECTION((0.,0.,1.));
#3715=IFCCARTESIANTRANSFORMATIONOPERATOR3D(#3712,#3713,#3711,1.,#3714);
#3716=IFCMAPPEDITEM(#3376,#3715);
#3717=IFCSHAPEREPRESENTATION(#11,'Body','MappedRepresentation',(#3716));
#3718=IFCPRODUCTDEFINITIONSHAPE($,$,(#3717));
#3719=IFCBUILDINGELEMENTPART('3EZNvWphH3nx5hps75Aofg',$,'Ceiling 1 Narrow Block 13.11',$,$,#4650,#3727,$,$);
#3720=IFCCARTESIANPOINT((0.,0.,0.));
#3721=IFCDIRECTION((1.,0.,0.));
#3722=IFCDIRECTION((0.,1.,0.));
#3723=IFCDIRECTION((0.,0.,1.));
#3724=IFCCARTESIANTRANSFORMATIONOPERATOR3D(#3721,#3722,#3720,1.,#3723);
#3725=IFCMAPPEDITEM(#3376,#3724);
#3726=IFCSHAPEREPRESENTATION(#11,'Body','MappedRepresentation',(#3725));
#3727=IFCPRODUCTDEFINITIONSHAPE($,$,(#3726));
#3728=IFCBUILDINGELEMENTPART('0YyApu_o1Dq89gvflARVBe',$,'Ceiling 1 Narrow Block 13.12',$,$,#4655,#3736,$,$);
#3729=IFCCARTESIANPOINT((0.,0.,0.));
#3730=IFCDIRECTION((1.,0.,0.));
#3731=IFCDIRECTION((0.,1.,0.));
#3732=IFCDIRECTION((0.,0.,1.));
#3733=IFCCARTESIANTRANSFORMATIONOPERATOR3D(#3730,#3731,#3729,1.,#3732);
#3734=IFCMAPPEDITEM(#3376,#3733);
#3735=IFCSHAPEREPRESENTATION(#11,'Body','MappedRepresentation',(#3734));
#3736=IFCPRODUCTDEFINITIONSHAPE($,$,(#3735));
#3737=IFCBUILDINGELEMENTPART('2haMJTxmXDZQ4XPS81x33i',$,'Ceiling 1 Narrow Block 13.13',$,$,#4660,#3745,$,$);
#3738=IFCCARTESIANPOINT((0.,0.,0.));
#3739=IFCDIRECTION((1.,0.,0.));
#3740=IFCDIRECTION((0.,1.,0.));
#3741=IFCDIRECTION((0.,0.,1.));
#3742=IFCCARTESIANTRANSFORMATIONOPERATOR3D(#3739,#3740,#3738,1.,#3741);
#3743=IFCMAPPEDITEM(#3376,#3742);
#3744=IFCSHAPEREPRESENTATION(#11,'Body','MappedRepresentation',(#3743));
#3745=IFCPRODUCTDEFINITIONSHAPE($,$,(#3744));
#3746=IFCBUILDINGELEMENTPART('21lbCKTuPFzOXRMMtBArOu',$,'Ceiling 1 Concrete Topping',$,'Concrete topping',#4665,#3753,$,.USERDEFINED.);
#3747=IFCCARTESIANPOINTLIST2D(((0.,0.),(3.25,0.),(3.25,-7.5800000000000001),(0.,-7.5800000000000001)));
#3748=IFCINDEXEDPOLYCURVE(#3747,$,$);
#3749=IFCDIRECTION((0.,0.,1.));
#3750=IFCARBITRARYCLOSEDPROFILEDEF(.AREA.,$,#3748);
#3751=IFCEXTRUDEDAREASOLID(#3750,$,#3749,0.11);
#3752=IFCSHAPEREPRESENTATION(#11,'Body','SweptSolid',(#3751));
#3753=IFCPRODUCTDEFINITIONSHAPE($,$,(#3752));
#3754=IFCRELASSOCIATESMATERIAL('08IEok0iPA6Acb7pKORB34',$,$,$,(#7033,#3746,#9395),#2072);
#3755=IFCRELAGGREGATES('3RTMIpxZ90rf7wL5s$gFXH',$,$,$,#2047,(#3566,#2877,#3449,#2364,#3264,#2124,#2958,#3647,#3530,#2751,#2841,#2073,#2445,#3728,#3422,#2643,#2247,#2337,#2526,#3336,#2196,#3030,#2724,#3228,#2832,#2922,#3611,#3701,#3404,#3111,#2715,#2805,#2409,#3494,#3309,#2169,#3683,#2994,#3467,#2688,#2382,#2481,#2571,#2265,#3458,#3273,#2133,#2967,#3656,#3156,#2760,#2850,#2454,#2544,#3539,#3737,#3431,#2652,#3345,#2205,#3039,#3129,#2733,#2427,#2616,#3237,#3503,#2418,#3318,#2178,#3012,#2301,#3201,#3584,#2895,#2499,#3692,#3003,#3386,#2697,#3476,#3575,#3665,#2886,#2580,#2274,#3084,#2778,#2661,#3282,#3165,#2769,#2859,#2463,#2553,#3548,#3363,#2346,#3246,#2106,#3746,#3354,#3048,#3138,#2742,#3620,#2097,#2931,#2535,#2625,#2229,#2319,#3710,#3512,#3327,#3395,#2310,#3120,#3210,#2814,#2904,#2508,#3593,#2391,#3674,#2589,#2283,#3093,#3183,#2787,#2142,#2976,#3066,#2670,#3174,#3557,#2868,#2472,#2562,#3440,#2355,#3255,#2115,#2949,#3638,#2436,#3057,#3147,#3629,#3719,#2940,#3413,#2634,#2238,#2328,#2187,#3021,#3521,#3219,#2823,#2913,#2517,#2607,#3602,#3485,#2706,#2796,#2400,#2490,#3300,#2160,#2598,#2292,#3102,#3192,#3291,#2151,#2985,#3075,#2679,#2373,#2256));
#3756=IFCCARTESIANPOINT((0.,0.,0.));
#3757=IFCDIRECTION((0.,0.,1.));
#3758=IFCDIRECTION((1.,0.,0.));
#3759=IFCAXIS2PLACEMENT3D(#3756,#3757,#3758);
#3760=IFCLOCALPLACEMENT(#2053,#3759);
#3761=IFCCARTESIANPOINT((0.25,0.,0.));
#3762=IFCDIRECTION((0.,0.,1.));
#3763=IFCDIRECTION((1.,0.,0.));
#3764=IFCAXIS2PLACEMENT3D(#3761,#3762,#3763);
#3765=IFCLOCALPLACEMENT(#2053,#3764);
#3766=IFCCARTESIANPOINT((0.5,0.,0.));
#3767=IFCDIRECTION((0.,0.,1.));
#3768=IFCDIRECTION((1.,0.,0.));
#3769=IFCAXIS2PLACEMENT3D(#3766,#3767,#3768);
#3770=IFCLOCALPLACEMENT(#2053,#3769);
#3771=IFCCARTESIANPOINT((0.75,0.,0.));
#3772=IFCDIRECTION((0.,0.,1.));
#3773=IFCDIRECTION((1.,0.,0.));
#3774=IFCAXIS2PLACEMENT3D(#3771,#3772,#3773);
#3775=IFCLOCALPLACEMENT(#2053,#3774);
#3776=IFCCARTESIANPOINT((1.,0.,0.));
#3777=IFCDIRECTION((0.,0.,1.));
#3778=IFCDIRECTION((1.,0.,0.));
#3779=IFCAXIS2PLACEMENT3D(#3776,#3777,#3778);
#3780=IFCLOCALPLACEMENT(#2053,#3779);
#3781=IFCCARTESIANPOINT((1.25,0.,0.));
#3782=IFCDIRECTION((0.,0.,1.));
#3783=IFCDIRECTION((1.,0.,0.));
#3784=IFCAXIS2PLACEMENT3D(#3781,#3782,#3783);
#3785=IFCLOCALPLACEMENT(#2053,#3784);
#3786=IFCCARTESIANPOINT((1.5,0.,0.));
#3787=IFCDIRECTION((0.,0.,1.));
#3788=IFCDIRECTION((1.,0.,0.));
#3789=IFCAXIS2PLACEMENT3D(#3786,#3787,#3788);
#3790=IFCLOCALPLACEMENT(#2053,#3789);
#3791=IFCCARTESIANPOINT((1.75,0.,0.));
#3792=IFCDIRECTION((0.,0.,1.));
#3793=IFCDIRECTION((1.,0.,0.));
#3794=IFCAXIS2PLACEMENT3D(#3791,#3792,#3793);
#3795=IFCLOCALPLACEMENT(#2053,#3794);
#3796=IFCCARTESIANPOINT((2.,0.,0.));
#3797=IFCDIRECTION((0.,0.,1.));
#3798=IFCDIRECTION((1.,0.,0.));
#3799=IFCAXIS2PLACEMENT3D(#3796,#3797,#3798);
#3800=IFCLOCALPLACEMENT(#2053,#3799);
#3801=IFCCARTESIANPOINT((2.25,0.,0.));
#3802=IFCDIRECTION((0.,0.,1.));
#3803=IFCDIRECTION((1.,0.,0.));
#3804=IFCAXIS2PLACEMENT3D(#3801,#3802,#3803);
#3805=IFCLOCALPLACEMENT(#2053,#3804);
#3806=IFCCARTESIANPOINT((2.5,0.,0.));
#3807=IFCDIRECTION((0.,0.,1.));
#3808=IFCDIRECTION((1.,0.,0.));
#3809=IFCAXIS2PLACEMENT3D(#3806,#3807,#3808);
#3810=IFCLOCALPLACEMENT(#2053,#3809);
#3811=IFCCARTESIANPOINT((2.75,0.,0.));
#3812=IFCDIRECTION((0.,0.,1.));
#3813=IFCDIRECTION((1.,0.,0.));
#3814=IFCAXIS2PLACEMENT3D(#3811,#3812,#3813);
#3815=IFCLOCALPLACEMENT(#2053,#3814);
#3816=IFCCARTESIANPOINT((3.,0.,0.));
#3817=IFCDIRECTION((0.,0.,1.));
#3818=IFCDIRECTION((1.,0.,0.));
#3819=IFCAXIS2PLACEMENT3D(#3816,#3817,#3818);
#3820=IFCLOCALPLACEMENT(#2053,#3819);
#3821=IFCCARTESIANPOINT((0.,-0.45500000000000007,0.));
#3822=IFCDIRECTION((0.,0.,1.));
#3823=IFCDIRECTION((1.,0.,0.));
#3824=IFCAXIS2PLACEMENT3D(#3821,#3822,#3823);
#3825=IFCLOCALPLACEMENT(#2053,#3824);
#3826=IFCCARTESIANPOINT((0.,-0.625,0.));
#3827=IFCDIRECTION((0.,0.,1.));
#3828=IFCDIRECTION((1.,0.,0.));
#3829=IFCAXIS2PLACEMENT3D(#3826,#3827,#3828);
#3830=IFCLOCALPLACEMENT(#2053,#3829);
#3831=IFCCARTESIANPOINT((0.25,-0.625,0.));
#3832=IFCDIRECTION((0.,0.,1.));
#3833=IFCDIRECTION((1.,0.,0.));
#3834=IFCAXIS2PLACEMENT3D(#3831,#3832,#3833);
#3835=IFCLOCALPLACEMENT(#2053,#3834);
#3836=IFCCARTESIANPOINT((0.5,-0.625,0.));
#3837=IFCDIRECTION((0.,0.,1.));
#3838=IFCDIRECTION((1.,0.,0.));
#3839=IFCAXIS2PLACEMENT3D(#3836,#3837,#3838);
#3840=IFCLOCALPLACEMENT(#2053,#3839);
#3841=IFCCARTESIANPOINT((0.75,-0.625,0.));
#3842=IFCDIRECTION((0.,0.,1.));
#3843=IFCDIRECTION((1.,0.,0.));
#3844=IFCAXIS2PLACEMENT3D(#3841,#3842,#3843);
#3845=IFCLOCALPLACEMENT(#2053,#3844);
#3846=IFCCARTESIANPOINT((1.,-0.625,0.));
#3847=IFCDIRECTION((0.,0.,1.));
#3848=IFCDIRECTION((1.,0.,0.));
#3849=IFCAXIS2PLACEMENT3D(#3846,#3847,#3848);
#3850=IFCLOCALPLACEMENT(#2053,#3849);
#3851=IFCCARTESIANPOINT((1.25,-0.625,0.));
#3852=IFCDIRECTION((0.,0.,1.));
#3853=IFCDIRECTION((1.,0.,0.));
#3854=IFCAXIS2PLACEMENT3D(#3851,#3852,#3853);
#3855=IFCLOCALPLACEMENT(#2053,#3854);
#3856=IFCCARTESIANPOINT((1.5,-0.625,0.));
#3857=IFCDIRECTION((0.,0.,1.));
#3858=IFCDIRECTION((1.,0.,0.));
#3859=IFCAXIS2PLACEMENT3D(#3856,#3857,#3858);
#3860=IFCLOCALPLACEMENT(#2053,#3859);
#3861=IFCCARTESIANPOINT((1.75,-0.625,0.));
#3862=IFCDIRECTION((0.,0.,1.));
#3863=IFCDIRECTION((1.,0.,0.));
#3864=IFCAXIS2PLACEMENT3D(#3861,#3862,#3863);
#3865=IFCLOCALPLACEMENT(#2053,#3864);
#3866=IFCCARTESIANPOINT((2.,-0.625,0.));
#3867=IFCDIRECTION((0.,0.,1.));
#3868=IFCDIRECTION((1.,0.,0.));
#3869=IFCAXIS2PLACEMENT3D(#3866,#3867,#3868);
#3870=IFCLOCALPLACEMENT(#2053,#3869);
#3871=IFCCARTESIANPOINT((2.25,-0.625,0.));
#3872=IFCDIRECTION((0.,0.,1.));
#3873=IFCDIRECTION((1.,0.,0.));
#3874=IFCAXIS2PLACEMENT3D(#3871,#3872,#3873);
#3875=IFCLOCALPLACEMENT(#2053,#3874);
#3876=IFCCARTESIANPOINT((2.5,-0.625,0.));
#3877=IFCDIRECTION((0.,0.,1.));
#3878=IFCDIRECTION((1.,0.,0.));
#3879=IFCAXIS2PLACEMENT3D(#3876,#3877,#3878);
#3880=IFCLOCALPLACEMENT(#2053,#3879);
#3881=IFCCARTESIANPOINT((2.75,-0.625,0.));
#3882=IFCDIRECTION((0.,0.,1.));
#3883=IFCDIRECTION((1.,0.,0.));
#3884=IFCAXIS2PLACEMENT3D(#3881,#3882,#3883);
#3885=IFCLOCALPLACEMENT(#2053,#3884);
#3886=IFCCARTESIANPOINT((3.,-0.625,0.));
#3887=IFCDIRECTION((0.,0.,1.));
#3888=IFCDIRECTION((1.,0.,0.));
#3889=IFCAXIS2PLACEMENT3D(#3886,#3887,#3888);
#3890=IFCLOCALPLACEMENT(#2053,#3889);
#3891=IFCCARTESIANPOINT((0.,-1.0800000000000001,0.));
#3892=IFCDIRECTION((0.,0.,1.));
#3893=IFCDIRECTION((1.,0.,0.));
#3894=IFCAXIS2PLACEMENT3D(#3891,#3892,#3893);
#3895=IFCLOCALPLACEMENT(#2053,#3894);
#3896=IFCCARTESIANPOINT((0.,-1.25,0.));
#3897=IFCDIRECTION((0.,0.,1.));
#3898=IFCDIRECTION((1.,0.,0.));
#3899=IFCAXIS2PLACEMENT3D(#3896,#3897,#3898);
#3900=IFCLOCALPLACEMENT(#2053,#3899);
#3901=IFCCARTESIANPOINT((0.25,-1.25,0.));
#3902=IFCDIRECTION((0.,0.,1.));
#3903=IFCDIRECTION((1.,0.,0.));
#3904=IFCAXIS2PLACEMENT3D(#3901,#3902,#3903);
#3905=IFCLOCALPLACEMENT(#2053,#3904);
#3906=IFCCARTESIANPOINT((0.5,-1.25,0.));
#3907=IFCDIRECTION((0.,0.,1.));
#3908=IFCDIRECTION((1.,0.,0.));
#3909=IFCAXIS2PLACEMENT3D(#3906,#3907,#3908);
#3910=IFCLOCALPLACEMENT(#2053,#3909);
#3911=IFCCARTESIANPOINT((0.75,-1.25,0.));
#3912=IFCDIRECTION((0.,0.,1.));
#3913=IFCDIRECTION((1.,0.,0.));
#3914=IFCAXIS2PLACEMENT3D(#3911,#3912,#3913);
#3915=IFCLOCALPLACEMENT(#2053,#3914);
#3916=IFCCARTESIANPOINT((1.,-1.25,0.));
#3917=IFCDIRECTION((0.,0.,1.));
#3918=IFCDIRECTION((1.,0.,0.));
#3919=IFCAXIS2PLACEMENT3D(#3916,#3917,#3918);
#3920=IFCLOCALPLACEMENT(#2053,#3919);
#3921=IFCCARTESIANPOINT((1.25,-1.25,0.));
#3922=IFCDIRECTION((0.,0.,1.));
#3923=IFCDIRECTION((1.,0.,0.));
#3924=IFCAXIS2PLACEMENT3D(#3921,#3922,#3923);
#3925=IFCLOCALPLACEMENT(#2053,#3924);
#3926=IFCCARTESIANPOINT((1.5,-1.25,0.));
#3927=IFCDIRECTION((0.,0.,1.));
#3928=IFCDIRECTION((1.,0.,0.));
#3929=IFCAXIS2PLACEMENT3D(#3926,#3927,#3928);
#3930=IFCLOCALPLACEMENT(#2053,#3929);
#3931=IFCCARTESIANPOINT((1.75,-1.25,0.));
#3932=IFCDIRECTION((0.,0.,1.));
#3933=IFCDIRECTION((1.,0.,0.));
#3934=IFCAXIS2PLACEMENT3D(#3931,#3932,#3933);
#3935=IFCLOCALPLACEMENT(#2053,#3934);
#3936=IFCCARTESIANPOINT((2.,-1.25,0.));
#3937=IFCDIRECTION((0.,0.,1.));
#3938=IFCDIRECTION((1.,0.,0.));
#3939=IFCAXIS2PLACEMENT3D(#3936,#3937,#3938);
#3940=IFCLOCALPLACEMENT(#2053,#3939);
#3941=IFCCARTESIANPOINT((2.25,-1.25,0.));
#3942=IFCDIRECTION((0.,0.,1.));
#3943=IFCDIRECTION((1.,0.,0.));
#3944=IFCAXIS2PLACEMENT3D(#3941,#3942,#3943);
#3945=IFCLOCALPLACEMENT(#2053,#3944);
#3946=IFCCARTESIANPOINT((2.5,-1.25,0.));
#3947=IFCDIRECTION((0.,0.,1.));
#3948=IFCDIRECTION((1.,0.,0.));
#3949=IFCAXIS2PLACEMENT3D(#3946,#3947,#3948);
#3950=IFCLOCALPLACEMENT(#2053,#3949);
#3951=IFCCARTESIANPOINT((2.75,-1.25,0.));
#3952=IFCDIRECTION((0.,0.,1.));
#3953=IFCDIRECTION((1.,0.,0.));
#3954=IFCAXIS2PLACEMENT3D(#3951,#3952,#3953);
#3955=IFCLOCALPLACEMENT(#2053,#3954);
#3956=IFCCARTESIANPOINT((3.,-1.25,0.));
#3957=IFCDIRECTION((0.,0.,1.));
#3958=IFCDIRECTION((1.,0.,0.));
#3959=IFCAXIS2PLACEMENT3D(#3956,#3957,#3958);
#3960=IFCLOCALPLACEMENT(#2053,#3959);
#3961=IFCCARTESIANPOINT((0.,-1.7050000000000001,0.));
#3962=IFCDIRECTION((0.,0.,1.));
#3963=IFCDIRECTION((1.,0.,0.));
#3964=IFCAXIS2PLACEMENT3D(#3961,#3962,#3963);
#3965=IFCLOCALPLACEMENT(#2053,#3964);
#3966=IFCCARTESIANPOINT((0.,-1.875,0.));
#3967=IFCDIRECTION((0.,0.,1.));
#3968=IFCDIRECTION((1.,0.,0.));
#3969=IFCAXIS2PLACEMENT3D(#3966,#3967,#3968);
#3970=IFCLOCALPLACEMENT(#2053,#3969);
#3971=IFCCARTESIANPOINT((0.25,-1.875,0.));
#3972=IFCDIRECTION((0.,0.,1.));
#3973=IFCDIRECTION((1.,0.,0.));
#3974=IFCAXIS2PLACEMENT3D(#3971,#3972,#3973);
#3975=IFCLOCALPLACEMENT(#2053,#3974);
#3976=IFCCARTESIANPOINT((0.5,-1.875,0.));
#3977=IFCDIRECTION((0.,0.,1.));
#3978=IFCDIRECTION((1.,0.,0.));
#3979=IFCAXIS2PLACEMENT3D(#3976,#3977,#3978);
#3980=IFCLOCALPLACEMENT(#2053,#3979);
#3981=IFCCARTESIANPOINT((0.75,-1.875,0.));
#3982=IFCDIRECTION((0.,0.,1.));
#3983=IFCDIRECTION((1.,0.,0.));
#3984=IFCAXIS2PLACEMENT3D(#3981,#3982,#3983);
#3985=IFCLOCALPLACEMENT(#2053,#3984);
#3986=IFCCARTESIANPOINT((1.,-1.875,0.));
#3987=IFCDIRECTION((0.,0.,1.));
#3988=IFCDIRECTION((1.,0.,0.));
#3989=IFCAXIS2PLACEMENT3D(#3986,#3987,#3988);
#3990=IFCLOCALPLACEMENT(#2053,#3989);
#3991=IFCCARTESIANPOINT((1.25,-1.875,0.));
#3992=IFCDIRECTION((0.,0.,1.));
#3993=IFCDIRECTION((1.,0.,0.));
#3994=IFCAXIS2PLACEMENT3D(#3991,#3992,#3993);
#3995=IFCLOCALPLACEMENT(#2053,#3994);
#3996=IFCCARTESIANPOINT((1.5,-1.875,0.));
#3997=IFCDIRECTION((0.,0.,1.));
#3998=IFCDIRECTION((1.,0.,0.));
#3999=IFCAXIS2PLACEMENT3D(#3996,#3997,#3998);
#4000=IFCLOCALPLACEMENT(#2053,#3999);
#4001=IFCCARTESIANPOINT((1.75,-1.875,0.));
#4002=IFCDIRECTION((0.,0.,1.));
#4003=IFCDIRECTION((1.,0.,0.));
#4004=IFCAXIS2PLACEMENT3D(#4001,#4002,#4003);
#4005=IFCLOCALPLACEMENT(#2053,#4004);
#4006=IFCCARTESIANPOINT((2.,-1.875,0.));
#4007=IFCDIRECTION((0.,0.,1.));
#4008=IFCDIRECTION((1.,0.,0.));
#4009=IFCAXIS2PLACEMENT3D(#4006,#4007,#4008);
#4010=IFCLOCALPLACEMENT(#2053,#4009);
#4011=IFCCARTESIANPOINT((2.25,-1.875,0.));
#4012=IFCDIRECTION((0.,0.,1.));
#4013=IFCDIRECTION((1.,0.,0.));
#4014=IFCAXIS2PLACEMENT3D(#4011,#4012,#4013);
#4015=IFCLOCALPLACEMENT(#2053,#4014);
#4016=IFCCARTESIANPOINT((2.5,-1.875,0.));
#4017=IFCDIRECTION((0.,0.,1.));
#4018=IFCDIRECTION((1.,0.,0.));
#4019=IFCAXIS2PLACEMENT3D(#4016,#4017,#4018);
#4020=IFCLOCALPLACEMENT(#2053,#4019);
#4021=IFCCARTESIANPOINT((2.75,-1.875,0.));
#4022=IFCDIRECTION((0.,0.,1.));
#4023=IFCDIRECTION((1.,0.,0.));
#4024=IFCAXIS2PLACEMENT3D(#4021,#4022,#4023);
#4025=IFCLOCALPLACEMENT(#2053,#4024);
#4026=IFCCARTESIANPOINT((3.,-1.875,0.));
#4027=IFCDIRECTION((0.,0.,1.));
#4028=IFCDIRECTION((1.,0.,0.));
#4029=IFCAXIS2PLACEMENT3D(#4026,#4027,#4028);
#4030=IFCLOCALPLACEMENT(#2053,#4029);
#4031=IFCCARTESIANPOINT((0.,-2.3300000000000001,0.));
#4032=IFCDIRECTION((0.,0.,1.));
#4033=IFCDIRECTION((1.,0.,0.));
#4034=IFCAXIS2PLACEMENT3D(#4031,#4032,#4033);
#4035=IFCLOCALPLACEMENT(#2053,#4034);
#4036=IFCCARTESIANPOINT((0.,-2.5,0.));
#4037=IFCDIRECTION((0.,0.,1.));
#4038=IFCDIRECTION((1.,0.,0.));
#4039=IFCAXIS2PLACEMENT3D(#4036,#4037,#4038);
#4040=IFCLOCALPLACEMENT(#2053,#4039);
#4041=IFCCARTESIANPOINT((0.25,-2.5,0.));
#4042=IFCDIRECTION((0.,0.,1.));
#4043=IFCDIRECTION((1.,0.,0.));
#4044=IFCAXIS2PLACEMENT3D(#4041,#4042,#4043);
#4045=IFCLOCALPLACEMENT(#2053,#4044);
#4046=IFCCARTESIANPOINT((0.5,-2.5,0.));
#4047=IFCDIRECTION((0.,0.,1.));
#4048=IFCDIRECTION((1.,0.,0.));
#4049=IFCAXIS2PLACEMENT3D(#4046,#4047,#4048);
#4050=IFCLOCALPLACEMENT(#2053,#4049);
#4051=IFCCARTESIANPOINT((0.75,-2.5,0.));
#4052=IFCDIRECTION((0.,0.,1.));
#4053=IFCDIRECTION((1.,0.,0.));
#4054=IFCAXIS2PLACEMENT3D(#4051,#4052,#4053);
#4055=IFCLOCALPLACEMENT(#2053,#4054);
#4056=IFCCARTESIANPOINT((1.,-2.5,0.));
#4057=IFCDIRECTION((0.,0.,1.));
#4058=IFCDIRECTION((1.,0.,0.));
#4059=IFCAXIS2PLACEMENT3D(#4056,#4057,#4058);
#4060=IFCLOCALPLACEMENT(#2053,#4059);
#4061=IFCCARTESIANPOINT((1.25,-2.5,0.));
#4062=IFCDIRECTION((0.,0.,1.));
#4063=IFCDIRECTION((1.,0.,0.));
#4064=IFCAXIS2PLACEMENT3D(#4061,#4062,#4063);
#4065=IFCLOCALPLACEMENT(#2053,#4064);
#4066=IFCCARTESIANPOINT((1.5,-2.5,0.));
#4067=IFCDIRECTION((0.,0.,1.));
#4068=IFCDIRECTION((1.,0.,0.));
#4069=IFCAXIS2PLACEMENT3D(#4066,#4067,#4068);
#4070=IFCLOCALPLACEMENT(#2053,#4069);
#4071=IFCCARTESIANPOINT((1.75,-2.5,0.));
#4072=IFCDIRECTION((0.,0.,1.));
#4073=IFCDIRECTION((1.,0.,0.));
#4074=IFCAXIS2PLACEMENT3D(#4071,#4072,#4073);
#4075=IFCLOCALPLACEMENT(#2053,#4074);
#4076=IFCCARTESIANPOINT((2.,-2.5,0.));
#4077=IFCDIRECTION((0.,0.,1.));
#4078=IFCDIRECTION((1.,0.,0.));
#4079=IFCAXIS2PLACEMENT3D(#4076,#4077,#4078);
#4080=IFCLOCALPLACEMENT(#2053,#4079);
#4081=IFCCARTESIANPOINT((2.25,-2.5,0.));
#4082=IFCDIRECTION((0.,0.,1.));
#4083=IFCDIRECTION((1.,0.,0.));
#4084=IFCAXIS2PLACEMENT3D(#4081,#4082,#4083);
#4085=IFCLOCALPLACEMENT(#2053,#4084);
#4086=IFCCARTESIANPOINT((2.5,-2.5,0.));
#4087=IFCDIRECTION((0.,0.,1.));
#4088=IFCDIRECTION((1.,0.,0.));
#4089=IFCAXIS2PLACEMENT3D(#4086,#4087,#4088);
#4090=IFCLOCALPLACEMENT(#2053,#4089);
#4091=IFCCARTESIANPOINT((2.75,-2.5,0.));
#4092=IFCDIRECTION((0.,0.,1.));
#4093=IFCDIRECTION((1.,0.,0.));
#4094=IFCAXIS2PLACEMENT3D(#4091,#4092,#4093);
#4095=IFCLOCALPLACEMENT(#2053,#4094);
#4096=IFCCARTESIANPOINT((3.,-2.5,0.));
#4097=IFCDIRECTION((0.,0.,1.));
#4098=IFCDIRECTION((1.,0.,0.));
#4099=IFCAXIS2PLACEMENT3D(#4096,#4097,#4098);
#4100=IFCLOCALPLACEMENT(#2053,#4099);
#4101=IFCCARTESIANPOINT((0.,-2.9550000000000001,0.));
#4102=IFCDIRECTION((0.,0.,1.));
#4103=IFCDIRECTION((1.,0.,0.));
#4104=IFCAXIS2PLACEMENT3D(#4101,#4102,#4103);
#4105=IFCLOCALPLACEMENT(#2053,#4104);
#4106=IFCCARTESIANPOINT((0.,-3.125,0.));
#4107=IFCDIRECTION((0.,0.,1.));
#4108=IFCDIRECTION((1.,0.,0.));
#4109=IFCAXIS2PLACEMENT3D(#4106,#4107,#4108);
#4110=IFCLOCALPLACEMENT(#2053,#4109);
#4111=IFCCARTESIANPOINT((0.25,-3.125,0.));
#4112=IFCDIRECTION((0.,0.,1.));
#4113=IFCDIRECTION((1.,0.,0.));
#4114=IFCAXIS2PLACEMENT3D(#4111,#4112,#4113);
#4115=IFCLOCALPLACEMENT(#2053,#4114);
#4116=IFCCARTESIANPOINT((0.5,-3.125,0.));
#4117=IFCDIRECTION((0.,0.,1.));
#4118=IFCDIRECTION((1.,0.,0.));
#4119=IFCAXIS2PLACEMENT3D(#4116,#4117,#4118);
#4120=IFCLOCALPLACEMENT(#2053,#4119);
#4121=IFCCARTESIANPOINT((0.75,-3.125,0.));
#4122=IFCDIRECTION((0.,0.,1.));
#4123=IFCDIRECTION((1.,0.,0.));
#4124=IFCAXIS2PLACEMENT3D(#4121,#4122,#4123);
#4125=IFCLOCALPLACEMENT(#2053,#4124);
#4126=IFCCARTESIANPOINT((1.,-3.125,0.));
#4127=IFCDIRECTION((0.,0.,1.));
#4128=IFCDIRECTION((1.,0.,0.));
#4129=IFCAXIS2PLACEMENT3D(#4126,#4127,#4128);
#4130=IFCLOCALPLACEMENT(#2053,#4129);
#4131=IFCCARTESIANPOINT((1.25,-3.125,0.));
#4132=IFCDIRECTION((0.,0.,1.));
#4133=IFCDIRECTION((1.,0.,0.));
#4134=IFCAXIS2PLACEMENT3D(#4131,#4132,#4133);
#4135=IFCLOCALPLACEMENT(#2053,#4134);
#4136=IFCCARTESIANPOINT((1.5,-3.125,0.));
#4137=IFCDIRECTION((0.,0.,1.));
#4138=IFCDIRECTION((1.,0.,0.));
#4139=IFCAXIS2PLACEMENT3D(#4136,#4137,#4138);
#4140=IFCLOCALPLACEMENT(#2053,#4139);
#4141=IFCCARTESIANPOINT((1.75,-3.125,0.));
#4142=IFCDIRECTION((0.,0.,1.));
#4143=IFCDIRECTION((1.,0.,0.));
#4144=IFCAXIS2PLACEMENT3D(#4141,#4142,#4143);
#4145=IFCLOCALPLACEMENT(#2053,#4144);
#4146=IFCCARTESIANPOINT((2.,-3.125,0.));
#4147=IFCDIRECTION((0.,0.,1.));
#4148=IFCDIRECTION((1.,0.,0.));
#4149=IFCAXIS2PLACEMENT3D(#4146,#4147,#4148);
#4150=IFCLOCALPLACEMENT(#2053,#4149);
#4151=IFCCARTESIANPOINT((2.25,-3.125,0.));
#4152=IFCDIRECTION((0.,0.,1.));
#4153=IFCDIRECTION((1.,0.,0.));
#4154=IFCAXIS2PLACEMENT3D(#4151,#4152,#4153);
#4155=IFCLOCALPLACEMENT(#2053,#4154);
#4156=IFCCARTESIANPOINT((2.5,-3.125,0.));
#4157=IFCDIRECTION((0.,0.,1.));
#4158=IFCDIRECTION((1.,0.,0.));
#4159=IFCAXIS2PLACEMENT3D(#4156,#4157,#4158);
#4160=IFCLOCALPLACEMENT(#2053,#4159);
#4161=IFCCARTESIANPOINT((2.75,-3.125,0.));
#4162=IFCDIRECTION((0.,0.,1.));
#4163=IFCDIRECTION((1.,0.,0.));
#4164=IFCAXIS2PLACEMENT3D(#4161,#4162,#4163);
#4165=IFCLOCALPLACEMENT(#2053,#4164);
#4166=IFCCARTESIANPOINT((3.,-3.125,0.));
#4167=IFCDIRECTION((0.,0.,1.));
#4168=IFCDIRECTION((1.,0.,0.));
#4169=IFCAXIS2PLACEMENT3D(#4166,#4167,#4168);
#4170=IFCLOCALPLACEMENT(#2053,#4169);
#4171=IFCCARTESIANPOINT((0.,-3.5800000000000001,0.));
#4172=IFCDIRECTION((0.,0.,1.));
#4173=IFCDIRECTION((1.,0.,0.));
#4174=IFCAXIS2PLACEMENT3D(#4171,#4172,#4173);
#4175=IFCLOCALPLACEMENT(#2053,#4174);
#4176=IFCCARTESIANPOINT((0.,-3.75,0.));
#4177=IFCDIRECTION((0.,0.,1.));
#4178=IFCDIRECTION((1.,0.,0.));
#4179=IFCAXIS2PLACEMENT3D(#4176,#4177,#4178);
#4180=IFCLOCALPLACEMENT(#2053,#4179);
#4181=IFCCARTESIANPOINT((0.25,-3.75,0.));
#4182=IFCDIRECTION((0.,0.,1.));
#4183=IFCDIRECTION((1.,0.,0.));
#4184=IFCAXIS2PLACEMENT3D(#4181,#4182,#4183);
#4185=IFCLOCALPLACEMENT(#2053,#4184);
#4186=IFCCARTESIANPOINT((0.5,-3.75,0.));
#4187=IFCDIRECTION((0.,0.,1.));
#4188=IFCDIRECTION((1.,0.,0.));
#4189=IFCAXIS2PLACEMENT3D(#4186,#4187,#4188);
#4190=IFCLOCALPLACEMENT(#2053,#4189);
#4191=IFCCARTESIANPOINT((0.75,-3.75,0.));
#4192=IFCDIRECTION((0.,0.,1.));
#4193=IFCDIRECTION((1.,0.,0.));
#4194=IFCAXIS2PLACEMENT3D(#4191,#4192,#4193);
#4195=IFCLOCALPLACEMENT(#2053,#4194);
#4196=IFCCARTESIANPOINT((1.,-3.75,0.));
#4197=IFCDIRECTION((0.,0.,1.));
#4198=IFCDIRECTION((1.,0.,0.));
#4199=IFCAXIS2PLACEMENT3D(#4196,#4197,#4198);
#4200=IFCLOCALPLACEMENT(#2053,#4199);
#4201=IFCCARTESIANPOINT((1.25,-3.75,0.));
#4202=IFCDIRECTION((0.,0.,1.));
#4203=IFCDIRECTION((1.,0.,0.));
#4204=IFCAXIS2PLACEMENT3D(#4201,#4202,#4203);
#4205=IFCLOCALPLACEMENT(#2053,#4204);
#4206=IFCCARTESIANPOINT((1.5,-3.75,0.));
#4207=IFCDIRECTION((0.,0.,1.));
#4208=IFCDIRECTION((1.,0.,0.));
#4209=IFCAXIS2PLACEMENT3D(#4206,#4207,#4208);
#4210=IFCLOCALPLACEMENT(#2053,#4209);
#4211=IFCCARTESIANPOINT((1.75,-3.75,0.));
#4212=IFCDIRECTION((0.,0.,1.));
#4213=IFCDIRECTION((1.,0.,0.));
#4214=IFCAXIS2PLACEMENT3D(#4211,#4212,#4213);
#4215=IFCLOCALPLACEMENT(#2053,#4214);
#4216=IFCCARTESIANPOINT((2.,-3.75,0.));
#4217=IFCDIRECTION((0.,0.,1.));
#4218=IFCDIRECTION((1.,0.,0.));
#4219=IFCAXIS2PLACEMENT3D(#4216,#4217,#4218);
#4220=IFCLOCALPLACEMENT(#2053,#4219);
#4221=IFCCARTESIANPOINT((2.25,-3.75,0.));
#4222=IFCDIRECTION((0.,0.,1.));
#4223=IFCDIRECTION((1.,0.,0.));
#4224=IFCAXIS2PLACEMENT3D(#4221,#4222,#4223);
#4225=IFCLOCALPLACEMENT(#2053,#4224);
#4226=IFCCARTESIANPOINT((2.5,-3.75,0.));
#4227=IFCDIRECTION((0.,0.,1.));
#4228=IFCDIRECTION((1.,0.,0.));
#4229=IFCAXIS2PLACEMENT3D(#4226,#4227,#4228);
#4230=IFCLOCALPLACEMENT(#2053,#4229);
#4231=IFCCARTESIANPOINT((2.75,-3.75,0.));
#4232=IFCDIRECTION((0.,0.,1.));
#4233=IFCDIRECTION((1.,0.,0.));
#4234=IFCAXIS2PLACEMENT3D(#4231,#4232,#4233);
#4235=IFCLOCALPLACEMENT(#2053,#4234);
#4236=IFCCARTESIANPOINT((3.,-3.75,0.));
#4237=IFCDIRECTION((0.,0.,1.));
#4238=IFCDIRECTION((1.,0.,0.));
#4239=IFCAXIS2PLACEMENT3D(#4236,#4237,#4238);
#4240=IFCLOCALPLACEMENT(#2053,#4239);
#4241=IFCCARTESIANPOINT((0.,-4.2050000000000001,0.));
#4242=IFCDIRECTION((0.,0.,1.));
#4243=IFCDIRECTION((1.,0.,0.));
#4244=IFCAXIS2PLACEMENT3D(#4241,#4242,#4243);
#4245=IFCLOCALPLACEMENT(#2053,#4244);
#4246=IFCCARTESIANPOINT((0.,-4.375,0.));
#4247=IFCDIRECTION((0.,0.,1.));
#4248=IFCDIRECTION((1.,0.,0.));
#4249=IFCAXIS2PLACEMENT3D(#4246,#4247,#4248);
#4250=IFCLOCALPLACEMENT(#2053,#4249);
#4251=IFCCARTESIANPOINT((0.25,-4.375,0.));
#4252=IFCDIRECTION((0.,0.,1.));
#4253=IFCDIRECTION((1.,0.,0.));
#4254=IFCAXIS2PLACEMENT3D(#4251,#4252,#4253);
#4255=IFCLOCALPLACEMENT(#2053,#4254);
#4256=IFCCARTESIANPOINT((0.5,-4.375,0.));
#4257=IFCDIRECTION((0.,0.,1.));
#4258=IFCDIRECTION((1.,0.,0.));
#4259=IFCAXIS2PLACEMENT3D(#4256,#4257,#4258);
#4260=IFCLOCALPLACEMENT(#2053,#4259);
#4261=IFCCARTESIANPOINT((0.75,-4.375,0.));
#4262=IFCDIRECTION((0.,0.,1.));
#4263=IFCDIRECTION((1.,0.,0.));
#4264=IFCAXIS2PLACEMENT3D(#4261,#4262,#4263);
#4265=IFCLOCALPLACEMENT(#2053,#4264);
#4266=IFCCARTESIANPOINT((1.,-4.375,0.));
#4267=IFCDIRECTION((0.,0.,1.));
#4268=IFCDIRECTION((1.,0.,0.));
#4269=IFCAXIS2PLACEMENT3D(#4266,#4267,#4268);
#4270=IFCLOCALPLACEMENT(#2053,#4269);
#4271=IFCCARTESIANPOINT((1.25,-4.375,0.));
#4272=IFCDIRECTION((0.,0.,1.));
#4273=IFCDIRECTION((1.,0.,0.));
#4274=IFCAXIS2PLACEMENT3D(#4271,#4272,#4273);
#4275=IFCLOCALPLACEMENT(#2053,#4274);
#4276=IFCCARTESIANPOINT((1.5,-4.375,0.));
#4277=IFCDIRECTION((0.,0.,1.));
#4278=IFCDIRECTION((1.,0.,0.));
#4279=IFCAXIS2PLACEMENT3D(#4276,#4277,#4278);
#4280=IFCLOCALPLACEMENT(#2053,#4279);
#4281=IFCCARTESIANPOINT((1.75,-4.375,0.));
#4282=IFCDIRECTION((0.,0.,1.));
#4283=IFCDIRECTION((1.,0.,0.));
#4284=IFCAXIS2PLACEMENT3D(#4281,#4282,#4283);
#4285=IFCLOCALPLACEMENT(#2053,#4284);
#4286=IFCCARTESIANPOINT((2.,-4.375,0.));
#4287=IFCDIRECTION((0.,0.,1.));
#4288=IFCDIRECTION((1.,0.,0.));
#4289=IFCAXIS2PLACEMENT3D(#4286,#4287,#4288);
#4290=IFCLOCALPLACEMENT(#2053,#4289);
#4291=IFCCARTESIANPOINT((2.25,-4.375,0.));
#4292=IFCDIRECTION((0.,0.,1.));
#4293=IFCDIRECTION((1.,0.,0.));
#4294=IFCAXIS2PLACEMENT3D(#4291,#4292,#4293);
#4295=IFCLOCALPLACEMENT(#2053,#4294);
#4296=IFCCARTESIANPOINT((2.5,-4.375,0.));
#4297=IFCDIRECTION((0.,0.,1.));
#4298=IFCDIRECTION((1.,0.,0.));
#4299=IFCAXIS2PLACEMENT3D(#4296,#4297,#4298);
#4300=IFCLOCALPLACEMENT(#2053,#4299);
#4301=IFCCARTESIANPOINT((2.75,-4.375,0.));
#4302=IFCDIRECTION((0.,0.,1.));
#4303=IFCDIRECTION((1.,0.,0.));
#4304=IFCAXIS2PLACEMENT3D(#4301,#4302,#4303);
#4305=IFCLOCALPLACEMENT(#2053,#4304);
#4306=IFCCARTESIANPOINT((3.,-4.375,0.));
#4307=IFCDIRECTION((0.,0.,1.));
#4308=IFCDIRECTION((1.,0.,0.));
#4309=IFCAXIS2PLACEMENT3D(#4306,#4307,#4308);
#4310=IFCLOCALPLACEMENT(#2053,#4309);
#4311=IFCCARTESIANPOINT((0.,-4.8300000000000001,0.));
#4312=IFCDIRECTION((0.,0.,1.));
#4313=IFCDIRECTION((1.,0.,0.));
#4314=IFCAXIS2PLACEMENT3D(#4311,#4312,#4313);
#4315=IFCLOCALPLACEMENT(#2053,#4314);
#4316=IFCCARTESIANPOINT((0.,-5.,0.));
#4317=IFCDIRECTION((0.,0.,1.));
#4318=IFCDIRECTION((1.,0.,0.));
#4319=IFCAXIS2PLACEMENT3D(#4316,#4317,#4318);
#4320=IFCLOCALPLACEMENT(#2053,#4319);
#4321=IFCCARTESIANPOINT((0.25,-5.,0.));
#4322=IFCDIRECTION((0.,0.,1.));
#4323=IFCDIRECTION((1.,0.,0.));
#4324=IFCAXIS2PLACEMENT3D(#4321,#4322,#4323);
#4325=IFCLOCALPLACEMENT(#2053,#4324);
#4326=IFCCARTESIANPOINT((0.5,-5.,0.));
#4327=IFCDIRECTION((0.,0.,1.));
#4328=IFCDIRECTION((1.,0.,0.));
#4329=IFCAXIS2PLACEMENT3D(#4326,#4327,#4328);
#4330=IFCLOCALPLACEMENT(#2053,#4329);
#4331=IFCCARTESIANPOINT((0.75,-5.,0.));
#4332=IFCDIRECTION((0.,0.,1.));
#4333=IFCDIRECTION((1.,0.,0.));
#4334=IFCAXIS2PLACEMENT3D(#4331,#4332,#4333);
#4335=IFCLOCALPLACEMENT(#2053,#4334);
#4336=IFCCARTESIANPOINT((1.,-5.,0.));
#4337=IFCDIRECTION((0.,0.,1.));
#4338=IFCDIRECTION((1.,0.,0.));
#4339=IFCAXIS2PLACEMENT3D(#4336,#4337,#4338);
#4340=IFCLOCALPLACEMENT(#2053,#4339);
#4341=IFCCARTESIANPOINT((1.25,-5.,0.));
#4342=IFCDIRECTION((0.,0.,1.));
#4343=IFCDIRECTION((1.,0.,0.));
#4344=IFCAXIS2PLACEMENT3D(#4341,#4342,#4343);
#4345=IFCLOCALPLACEMENT(#2053,#4344);
#4346=IFCCARTESIANPOINT((1.5,-5.,0.));
#4347=IFCDIRECTION((0.,0.,1.));
#4348=IFCDIRECTION((1.,0.,0.));
#4349=IFCAXIS2PLACEMENT3D(#4346,#4347,#4348);
#4350=IFCLOCALPLACEMENT(#2053,#4349);
#4351=IFCCARTESIANPOINT((1.75,-5.,0.));
#4352=IFCDIRECTION((0.,0.,1.));
#4353=IFCDIRECTION((1.,0.,0.));
#4354=IFCAXIS2PLACEMENT3D(#4351,#4352,#4353);
#4355=IFCLOCALPLACEMENT(#2053,#4354);
#4356=IFCCARTESIANPOINT((2.,-5.,0.));
#4357=IFCDIRECTION((0.,0.,1.));
#4358=IFCDIRECTION((1.,0.,0.));
#4359=IFCAXIS2PLACEMENT3D(#4356,#4357,#4358);
#4360=IFCLOCALPLACEMENT(#2053,#4359);
#4361=IFCCARTESIANPOINT((2.25,-5.,0.));
#4362=IFCDIRECTION((0.,0.,1.));
#4363=IFCDIRECTION((1.,0.,0.));
#4364=IFCAXIS2PLACEMENT3D(#4361,#4362,#4363);
#4365=IFCLOCALPLACEMENT(#2053,#4364);
#4366=IFCCARTESIANPOINT((2.5,-5.,0.));
#4367=IFCDIRECTION((0.,0.,1.));
#4368=IFCDIRECTION((1.,0.,0.));
#4369=IFCAXIS2PLACEMENT3D(#4366,#4367,#4368);
#4370=IFCLOCALPLACEMENT(#2053,#4369);
#4371=IFCCARTESIANPOINT((2.75,-5.,0.));
#4372=IFCDIRECTION((0.,0.,1.));
#4373=IFCDIRECTION((1.,0.,0.));
#4374=IFCAXIS2PLACEMENT3D(#4371,#4372,#4373);
#4375=IFCLOCALPLACEMENT(#2053,#4374);
#4376=IFCCARTESIANPOINT((3.,-5.,0.));
#4377=IFCDIRECTION((0.,0.,1.));
#4378=IFCDIRECTION((1.,0.,0.));
#4379=IFCAXIS2PLACEMENT3D(#4376,#4377,#4378);
#4380=IFCLOCALPLACEMENT(#2053,#4379);
#4381=IFCCARTESIANPOINT((0.,-5.4550000000000001,0.));
#4382=IFCDIRECTION((0.,0.,1.));
#4383=IFCDIRECTION((1.,0.,0.));
#4384=IFCAXIS2PLACEMENT3D(#4381,#4382,#4383);
#4385=IFCLOCALPLACEMENT(#2053,#4384);
#4386=IFCCARTESIANPOINT((0.,-5.625,0.));
#4387=IFCDIRECTION((0.,0.,1.));
#4388=IFCDIRECTION((1.,0.,0.));
#4389=IFCAXIS2PLACEMENT3D(#4386,#4387,#4388);
#4390=IFCLOCALPLACEMENT(#2053,#4389);
#4391=IFCCARTESIANPOINT((0.25,-5.625,0.));
#4392=IFCDIRECTION((0.,0.,1.));
#4393=IFCDIRECTION((1.,0.,0.));
#4394=IFCAXIS2PLACEMENT3D(#4391,#4392,#4393);
#4395=IFCLOCALPLACEMENT(#2053,#4394);
#4396=IFCCARTESIANPOINT((0.5,-5.625,0.));
#4397=IFCDIRECTION((0.,0.,1.));
#4398=IFCDIRECTION((1.,0.,0.));
#4399=IFCAXIS2PLACEMENT3D(#4396,#4397,#4398);
#4400=IFCLOCALPLACEMENT(#2053,#4399);
#4401=IFCCARTESIANPOINT((0.75,-5.625,0.));
#4402=IFCDIRECTION((0.,0.,1.));
#4403=IFCDIRECTION((1.,0.,0.));
#4404=IFCAXIS2PLACEMENT3D(#4401,#4402,#4403);
#4405=IFCLOCALPLACEMENT(#2053,#4404);
#4406=IFCCARTESIANPOINT((1.,-5.625,0.));
#4407=IFCDIRECTION((0.,0.,1.));
#4408=IFCDIRECTION((1.,0.,0.));
#4409=IFCAXIS2PLACEMENT3D(#4406,#4407,#4408);
#4410=IFCLOCALPLACEMENT(#2053,#4409);
#4411=IFCCARTESIANPOINT((1.25,-5.625,0.));
#4412=IFCDIRECTION((0.,0.,1.));
#4413=IFCDIRECTION((1.,0.,0.));
#4414=IFCAXIS2PLACEMENT3D(#4411,#4412,#4413);
#4415=IFCLOCALPLACEMENT(#2053,#4414);
#4416=IFCCARTESIANPOINT((1.5,-5.625,0.));
#4417=IFCDIRECTION((0.,0.,1.));
#4418=IFCDIRECTION((1.,0.,0.));
#4419=IFCAXIS2PLACEMENT3D(#4416,#4417,#4418);
#4420=IFCLOCALPLACEMENT(#2053,#4419);
#4421=IFCCARTESIANPOINT((1.75,-5.625,0.));
#4422=IFCDIRECTION((0.,0.,1.));
#4423=IFCDIRECTION((1.,0.,0.));
#4424=IFCAXIS2PLACEMENT3D(#4421,#4422,#4423);
#4425=IFCLOCALPLACEMENT(#2053,#4424);
#4426=IFCCARTESIANPOINT((2.,-5.625,0.));
#4427=IFCDIRECTION((0.,0.,1.));
#4428=IFCDIRECTION((1.,0.,0.));
#4429=IFCAXIS2PLACEMENT3D(#4426,#4427,#4428);
#4430=IFCLOCALPLACEMENT(#2053,#4429);
#4431=IFCCARTESIANPOINT((2.25,-5.625,0.));
#4432=IFCDIRECTION((0.,0.,1.));
#4433=IFCDIRECTION((1.,0.,0.));
#4434=IFCAXIS2PLACEMENT3D(#4431,#4432,#4433);
#4435=IFCLOCALPLACEMENT(#2053,#4434);
#4436=IFCCARTESIANPOINT((2.5,-5.625,0.));
#4437=IFCDIRECTION((0.,0.,1.));
#4438=IFCDIRECTION((1.,0.,0.));
#4439=IFCAXIS2PLACEMENT3D(#4436,#4437,#4438);
#4440=IFCLOCALPLACEMENT(#2053,#4439);
#4441=IFCCARTESIANPOINT((2.75,-5.625,0.));
#4442=IFCDIRECTION((0.,0.,1.));
#4443=IFCDIRECTION((1.,0.,0.));
#4444=IFCAXIS2PLACEMENT3D(#4441,#4442,#4443);
#4445=IFCLOCALPLACEMENT(#2053,#4444);
#4446=IFCCARTESIANPOINT((3.,-5.625,0.));
#4447=IFCDIRECTION((0.,0.,1.));
#4448=IFCDIRECTION((1.,0.,0.));
#4449=IFCAXIS2PLACEMENT3D(#4446,#4447,#4448);
#4450=IFCLOCALPLACEMENT(#2053,#4449);
#4451=IFCCARTESIANPOINT((0.,-6.0800000000000001,0.));
#4452=IFCDIRECTION((0.,0.,1.));
#4453=IFCDIRECTION((1.,0.,0.));
#4454=IFCAXIS2PLACEMENT3D(#4451,#4452,#4453);
#4455=IFCLOCALPLACEMENT(#2053,#4454);
#4456=IFCCARTESIANPOINT((0.,-6.25,0.));
#4457=IFCDIRECTION((0.,0.,1.));
#4458=IFCDIRECTION((1.,0.,0.));
#4459=IFCAXIS2PLACEMENT3D(#4456,#4457,#4458);
#4460=IFCLOCALPLACEMENT(#2053,#4459);
#4461=IFCCARTESIANPOINT((0.25,-6.25,0.));
#4462=IFCDIRECTION((0.,0.,1.));
#4463=IFCDIRECTION((1.,0.,0.));
#4464=IFCAXIS2PLACEMENT3D(#4461,#4462,#4463);
#4465=IFCLOCALPLACEMENT(#2053,#4464);
#4466=IFCCARTESIANPOINT((0.5,-6.25,0.));
#4467=IFCDIRECTION((0.,0.,1.));
#4468=IFCDIRECTION((1.,0.,0.));
#4469=IFCAXIS2PLACEMENT3D(#4466,#4467,#4468);
#4470=IFCLOCALPLACEMENT(#2053,#4469);
#4471=IFCCARTESIANPOINT((0.75,-6.25,0.));
#4472=IFCDIRECTION((0.,0.,1.));
#4473=IFCDIRECTION((1.,0.,0.));
#4474=IFCAXIS2PLACEMENT3D(#4471,#4472,#4473);
#4475=IFCLOCALPLACEMENT(#2053,#4474);
#4476=IFCCARTESIANPOINT((1.,-6.25,0.));
#4477=IFCDIRECTION((0.,0.,1.));
#4478=IFCDIRECTION((1.,0.,0.));
#4479=IFCAXIS2PLACEMENT3D(#4476,#4477,#4478);
#4480=IFCLOCALPLACEMENT(#2053,#4479);
#4481=IFCCARTESIANPOINT((1.25,-6.25,0.));
#4482=IFCDIRECTION((0.,0.,1.));
#4483=IFCDIRECTION((1.,0.,0.));
#4484=IFCAXIS2PLACEMENT3D(#4481,#4482,#4483);
#4485=IFCLOCALPLACEMENT(#2053,#4484);
#4486=IFCCARTESIANPOINT((1.5,-6.25,0.));
#4487=IFCDIRECTION((0.,0.,1.));
#4488=IFCDIRECTION((1.,0.,0.));
#4489=IFCAXIS2PLACEMENT3D(#4486,#4487,#4488);
#4490=IFCLOCALPLACEMENT(#2053,#4489);
#4491=IFCCARTESIANPOINT((1.75,-6.25,0.));
#4492=IFCDIRECTION((0.,0.,1.));
#4493=IFCDIRECTION((1.,0.,0.));
#4494=IFCAXIS2PLACEMENT3D(#4491,#4492,#4493);
#4495=IFCLOCALPLACEMENT(#2053,#4494);
#4496=IFCCARTESIANPOINT((2.,-6.25,0.));
#4497=IFCDIRECTION((0.,0.,1.));
#4498=IFCDIRECTION((1.,0.,0.));
#4499=IFCAXIS2PLACEMENT3D(#4496,#4497,#4498);
#4500=IFCLOCALPLACEMENT(#2053,#4499);
#4501=IFCCARTESIANPOINT((2.25,-6.25,0.));
#4502=IFCDIRECTION((0.,0.,1.));
#4503=IFCDIRECTION((1.,0.,0.));
#4504=IFCAXIS2PLACEMENT3D(#4501,#4502,#4503);
#4505=IFCLOCALPLACEMENT(#2053,#4504);
#4506=IFCCARTESIANPOINT((2.5,-6.25,0.));
#4507=IFCDIRECTION((0.,0.,1.));
#4508=IFCDIRECTION((1.,0.,0.));
#4509=IFCAXIS2PLACEMENT3D(#4506,#4507,#4508);
#4510=IFCLOCALPLACEMENT(#2053,#4509);
#4511=IFCCARTESIANPOINT((2.75,-6.25,0.));
#4512=IFCDIRECTION((0.,0.,1.));
#4513=IFCDIRECTION((1.,0.,0.));
#4514=IFCAXIS2PLACEMENT3D(#4511,#4512,#4513);
#4515=IFCLOCALPLACEMENT(#2053,#4514);
#4516=IFCCARTESIANPOINT((3.,-6.25,0.));
#4517=IFCDIRECTION((0.,0.,1.));
#4518=IFCDIRECTION((1.,0.,0.));
#4519=IFCAXIS2PLACEMENT3D(#4516,#4517,#4518);
#4520=IFCLOCALPLACEMENT(#2053,#4519);
#4521=IFCCARTESIANPOINT((0.,-6.5800000000000001,0.));
#4522=IFCDIRECTION((0.,0.,1.));
#4523=IFCDIRECTION((1.,0.,0.));
#4524=IFCAXIS2PLACEMENT3D(#4521,#4522,#4523);
#4525=IFCLOCALPLACEMENT(#2053,#4524);
#4526=IFCCARTESIANPOINT((0.,-6.75,0.));
#4527=IFCDIRECTION((0.,0.,1.));
#4528=IFCDIRECTION((1.,0.,0.));
#4529=IFCAXIS2PLACEMENT3D(#4526,#4527,#4528);
#4530=IFCLOCALPLACEMENT(#2053,#4529);
#4531=IFCCARTESIANPOINT((0.25,-6.75,0.));
#4532=IFCDIRECTION((0.,0.,1.));
#4533=IFCDIRECTION((1.,0.,0.));
#4534=IFCAXIS2PLACEMENT3D(#4531,#4532,#4533);
#4535=IFCLOCALPLACEMENT(#2053,#4534);
#4536=IFCCARTESIANPOINT((0.5,-6.75,0.));
#4537=IFCDIRECTION((0.,0.,1.));
#4538=IFCDIRECTION((1.,0.,0.));
#4539=IFCAXIS2PLACEMENT3D(#4536,#4537,#4538);
#4540=IFCLOCALPLACEMENT(#2053,#4539);
#4541=IFCCARTESIANPOINT((0.75,-6.75,0.));
#4542=IFCDIRECTION((0.,0.,1.));
#4543=IFCDIRECTION((1.,0.,0.));
#4544=IFCAXIS2PLACEMENT3D(#4541,#4542,#4543);
#4545=IFCLOCALPLACEMENT(#2053,#4544);
#4546=IFCCARTESIANPOINT((1.,-6.75,0.));
#4547=IFCDIRECTION((0.,0.,1.));
#4548=IFCDIRECTION((1.,0.,0.));
#4549=IFCAXIS2PLACEMENT3D(#4546,#4547,#4548);
#4550=IFCLOCALPLACEMENT(#2053,#4549);
#4551=IFCCARTESIANPOINT((1.25,-6.75,0.));
#4552=IFCDIRECTION((0.,0.,1.));
#4553=IFCDIRECTION((1.,0.,0.));
#4554=IFCAXIS2PLACEMENT3D(#4551,#4552,#4553);
#4555=IFCLOCALPLACEMENT(#2053,#4554);
#4556=IFCCARTESIANPOINT((1.5,-6.75,0.));
#4557=IFCDIRECTION((0.,0.,1.));
#4558=IFCDIRECTION((1.,0.,0.));
#4559=IFCAXIS2PLACEMENT3D(#4556,#4557,#4558);
#4560=IFCLOCALPLACEMENT(#2053,#4559);
#4561=IFCCARTESIANPOINT((1.75,-6.75,0.));
#4562=IFCDIRECTION((0.,0.,1.));
#4563=IFCDIRECTION((1.,0.,0.));
#4564=IFCAXIS2PLACEMENT3D(#4561,#4562,#4563);
#4565=IFCLOCALPLACEMENT(#2053,#4564);
#4566=IFCCARTESIANPOINT((2.,-6.75,0.));
#4567=IFCDIRECTION((0.,0.,1.));
#4568=IFCDIRECTION((1.,0.,0.));
#4569=IFCAXIS2PLACEMENT3D(#4566,#4567,#4568);
#4570=IFCLOCALPLACEMENT(#2053,#4569);
#4571=IFCCARTESIANPOINT((2.25,-6.75,0.));
#4572=IFCDIRECTION((0.,0.,1.));
#4573=IFCDIRECTION((1.,0.,0.));
#4574=IFCAXIS2PLACEMENT3D(#4571,#4572,#4573);
#4575=IFCLOCALPLACEMENT(#2053,#4574);
#4576=IFCCARTESIANPOINT((2.5,-6.75,0.));
#4577=IFCDIRECTION((0.,0.,1.));
#4578=IFCDIRECTION((1.,0.,0.));
#4579=IFCAXIS2PLACEMENT3D(#4576,#4577,#4578);
#4580=IFCLOCALPLACEMENT(#2053,#4579);
#4581=IFCCARTESIANPOINT((2.75,-6.75,0.));
#4582=IFCDIRECTION((0.,0.,1.));
#4583=IFCDIRECTION((1.,0.,0.));
#4584=IFCAXIS2PLACEMENT3D(#4581,#4582,#4583);
#4585=IFCLOCALPLACEMENT(#2053,#4584);
#4586=IFCCARTESIANPOINT((3.,-6.75,0.));
#4587=IFCDIRECTION((0.,0.,1.));
#4588=IFCDIRECTION((1.,0.,0.));
#4589=IFCAXIS2PLACEMENT3D(#4586,#4587,#4588);
#4590=IFCLOCALPLACEMENT(#2053,#4589);
#4591=IFCCARTESIANPOINT((0.,-7.0800000000000001,0.));
#4592=IFCDIRECTION((0.,0.,1.));
#4593=IFCDIRECTION((1.,0.,0.));
#4594=IFCAXIS2PLACEMENT3D(#4591,#4592,#4593);
#4595=IFCLOCALPLACEMENT(#2053,#4594);
#4596=IFCCARTESIANPOINT((0.,-7.25,0.));
#4597=IFCDIRECTION((0.,0.,1.));
#4598=IFCDIRECTION((1.,0.,0.));
#4599=IFCAXIS2PLACEMENT3D(#4596,#4597,#4598);
#4600=IFCLOCALPLACEMENT(#2053,#4599);
#4601=IFCCARTESIANPOINT((0.25,-7.25,0.));
#4602=IFCDIRECTION((0.,0.,1.));
#4603=IFCDIRECTION((1.,0.,0.));
#4604=IFCAXIS2PLACEMENT3D(#4601,#4602,#4603);
#4605=IFCLOCALPLACEMENT(#2053,#4604);
#4606=IFCCARTESIANPOINT((0.5,-7.25,0.));
#4607=IFCDIRECTION((0.,0.,1.));
#4608=IFCDIRECTION((1.,0.,0.));
#4609=IFCAXIS2PLACEMENT3D(#4606,#4607,#4608);
#4610=IFCLOCALPLACEMENT(#2053,#4609);
#4611=IFCCARTESIANPOINT((0.75,-7.25,0.));
#4612=IFCDIRECTION((0.,0.,1.));
#4613=IFCDIRECTION((1.,0.,0.));
#4614=IFCAXIS2PLACEMENT3D(#4611,#4612,#4613);
#4615=IFCLOCALPLACEMENT(#2053,#4614);
#4616=IFCCARTESIANPOINT((1.,-7.25,0.));
#4617=IFCDIRECTION((0.,0.,1.));
#4618=IFCDIRECTION((1.,0.,0.));
#4619=IFCAXIS2PLACEMENT3D(#4616,#4617,#4618);
#4620=IFCLOCALPLACEMENT(#2053,#4619);
#4621=IFCCARTESIANPOINT((1.25,-7.25,0.));
#4622=IFCDIRECTION((0.,0.,1.));
#4623=IFCDIRECTION((1.,0.,0.));
#4624=IFCAXIS2PLACEMENT3D(#4621,#4622,#4623);
#4625=IFCLOCALPLACEMENT(#2053,#4624);
#4626=IFCCARTESIANPOINT((1.5,-7.25,0.));
#4627=IFCDIRECTION((0.,0.,1.));
#4628=IFCDIRECTION((1.,0.,0.));
#4629=IFCAXIS2PLACEMENT3D(#4626,#4627,#4628);
#4630=IFCLOCALPLACEMENT(#2053,#4629);
#4631=IFCCARTESIANPOINT((1.75,-7.25,0.));
#4632=IFCDIRECTION((0.,0.,1.));
#4633=IFCDIRECTION((1.,0.,0.));
#4634=IFCAXIS2PLACEMENT3D(#4631,#4632,#4633);
#4635=IFCLOCALPLACEMENT(#2053,#4634);
#4636=IFCCARTESIANPOINT((2.,-7.25,0.));
#4637=IFCDIRECTION((0.,0.,1.));
#4638=IFCDIRECTION((1.,0.,0.));
#4639=IFCAXIS2PLACEMENT3D(#4636,#4637,#4638);
#4640=IFCLOCALPLACEMENT(#2053,#4639);
#4641=IFCCARTESIANPOINT((2.25,-7.25,0.));
#4642=IFCDIRECTION((0.,0.,1.));
#4643=IFCDIRECTION((1.,0.,0.));
#4644=IFCAXIS2PLACEMENT3D(#4641,#4642,#4643);
#4645=IFCLOCALPLACEMENT(#2053,#4644);
#4646=IFCCARTESIANPOINT((2.5,-7.25,0.));
#4647=IFCDIRECTION((0.,0.,1.));
#4648=IFCDIRECTION((1.,0.,0.));
#4649=IFCAXIS2PLACEMENT3D(#4646,#4647,#4648);
#4650=IFCLOCALPLACEMENT(#2053,#4649);
#4651=IFCCARTESIANPOINT((2.75,-7.25,0.));
#4652=IFCDIRECTION((0.,0.,1.));
#4653=IFCDIRECTION((1.,0.,0.));
#4654=IFCAXIS2PLACEMENT3D(#4651,#4652,#4653);
#4655=IFCLOCALPLACEMENT(#2053,#4654);
#4656=IFCCARTESIANPOINT((3.,-7.25,0.));
#4657=IFCDIRECTION((0.,0.,1.));
#4658=IFCDIRECTION((1.,0.,0.));
#4659=IFCAXIS2PLACEMENT3D(#4656,#4657,#4658);
#4660=IFCLOCALPLACEMENT(#2053,#4659);
#4661=IFCCARTESIANPOINT((0.,0.,0.25));
#4662=IFCDIRECTION((0.,0.,1.));
#4663=IFCDIRECTION((1.,0.,0.));
#4664=IFCAXIS2PLACEMENT3D(#4661,#4662,#4663);
#4665=IFCLOCALPLACEMENT(#2053,#4664);
#4666=IFCSLAB('37v9jCePX3Pxu9JMisQ5x6',$,'Ceiling 2',$,$,#4671,#4675,$,.FLOOR.);
#4667=IFCCARTESIANPOINT((3.375,7.79,-0.35999999999999988));
#4668=IFCDIRECTION((0.,0.,1.));
#4669=IFCDIRECTION((1.,0.,0.));
#4670=IFCAXIS2PLACEMENT3D(#4667,#4668,#4669);
#4671=IFCLOCALPLACEMENT(#45,#4670);
#4672=IFCCARTESIANPOINTLIST2D(((0.,0.),(4.75,0.),(4.75,-7.5800000000000001),(0.,-7.5800000000000001),(0.,0.)));
#4673=IFCINDEXEDPOLYCURVE(#4672,$,.F.);
#4674=IFCSHAPEREPRESENTATION(#17,'Body','Curve2D',(#4673));
#4675=IFCPRODUCTDEFINITIONSHAPE($,$,(#4674));
#4676=IFCPROPERTYSET('0jq9GQmt1AEOLhPJWQUaso',$,'Pset_SlabCommon',$,(#4678));
#4677=IFCRELDEFINESBYPROPERTIES('0eC8eOwCn0CuHHwCyaQcjB',$,$,$,(#4666),#4676);
#4678=IFCPROPERTYSINGLEVALUE('LoadBearing',$,IFCBOOLEAN(.T.),$);
#4679=IFCPROPERTYSET('3wxtes05P7FPwa3IGNF5DV',$,'BBIM_MiakoSlab',$,(#4681,#4682,#4683,#4684,#4685,#4686,#4687));
#4680=IFCRELDEFINESBYPROPERTIES('2yjJ7_9TP58hCp9fzn8QZg',$,$,$,(#4666),#4679);
#4681=IFCPROPERTYSINGLEVALUE('Structure',$,IFCLABEL('wide,beam,wide,beam,wide,beam,wide,beam,wide,beam,wide,beam,wide,beam,wide,beam,wide,beam,wide,beam,narrow,beam,narrow,beam,narrow'),$);
#4682=IFCPROPERTYSINGLEVALUE('SpanLength',$,IFCREAL(4.75),$);
#4683=IFCPROPERTYSINGLEVALUE('OverallWidth',$,IFCREAL(7.5800000000000001),$);
#4684=IFCPROPERTYSINGLEVALUE('BlockLength',$,IFCREAL(0.25),$);
#4685=IFCPROPERTYSINGLEVALUE('BlockHeight',$,IFCREAL(0.25),$);
#4686=IFCPROPERTYSINGLEVALUE('BeamHeight',$,IFCREAL(0.25),$);
#4687=IFCPROPERTYSINGLEVALUE('ToppingThickness',$,IFCREAL(0.11),$);
#4688=IFCBUILDINGELEMENTPART('3AeCSPmdf6Ku1zzbKMaRRT',$,'Ceiling 2 Wide Block 1.1',$,$,#7046,#4696,$,$);
#4689=IFCCARTESIANPOINT((0.,0.,0.));
#4690=IFCDIRECTION((1.,0.,0.));
#4691=IFCDIRECTION((0.,1.,0.));
#4692=IFCDIRECTION((0.,0.,1.));
#4693=IFCCARTESIANTRANSFORMATIONOPERATOR3D(#4690,#4691,#4689,1.,#4692);
#4694=IFCMAPPEDITEM(#2086,#4693);
#4695=IFCSHAPEREPRESENTATION(#11,'Body','MappedRepresentation',(#4694));
#4696=IFCPRODUCTDEFINITIONSHAPE($,$,(#4695));
#4697=IFCBUILDINGELEMENTPART('1eIknCU4D2og06p69VaD9G',$,'Ceiling 2 Wide Block 1.2',$,$,#7051,#4705,$,$);
#4698=IFCCARTESIANPOINT((0.,0.,0.));
#4699=IFCDIRECTION((1.,0.,0.));
#4700=IFCDIRECTION((0.,1.,0.));
#4701=IFCDIRECTION((0.,0.,1.));
#4702=IFCCARTESIANTRANSFORMATIONOPERATOR3D(#4699,#4700,#4698,1.,#4701);
#4703=IFCMAPPEDITEM(#2086,#4702);
#4704=IFCSHAPEREPRESENTATION(#11,'Body','MappedRepresentation',(#4703));
#4705=IFCPRODUCTDEFINITIONSHAPE($,$,(#4704));
#4706=IFCBUILDINGELEMENTPART('0cpRc4YP93fBrtQt6ixQqI',$,'Ceiling 2 Wide Block 1.3',$,$,#7056,#4714,$,$);
#4707=IFCCARTESIANPOINT((0.,0.,0.));
#4708=IFCDIRECTION((1.,0.,0.));
#4709=IFCDIRECTION((0.,1.,0.));
#4710=IFCDIRECTION((0.,0.,1.));
#4711=IFCCARTESIANTRANSFORMATIONOPERATOR3D(#4708,#4709,#4707,1.,#4710);
#4712=IFCMAPPEDITEM(#2086,#4711);
#4713=IFCSHAPEREPRESENTATION(#11,'Body','MappedRepresentation',(#4712));
#4714=IFCPRODUCTDEFINITIONSHAPE($,$,(#4713));
#4715=IFCBUILDINGELEMENTPART('3lF6SWIDb719Icj5FFgrHn',$,'Ceiling 2 Wide Block 1.4',$,$,#7061,#4723,$,$);
#4716=IFCCARTESIANPOINT((0.,0.,0.));
#4717=IFCDIRECTION((1.,0.,0.));
#4718=IFCDIRECTION((0.,1.,0.));
#4719=IFCDIRECTION((0.,0.,1.));
#4720=IFCCARTESIANTRANSFORMATIONOPERATOR3D(#4717,#4718,#4716,1.,#4719);
#4721=IFCMAPPEDITEM(#2086,#4720);
#4722=IFCSHAPEREPRESENTATION(#11,'Body','MappedRepresentation',(#4721));
#4723=IFCPRODUCTDEFINITIONSHAPE($,$,(#4722));
#4724=IFCBUILDINGELEMENTPART('3ZQUofz3TC8AsQx0XyJ4ht',$,'Ceiling 2 Wide Block 1.5',$,$,#7066,#4732,$,$);
#4725=IFCCARTESIANPOINT((0.,0.,0.));
#4726=IFCDIRECTION((1.,0.,0.));
#4727=IFCDIRECTION((0.,1.,0.));
#4728=IFCDIRECTION((0.,0.,1.));
#4729=IFCCARTESIANTRANSFORMATIONOPERATOR3D(#4726,#4727,#4725,1.,#4728);
#4730=IFCMAPPEDITEM(#2086,#4729);
#4731=IFCSHAPEREPRESENTATION(#11,'Body','MappedRepresentation',(#4730));
#4732=IFCPRODUCTDEFINITIONSHAPE($,$,(#4731));
#4733=IFCBUILDINGELEMENTPART('3b_vBKCwHDseo_zAGoHKkW',$,'Ceiling 2 Wide Block 1.6',$,$,#7071,#4741,$,$);
#4734=IFCCARTESIANPOINT((0.,0.,0.));
#4735=IFCDIRECTION((1.,0.,0.));
#4736=IFCDIRECTION((0.,1.,0.));
#4737=IFCDIRECTION((0.,0.,1.));
#4738=IFCCARTESIANTRANSFORMATIONOPERATOR3D(#4735,#4736,#4734,1.,#4737);
#4739=IFCMAPPEDITEM(#2086,#4738);
#4740=IFCSHAPEREPRESENTATION(#11,'Body','MappedRepresentation',(#4739));
#4741=IFCPRODUCTDEFINITIONSHAPE($,$,(#4740));
#4742=IFCBUILDINGELEMENTPART('3mZqec2Pb0r9jcKY2i4aty',$,'Ceiling 2 Wide Block 1.7',$,$,#7076,#4750,$,$);
#4743=IFCCARTESIANPOINT((0.,0.,0.));
#4744=IFCDIRECTION((1.,0.,0.));
#4745=IFCDIRECTION((0.,1.,0.));
#4746=IFCDIRECTION((0.,0.,1.));
#4747=IFCCARTESIANTRANSFORMATIONOPERATOR3D(#4744,#4745,#4743,1.,#4746);
#4748=IFCMAPPEDITEM(#2086,#4747);
#4749=IFCSHAPEREPRESENTATION(#11,'Body','MappedRepresentation',(#4748));
#4750=IFCPRODUCTDEFINITIONSHAPE($,$,(#4749));
#4751=IFCBUILDINGELEMENTPART('1onckVt3H1jwvnDW$XB8dP',$,'Ceiling 2 Wide Block 1.8',$,$,#7081,#4759,$,$);
#4752=IFCCARTESIANPOINT((0.,0.,0.));
#4753=IFCDIRECTION((1.,0.,0.));
#4754=IFCDIRECTION((0.,1.,0.));
#4755=IFCDIRECTION((0.,0.,1.));
#4756=IFCCARTESIANTRANSFORMATIONOPERATOR3D(#4753,#4754,#4752,1.,#4755);
#4757=IFCMAPPEDITEM(#2086,#4756);
#4758=IFCSHAPEREPRESENTATION(#11,'Body','MappedRepresentation',(#4757));
#4759=IFCPRODUCTDEFINITIONSHAPE($,$,(#4758));
#4760=IFCBUILDINGELEMENTPART('2J542vlJDAThEe8WnDM9lW',$,'Ceiling 2 Wide Block 1.9',$,$,#7086,#4768,$,$);
#4761=IFCCARTESIANPOINT((0.,0.,0.));
#4762=IFCDIRECTION((1.,0.,0.));
#4763=IFCDIRECTION((0.,1.,0.));
#4764=IFCDIRECTION((0.,0.,1.));
#4765=IFCCARTESIANTRANSFORMATIONOPERATOR3D(#4762,#4763,#4761,1.,#4764);
#4766=IFCMAPPEDITEM(#2086,#4765);
#4767=IFCSHAPEREPRESENTATION(#11,'Body','MappedRepresentation',(#4766));
#4768=IFCPRODUCTDEFINITIONSHAPE($,$,(#4767));
#4769=IFCBUILDINGELEMENTPART('2gbLaueUX0RxHCappNSD9Y',$,'Ceiling 2 Wide Block 1.10',$,$,#7091,#4777,$,$);
#4770=IFCCARTESIANPOINT((0.,0.,0.));
#4771=IFCDIRECTION((1.,0.,0.));
#4772=IFCDIRECTION((0.,1.,0.));
#4773=IFCDIRECTION((0.,0.,1.));
#4774=IFCCARTESIANTRANSFORMATIONOPERATOR3D(#4771,#4772,#4770,1.,#4773);
#4775=IFCMAPPEDITEM(#2086,#4774);
#4776=IFCSHAPEREPRESENTATION(#11,'Body','MappedRepresentation',(#4775));
#4777=IFCPRODUCTDEFINITIONSHAPE($,$,(#4776));
#4778=IFCBUILDINGELEMENTPART('1pXSMtADP58Pw4pCc70Ouu',$,'Ceiling 2 Wide Block 1.11',$,$,#7096,#4786,$,$);
#4779=IFCCARTESIANPOINT((0.,0.,0.));
#4780=IFCDIRECTION((1.,0.,0.));
#4781=IFCDIRECTION((0.,1.,0.));
#4782=IFCDIRECTION((0.,0.,1.));
#4783=IFCCARTESIANTRANSFORMATIONOPERATOR3D(#4780,#4781,#4779,1.,#4782);
#4784=IFCMAPPEDITEM(#2086,#4783);
#4785=IFCSHAPEREPRESENTATION(#11,'Body','MappedRepresentation',(#4784));
#4786=IFCPRODUCTDEFINITIONSHAPE($,$,(#4785));
#4787=IFCBUILDINGELEMENTPART('3unGwLFXfAJuZNOdlwqSvF',$,'Ceiling 2 Wide Block 1.12',$,$,#7101,#4795,$,$);
#4788=IFCCARTESIANPOINT((0.,0.,0.));
#4789=IFCDIRECTION((1.,0.,0.));
#4790=IFCDIRECTION((0.,1.,0.));
#4791=IFCDIRECTION((0.,0.,1.));
#4792=IFCCARTESIANTRANSFORMATIONOPERATOR3D(#4789,#4790,#4788,1.,#4791);
#4793=IFCMAPPEDITEM(#2086,#4792);
#4794=IFCSHAPEREPRESENTATION(#11,'Body','MappedRepresentation',(#4793));
#4795=IFCPRODUCTDEFINITIONSHAPE($,$,(#4794));
#4796=IFCBUILDINGELEMENTPART('1vO4Tda9XFZeqj7VFB5jWP',$,'Ceiling 2 Wide Block 1.13',$,$,#7106,#4804,$,$);
#4797=IFCCARTESIANPOINT((0.,0.,0.));
#4798=IFCDIRECTION((1.,0.,0.));
#4799=IFCDIRECTION((0.,1.,0.));
#4800=IFCDIRECTION((0.,0.,1.));
#4801=IFCCARTESIANTRANSFORMATIONOPERATOR3D(#4798,#4799,#4797,1.,#4800);
#4802=IFCMAPPEDITEM(#2086,#4801);
#4803=IFCSHAPEREPRESENTATION(#11,'Body','MappedRepresentation',(#4802));
#4804=IFCPRODUCTDEFINITIONSHAPE($,$,(#4803));
#4805=IFCBUILDINGELEMENTPART('0Td2oPHN95BRY4ZJySgUWy',$,'Ceiling 2 Wide Block 1.14',$,$,#7111,#4813,$,$);
#4806=IFCCARTESIANPOINT((0.,0.,0.));
#4807=IFCDIRECTION((1.,0.,0.));
#4808=IFCDIRECTION((0.,1.,0.));
#4809=IFCDIRECTION((0.,0.,1.));
#4810=IFCCARTESIANTRANSFORMATIONOPERATOR3D(#4807,#4808,#4806,1.,#4809);
#4811=IFCMAPPEDITEM(#2086,#4810);
#4812=IFCSHAPEREPRESENTATION(#11,'Body','MappedRepresentation',(#4811));
#4813=IFCPRODUCTDEFINITIONSHAPE($,$,(#4812));
#4814=IFCBUILDINGELEMENTPART('3M9fDqL8z2AfZPoMTDxeSh',$,'Ceiling 2 Wide Block 1.15',$,$,#7116,#4822,$,$);
#4815=IFCCARTESIANPOINT((0.,0.,0.));
#4816=IFCDIRECTION((1.,0.,0.));
#4817=IFCDIRECTION((0.,1.,0.));
#4818=IFCDIRECTION((0.,0.,1.));
#4819=IFCCARTESIANTRANSFORMATIONOPERATOR3D(#4816,#4817,#4815,1.,#4818);
#4820=IFCMAPPEDITEM(#2086,#4819);
#4821=IFCSHAPEREPRESENTATION(#11,'Body','MappedRepresentation',(#4820));
#4822=IFCPRODUCTDEFINITIONSHAPE($,$,(#4821));
#4823=IFCBUILDINGELEMENTPART('1GIjPEiMrBEPwWuptnrwTX',$,'Ceiling 2 Wide Block 1.16',$,$,#7121,#4831,$,$);
#4824=IFCCARTESIANPOINT((0.,0.,0.));
#4825=IFCDIRECTION((1.,0.,0.));
#4826=IFCDIRECTION((0.,1.,0.));
#4827=IFCDIRECTION((0.,0.,1.));
#4828=IFCCARTESIANTRANSFORMATIONOPERATOR3D(#4825,#4826,#4824,1.,#4827);
#4829=IFCMAPPEDITEM(#2086,#4828);
#4830=IFCSHAPEREPRESENTATION(#11,'Body','MappedRepresentation',(#4829));
#4831=IFCPRODUCTDEFINITIONSHAPE($,$,(#4830));
#4832=IFCBUILDINGELEMENTPART('1tHtSesuL4G8oufMwg8dJV',$,'Ceiling 2 Wide Block 1.17',$,$,#7126,#4840,$,$);
#4833=IFCCARTESIANPOINT((0.,0.,0.));
#4834=IFCDIRECTION((1.,0.,0.));
#4835=IFCDIRECTION((0.,1.,0.));
#4836=IFCDIRECTION((0.,0.,1.));
#4837=IFCCARTESIANTRANSFORMATIONOPERATOR3D(#4834,#4835,#4833,1.,#4836);
#4838=IFCMAPPEDITEM(#2086,#4837);
#4839=IFCSHAPEREPRESENTATION(#11,'Body','MappedRepresentation',(#4838));
#4840=IFCPRODUCTDEFINITIONSHAPE($,$,(#4839));
#4841=IFCBUILDINGELEMENTPART('0DjSecMVb218hcfryJ23Eh',$,'Ceiling 2 Wide Block 1.18',$,$,#7131,#4849,$,$);
#4842=IFCCARTESIANPOINT((0.,0.,0.));
#4843=IFCDIRECTION((1.,0.,0.));
#4844=IFCDIRECTION((0.,1.,0.));
#4845=IFCDIRECTION((0.,0.,1.));
#4846=IFCCARTESIANTRANSFORMATIONOPERATOR3D(#4843,#4844,#4842,1.,#4845);
#4847=IFCMAPPEDITEM(#2086,#4846);
#4848=IFCSHAPEREPRESENTATION(#11,'Body','MappedRepresentation',(#4847));
#4849=IFCPRODUCTDEFINITIONSHAPE($,$,(#4848));
#4850=IFCBUILDINGELEMENTPART('0bqI689KD35AbmdUjy3LOi',$,'Ceiling 2 Wide Block 1.19',$,$,#7136,#4858,$,$);
#4851=IFCCARTESIANPOINT((0.,0.,0.));
#4852=IFCDIRECTION((1.,0.,0.));
#4853=IFCDIRECTION((0.,1.,0.));
#4854=IFCDIRECTION((0.,0.,1.));
#4855=IFCCARTESIANTRANSFORMATIONOPERATOR3D(#4852,#4853,#4851,1.,#4854);
#4856=IFCMAPPEDITEM(#2086,#4855);
#4857=IFCSHAPEREPRESENTATION(#11,'Body','MappedRepresentation',(#4856));
#4858=IFCPRODUCTDEFINITIONSHAPE($,$,(#4857));
#4859=IFCBEAM('1SoTxzPWz64hn5yj$m$m7F',$,'Ceiling 2 Beam 1',$,$,#7141,#4881,$,$);
#4860=IFCBEAMTYPE('3UMZQqKnT699MUQ9WKTHmd',$,'MIAKO beam 170x250, L=4.750 m',$,$,$,(#4872),$,$,.JOIST.);
#4861=IFCCARTESIANPOINTLIST2D(((0.,0.),(4.75,0.),(4.75,-0.17000000000000001),(0.,-0.17000000000000001)));
#4862=IFCINDEXEDPOLYCURVE(#4861,$,$);
#4863=IFCDIRECTION((0.,0.,1.));
#4864=IFCARBITRARYCLOSEDPROFILEDEF(.AREA.,$,#4862);
#4865=IFCEXTRUDEDAREASOLID(#4864,$,#4863,0.25);
#4866=IFCSHAPEREPRESENTATION(#11,'Body','SweptSolid',(#4865));
#4867=IFCSTYLEDITEM(#4865,(#2038),'3D 1.000 0.000 0.000 alpha 1.000');
#4868=IFCCARTESIANPOINT((0.,0.,0.));
#4869=IFCDIRECTION((1.,0.,0.));
#4870=IFCDIRECTION((0.,0.,1.));
#4871=IFCAXIS2PLACEMENT3D(#4868,#4870,#4869);
#4872=IFCREPRESENTATIONMAP(#4871,#4866);
#4873=IFCRELDEFINESBYTYPE('0qxWxMR4bEwgD1PB$VEnid',$,$,$,(#5233,#5953,#6493,#6133,#5053,#5773,#4859,#5413,#5593,#6853,#6673,#6313),#4860);
#4874=IFCCARTESIANPOINT((0.,0.,0.));
#4875=IFCDIRECTION((1.,0.,0.));
#4876=IFCDIRECTION((0.,1.,0.));
#4877=IFCDIRECTION((0.,0.,1.));
#4878=IFCCARTESIANTRANSFORMATIONOPERATOR3D(#4875,#4876,#4874,1.,#4877);
#4879=IFCMAPPEDITEM(#4872,#4878);
#4880=IFCSHAPEREPRESENTATION(#11,'Body','MappedRepresentation',(#4879));
#4881=IFCPRODUCTDEFINITIONSHAPE($,$,(#4880));
#4882=IFCBUILDINGELEMENTPART('2v5zvVEm17YgsmUxwEBnbk',$,'Ceiling 2 Wide Block 2.1',$,$,#7146,#4890,$,$);
#4883=IFCCARTESIANPOINT((0.,0.,0.));
#4884=IFCDIRECTION((1.,0.,0.));
#4885=IFCDIRECTION((0.,1.,0.));
#4886=IFCDIRECTION((0.,0.,1.));
#4887=IFCCARTESIANTRANSFORMATIONOPERATOR3D(#4884,#4885,#4883,1.,#4886);
#4888=IFCMAPPEDITEM(#2086,#4887);
#4889=IFCSHAPEREPRESENTATION(#11,'Body','MappedRepresentation',(#4888));
#4890=IFCPRODUCTDEFINITIONSHAPE($,$,(#4889));
#4891=IFCBUILDINGELEMENTPART('3AzyG9nCL3hvcTN4QjZ6kr',$,'Ceiling 2 Wide Block 2.2',$,$,#7151,#4899,$,$);
#4892=IFCCARTESIANPOINT((0.,0.,0.));
#4893=IFCDIRECTION((1.,0.,0.));
#4894=IFCDIRECTION((0.,1.,0.));
#4895=IFCDIRECTION((0.,0.,1.));
#4896=IFCCARTESIANTRANSFORMATIONOPERATOR3D(#4893,#4894,#4892,1.,#4895);
#4897=IFCMAPPEDITEM(#2086,#4896);
#4898=IFCSHAPEREPRESENTATION(#11,'Body','MappedRepresentation',(#4897));
#4899=IFCPRODUCTDEFINITIONSHAPE($,$,(#4898));
#4900=IFCBUILDINGELEMENTPART('0bS7ENfm5EhvocMO1up2ff',$,'Ceiling 2 Wide Block 2.3',$,$,#7156,#4908,$,$);
#4901=IFCCARTESIANPOINT((0.,0.,0.));
#4902=IFCDIRECTION((1.,0.,0.));
#4903=IFCDIRECTION((0.,1.,0.));
#4904=IFCDIRECTION((0.,0.,1.));
#4905=IFCCARTESIANTRANSFORMATIONOPERATOR3D(#4902,#4903,#4901,1.,#4904);
#4906=IFCMAPPEDITEM(#2086,#4905);
#4907=IFCSHAPEREPRESENTATION(#11,'Body','MappedRepresentation',(#4906));
#4908=IFCPRODUCTDEFINITIONSHAPE($,$,(#4907));
#4909=IFCBUILDINGELEMENTPART('2bL0$rUjPDMPUpX47Yqsc9',$,'Ceiling 2 Wide Block 2.4',$,$,#7161,#4917,$,$);
#4910=IFCCARTESIANPOINT((0.,0.,0.));
#4911=IFCDIRECTION((1.,0.,0.));
#4912=IFCDIRECTION((0.,1.,0.));
#4913=IFCDIRECTION((0.,0.,1.));
#4914=IFCCARTESIANTRANSFORMATIONOPERATOR3D(#4911,#4912,#4910,1.,#4913);
#4915=IFCMAPPEDITEM(#2086,#4914);
#4916=IFCSHAPEREPRESENTATION(#11,'Body','MappedRepresentation',(#4915));
#4917=IFCPRODUCTDEFINITIONSHAPE($,$,(#4916));
#4918=IFCBUILDINGELEMENTPART('34kGcqjUXEgB3G7fl49oxC',$,'Ceiling 2 Wide Block 2.5',$,$,#7166,#4926,$,$);
#4919=IFCCARTESIANPOINT((0.,0.,0.));
#4920=IFCDIRECTION((1.,0.,0.));
#4921=IFCDIRECTION((0.,1.,0.));
#4922=IFCDIRECTION((0.,0.,1.));
#4923=IFCCARTESIANTRANSFORMATIONOPERATOR3D(#4920,#4921,#4919,1.,#4922);
#4924=IFCMAPPEDITEM(#2086,#4923);
#4925=IFCSHAPEREPRESENTATION(#11,'Body','MappedRepresentation',(#4924));
#4926=IFCPRODUCTDEFINITIONSHAPE($,$,(#4925));
#4927=IFCBUILDINGELEMENTPART('27xk7tVtLCXArki4UCT_sh',$,'Ceiling 2 Wide Block 2.6',$,$,#7171,#4935,$,$);
#4928=IFCCARTESIANPOINT((0.,0.,0.));
#4929=IFCDIRECTION((1.,0.,0.));
#4930=IFCDIRECTION((0.,1.,0.));
#4931=IFCDIRECTION((0.,0.,1.));
#4932=IFCCARTESIANTRANSFORMATIONOPERATOR3D(#4929,#4930,#4928,1.,#4931);
#4933=IFCMAPPEDITEM(#2086,#4932);
#4934=IFCSHAPEREPRESENTATION(#11,'Body','MappedRepresentation',(#4933));
#4935=IFCPRODUCTDEFINITIONSHAPE($,$,(#4934));
#4936=IFCBUILDINGELEMENTPART('3toRDSa11FKeTH5qeuAwp7',$,'Ceiling 2 Wide Block 2.7',$,$,#7176,#4944,$,$);
#4937=IFCCARTESIANPOINT((0.,0.,0.));
#4938=IFCDIRECTION((1.,0.,0.));
#4939=IFCDIRECTION((0.,1.,0.));
#4940=IFCDIRECTION((0.,0.,1.));
#4941=IFCCARTESIANTRANSFORMATIONOPERATOR3D(#4938,#4939,#4937,1.,#4940);
#4942=IFCMAPPEDITEM(#2086,#4941);
#4943=IFCSHAPEREPRESENTATION(#11,'Body','MappedRepresentation',(#4942));
#4944=IFCPRODUCTDEFINITIONSHAPE($,$,(#4943));
#4945=IFCBUILDINGELEMENTPART('25tOZLLL93KxYMHnOB6XXO',$,'Ceiling 2 Wide Block 2.8',$,$,#7181,#4953,$,$);
#4946=IFCCARTESIANPOINT((0.,0.,0.));
#4947=IFCDIRECTION((1.,0.,0.));
#4948=IFCDIRECTION((0.,1.,0.));
#4949=IFCDIRECTION((0.,0.,1.));
#4950=IFCCARTESIANTRANSFORMATIONOPERATOR3D(#4947,#4948,#4946,1.,#4949);
#4951=IFCMAPPEDITEM(#2086,#4950);
#4952=IFCSHAPEREPRESENTATION(#11,'Body','MappedRepresentation',(#4951));
#4953=IFCPRODUCTDEFINITIONSHAPE($,$,(#4952));
#4954=IFCBUILDINGELEMENTPART('0hh5l6vXb7WPZgROfDrf5w',$,'Ceiling 2 Wide Block 2.9',$,$,#7186,#4962,$,$);
#4955=IFCCARTESIANPOINT((0.,0.,0.));
#4956=IFCDIRECTION((1.,0.,0.));
#4957=IFCDIRECTION((0.,1.,0.));
#4958=IFCDIRECTION((0.,0.,1.));
#4959=IFCCARTESIANTRANSFORMATIONOPERATOR3D(#4956,#4957,#4955,1.,#4958);
#4960=IFCMAPPEDITEM(#2086,#4959);
#4961=IFCSHAPEREPRESENTATION(#11,'Body','MappedRepresentation',(#4960));
#4962=IFCPRODUCTDEFINITIONSHAPE($,$,(#4961));
#4963=IFCBUILDINGELEMENTPART('3wAp0OGEDEQOQOYk2RVz6P',$,'Ceiling 2 Wide Block 2.10',$,$,#7191,#4971,$,$);
#4964=IFCCARTESIANPOINT((0.,0.,0.));
#4965=IFCDIRECTION((1.,0.,0.));
#4966=IFCDIRECTION((0.,1.,0.));
#4967=IFCDIRECTION((0.,0.,1.));
#4968=IFCCARTESIANTRANSFORMATIONOPERATOR3D(#4965,#4966,#4964,1.,#4967);
#4969=IFCMAPPEDITEM(#2086,#4968);
#4970=IFCSHAPEREPRESENTATION(#11,'Body','MappedRepresentation',(#4969));
#4971=IFCPRODUCTDEFINITIONSHAPE($,$,(#4970));
#4972=IFCBUILDINGELEMENTPART('1pxFS_BSrAkRqhe0BcaMDW',$,'Ceiling 2 Wide Block 2.11',$,$,#7196,#4980,$,$);
#4973=IFCCARTESIANPOINT((0.,0.,0.));
#4974=IFCDIRECTION((1.,0.,0.));
#4975=IFCDIRECTION((0.,1.,0.));
#4976=IFCDIRECTION((0.,0.,1.));
#4977=IFCCARTESIANTRANSFORMATIONOPERATOR3D(#4974,#4975,#4973,1.,#4976);
#4978=IFCMAPPEDITEM(#2086,#4977);
#4979=IFCSHAPEREPRESENTATION(#11,'Body','MappedRepresentation',(#4978));
#4980=IFCPRODUCTDEFINITIONSHAPE($,$,(#4979));
#4981=IFCBUILDINGELEMENTPART('3N3W0P5ZrFmOqqwf8Wueac',$,'Ceiling 2 Wide Block 2.12',$,$,#7201,#4989,$,$);
#4982=IFCCARTESIANPOINT((0.,0.,0.));
#4983=IFCDIRECTION((1.,0.,0.));
#4984=IFCDIRECTION((0.,1.,0.));
#4985=IFCDIRECTION((0.,0.,1.));
#4986=IFCCARTESIANTRANSFORMATIONOPERATOR3D(#4983,#4984,#4982,1.,#4985);
#4987=IFCMAPPEDITEM(#2086,#4986);
#4988=IFCSHAPEREPRESENTATION(#11,'Body','MappedRepresentation',(#4987));
#4989=IFCPRODUCTDEFINITIONSHAPE($,$,(#4988));
#4990=IFCBUILDINGELEMENTPART('3uGvYN6M5EPAjkZBYhJoBD',$,'Ceiling 2 Wide Block 2.13',$,$,#7206,#4998,$,$);
#4991=IFCCARTESIANPOINT((0.,0.,0.));
#4992=IFCDIRECTION((1.,0.,0.));
#4993=IFCDIRECTION((0.,1.,0.));
#4994=IFCDIRECTION((0.,0.,1.));
#4995=IFCCARTESIANTRANSFORMATIONOPERATOR3D(#4992,#4993,#4991,1.,#4994);
#4996=IFCMAPPEDITEM(#2086,#4995);
#4997=IFCSHAPEREPRESENTATION(#11,'Body','MappedRepresentation',(#4996));
#4998=IFCPRODUCTDEFINITIONSHAPE($,$,(#4997));
#4999=IFCBUILDINGELEMENTPART('1u3me6nY1BkPMibd11F3RH',$,'Ceiling 2 Wide Block 2.14',$,$,#7211,#5007,$,$);
#5000=IFCCARTESIANPOINT((0.,0.,0.));
#5001=IFCDIRECTION((1.,0.,0.));
#5002=IFCDIRECTION((0.,1.,0.));
#5003=IFCDIRECTION((0.,0.,1.));
#5004=IFCCARTESIANTRANSFORMATIONOPERATOR3D(#5001,#5002,#5000,1.,#5003);
#5005=IFCMAPPEDITEM(#2086,#5004);
#5006=IFCSHAPEREPRESENTATION(#11,'Body','MappedRepresentation',(#5005));
#5007=IFCPRODUCTDEFINITIONSHAPE($,$,(#5006));
#5008=IFCBUILDINGELEMENTPART('2zSEpUrz11VAR7W9MxlMDn',$,'Ceiling 2 Wide Block 2.15',$,$,#7216,#5016,$,$);
#5009=IFCCARTESIANPOINT((0.,0.,0.));
#5010=IFCDIRECTION((1.,0.,0.));
#5011=IFCDIRECTION((0.,1.,0.));
#5012=IFCDIRECTION((0.,0.,1.));
#5013=IFCCARTESIANTRANSFORMATIONOPERATOR3D(#5010,#5011,#5009,1.,#5012);
#5014=IFCMAPPEDITEM(#2086,#5013);
#5015=IFCSHAPEREPRESENTATION(#11,'Body','MappedRepresentation',(#5014));
#5016=IFCPRODUCTDEFINITIONSHAPE($,$,(#5015));
#5017=IFCBUILDINGELEMENTPART('0gx6$OKLTAt84BajccWXM2',$,'Ceiling 2 Wide Block 2.16',$,$,#7221,#5025,$,$);
#5018=IFCCARTESIANPOINT((0.,0.,0.));
#5019=IFCDIRECTION((1.,0.,0.));
#5020=IFCDIRECTION((0.,1.,0.));
#5021=IFCDIRECTION((0.,0.,1.));
#5022=IFCCARTESIANTRANSFORMATIONOPERATOR3D(#5019,#5020,#5018,1.,#5021);
#5023=IFCMAPPEDITEM(#2086,#5022);
#5024=IFCSHAPEREPRESENTATION(#11,'Body','MappedRepresentation',(#5023));
#5025=IFCPRODUCTDEFINITIONSHAPE($,$,(#5024));
#5026=IFCBUILDINGELEMENTPART('01OmF0EJTB6hfa0RHVlRB1',$,'Ceiling 2 Wide Block 2.17',$,$,#7226,#5034,$,$);
#5027=IFCCARTESIANPOINT((0.,0.,0.));
#5028=IFCDIRECTION((1.,0.,0.));
#5029=IFCDIRECTION((0.,1.,0.));
#5030=IFCDIRECTION((0.,0.,1.));
#5031=IFCCARTESIANTRANSFORMATIONOPERATOR3D(#5028,#5029,#5027,1.,#5030);
#5032=IFCMAPPEDITEM(#2086,#5031);
#5033=IFCSHAPEREPRESENTATION(#11,'Body','MappedRepresentation',(#5032));
#5034=IFCPRODUCTDEFINITIONSHAPE($,$,(#5033));
#5035=IFCBUILDINGELEMENTPART('0VoI7l0IL4OORr7LWwX_DZ',$,'Ceiling 2 Wide Block 2.18',$,$,#7231,#5043,$,$);
#5036=IFCCARTESIANPOINT((0.,0.,0.));
#5037=IFCDIRECTION((1.,0.,0.));
#5038=IFCDIRECTION((0.,1.,0.));
#5039=IFCDIRECTION((0.,0.,1.));
#5040=IFCCARTESIANTRANSFORMATIONOPERATOR3D(#5037,#5038,#5036,1.,#5039);
#5041=IFCMAPPEDITEM(#2086,#5040);
#5042=IFCSHAPEREPRESENTATION(#11,'Body','MappedRepresentation',(#5041));
#5043=IFCPRODUCTDEFINITIONSHAPE($,$,(#5042));
#5044=IFCBUILDINGELEMENTPART('2FuL56ua10cPUV1TY9K2IT',$,'Ceiling 2 Wide Block 2.19',$,$,#7236,#5052,$,$);
#5045=IFCCARTESIANPOINT((0.,0.,0.));
#5046=IFCDIRECTION((1.,0.,0.));
#5047=IFCDIRECTION((0.,1.,0.));
#5048=IFCDIRECTION((0.,0.,1.));
#5049=IFCCARTESIANTRANSFORMATIONOPERATOR3D(#5046,#5047,#5045,1.,#5048);
#5050=IFCMAPPEDITEM(#2086,#5049);
#5051=IFCSHAPEREPRESENTATION(#11,'Body','MappedRepresentation',(#5050));
#5052=IFCPRODUCTDEFINITIONSHAPE($,$,(#5051));
#5053=IFCBEAM('3xZKvgnwj5Sh4hykxZgwoM',$,'Ceiling 2 Beam 2',$,$,#7241,#5061,$,$);
#5054=IFCCARTESIANPOINT((0.,0.,0.));
#5055=IFCDIRECTION((1.,0.,0.));
#5056=IFCDIRECTION((0.,1.,0.));
#5057=IFCDIRECTION((0.,0.,1.));
#5058=IFCCARTESIANTRANSFORMATIONOPERATOR3D(#5055,#5056,#5054,1.,#5057);
#5059=IFCMAPPEDITEM(#4872,#5058);
#5060=IFCSHAPEREPRESENTATION(#11,'Body','MappedRepresentation',(#5059));
#5061=IFCPRODUCTDEFINITIONSHAPE($,$,(#5060));
#5062=IFCBUILDINGELEMENTPART('3IFCR$0yD3tOZ94PJiL91X',$,'Ceiling 2 Wide Block 3.1',$,$,#7246,#5070,$,$);
#5063=IFCCARTESIANPOINT((0.,0.,0.));
#5064=IFCDIRECTION((1.,0.,0.));
#5065=IFCDIRECTION((0.,1.,0.));
#5066=IFCDIRECTION((0.,0.,1.));
#5067=IFCCARTESIANTRANSFORMATIONOPERATOR3D(#5064,#5065,#5063,1.,#5066);
#5068=IFCMAPPEDITEM(#2086,#5067);
#5069=IFCSHAPEREPRESENTATION(#11,'Body','MappedRepresentation',(#5068));
#5070=IFCPRODUCTDEFINITIONSHAPE($,$,(#5069));
#5071=IFCBUILDINGELEMENTPART('3JIMjVDGP9xBut6s0F8DJy',$,'Ceiling 2 Wide Block 3.2',$,$,#7251,#5079,$,$);
#5072=IFCCARTESIANPOINT((0.,0.,0.));
#5073=IFCDIRECTION((1.,0.,0.));
#5074=IFCDIRECTION((0.,1.,0.));
#5075=IFCDIRECTION((0.,0.,1.));
#5076=IFCCARTESIANTRANSFORMATIONOPERATOR3D(#5073,#5074,#5072,1.,#5075);
#5077=IFCMAPPEDITEM(#2086,#5076);
#5078=IFCSHAPEREPRESENTATION(#11,'Body','MappedRepresentation',(#5077));
#5079=IFCPRODUCTDEFINITIONSHAPE($,$,(#5078));
#5080=IFCBUILDINGELEMENTPART('1Nwl073sT6lgd5qBkBo8R5',$,'Ceiling 2 Wide Block 3.3',$,$,#7256,#5088,$,$);
#5081=IFCCARTESIANPOINT((0.,0.,0.));
#5082=IFCDIRECTION((1.,0.,0.));
#5083=IFCDIRECTION((0.,1.,0.));
#5084=IFCDIRECTION((0.,0.,1.));
#5085=IFCCARTESIANTRANSFORMATIONOPERATOR3D(#5082,#5083,#5081,1.,#5084);
#5086=IFCMAPPEDITEM(#2086,#5085);
#5087=IFCSHAPEREPRESENTATION(#11,'Body','MappedRepresentation',(#5086));
#5088=IFCPRODUCTDEFINITIONSHAPE($,$,(#5087));
#5089=IFCBUILDINGELEMENTPART('2EiEjM1Er5YQqWakZoz1Rm',$,'Ceiling 2 Wide Block 3.4',$,$,#7261,#5097,$,$);
#5090=IFCCARTESIANPOINT((0.,0.,0.));
#5091=IFCDIRECTION((1.,0.,0.));
#5092=IFCDIRECTION((0.,1.,0.));
#5093=IFCDIRECTION((0.,0.,1.));
#5094=IFCCARTESIANTRANSFORMATIONOPERATOR3D(#5091,#5092,#5090,1.,#5093);
#5095=IFCMAPPEDITEM(#2086,#5094);
#5096=IFCSHAPEREPRESENTATION(#11,'Body','MappedRepresentation',(#5095));
#5097=IFCPRODUCTDEFINITIONSHAPE($,$,(#5096));
#5098=IFCBUILDINGELEMENTPART('2trGEqHs155PQxhgl3WVwU',$,'Ceiling 2 Wide Block 3.5',$,$,#7266,#5106,$,$);
#5099=IFCCARTESIANPOINT((0.,0.,0.));
#5100=IFCDIRECTION((1.,0.,0.));
#5101=IFCDIRECTION((0.,1.,0.));
#5102=IFCDIRECTION((0.,0.,1.));
#5103=IFCCARTESIANTRANSFORMATIONOPERATOR3D(#5100,#5101,#5099,1.,#5102);
#5104=IFCMAPPEDITEM(#2086,#5103);
#5105=IFCSHAPEREPRESENTATION(#11,'Body','MappedRepresentation',(#5104));
#5106=IFCPRODUCTDEFINITIONSHAPE($,$,(#5105));
#5107=IFCBUILDINGELEMENTPART('0vYrrcTz55OfGOnJCfUmdH',$,'Ceiling 2 Wide Block 3.6',$,$,#7271,#5115,$,$);
#5108=IFCCARTESIANPOINT((0.,0.,0.));
#5109=IFCDIRECTION((1.,0.,0.));
#5110=IFCDIRECTION((0.,1.,0.));
#5111=IFCDIRECTION((0.,0.,1.));
#5112=IFCCARTESIANTRANSFORMATIONOPERATOR3D(#5109,#5110,#5108,1.,#5111);
#5113=IFCMAPPEDITEM(#2086,#5112);
#5114=IFCSHAPEREPRESENTATION(#11,'Body','MappedRepresentation',(#5113));
#5115=IFCPRODUCTDEFINITIONSHAPE($,$,(#5114));
#5116=IFCBUILDINGELEMENTPART('2tCSV37KT7luaG$0xY3htR',$,'Ceiling 2 Wide Block 3.7',$,$,#7276,#5124,$,$);
#5117=IFCCARTESIANPOINT((0.,0.,0.));
#5118=IFCDIRECTION((1.,0.,0.));
#5119=IFCDIRECTION((0.,1.,0.));
#5120=IFCDIRECTION((0.,0.,1.));
#5121=IFCCARTESIANTRANSFORMATIONOPERATOR3D(#5118,#5119,#5117,1.,#5120);
#5122=IFCMAPPEDITEM(#2086,#5121);
#5123=IFCSHAPEREPRESENTATION(#11,'Body','MappedRepresentation',(#5122));
#5124=IFCPRODUCTDEFINITIONSHAPE($,$,(#5123));
#5125=IFCBUILDINGELEMENTPART('1YxMbRAk1678IaSl_oDfWR',$,'Ceiling 2 Wide Block 3.8',$,$,#7281,#5133,$,$);
#5126=IFCCARTESIANPOINT((0.,0.,0.));
#5127=IFCDIRECTION((1.,0.,0.));
#5128=IFCDIRECTION((0.,1.,0.));
#5129=IFCDIRECTION((0.,0.,1.));
#5130=IFCCARTESIANTRANSFORMATIONOPERATOR3D(#5127,#5128,#5126,1.,#5129);
#5131=IFCMAPPEDITEM(#2086,#5130);
#5132=IFCSHAPEREPRESENTATION(#11,'Body','MappedRepresentation',(#5131));
#5133=IFCPRODUCTDEFINITIONSHAPE($,$,(#5132));
#5134=IFCBUILDINGELEMENTPART('3Xi4h3ZYTDmOvwO0DmjNUb',$,'Ceiling 2 Wide Block 3.9',$,$,#7286,#5142,$,$);
#5135=IFCCARTESIANPOINT((0.,0.,0.));
#5136=IFCDIRECTION((1.,0.,0.));
#5137=IFCDIRECTION((0.,1.,0.));
#5138=IFCDIRECTION((0.,0.,1.));
#5139=IFCCARTESIANTRANSFORMATIONOPERATOR3D(#5136,#5137,#5135,1.,#5138);
#5140=IFCMAPPEDITEM(#2086,#5139);
#5141=IFCSHAPEREPRESENTATION(#11,'Body','MappedRepresentation',(#5140));
#5142=IFCPRODUCTDEFINITIONSHAPE($,$,(#5141));
#5143=IFCBUILDINGELEMENTPART('3AwoMPiYP6Mx1DBTHH0SVA',$,'Ceiling 2 Wide Block 3.10',$,$,#7291,#5151,$,$);
#5144=IFCCARTESIANPOINT((0.,0.,0.));
#5145=IFCDIRECTION((1.,0.,0.));
#5146=IFCDIRECTION((0.,1.,0.));
#5147=IFCDIRECTION((0.,0.,1.));
#5148=IFCCARTESIANTRANSFORMATIONOPERATOR3D(#5145,#5146,#5144,1.,#5147);
#5149=IFCMAPPEDITEM(#2086,#5148);
#5150=IFCSHAPEREPRESENTATION(#11,'Body','MappedRepresentation',(#5149));
#5151=IFCPRODUCTDEFINITIONSHAPE($,$,(#5150));
#5152=IFCBUILDINGELEMENTPART('0bh6qI4MLAk9db8784A9j2',$,'Ceiling 2 Wide Block 3.11',$,$,#7296,#5160,$,$);
#5153=IFCCARTESIANPOINT((0.,0.,0.));
#5154=IFCDIRECTION((1.,0.,0.));
#5155=IFCDIRECTION((0.,1.,0.));
#5156=IFCDIRECTION((0.,0.,1.));
#5157=IFCCARTESIANTRANSFORMATIONOPERATOR3D(#5154,#5155,#5153,1.,#5156);
#5158=IFCMAPPEDITEM(#2086,#5157);
#5159=IFCSHAPEREPRESENTATION(#11,'Body','MappedRepresentation',(#5158));
#5160=IFCPRODUCTDEFINITIONSHAPE($,$,(#5159));
#5161=IFCBUILDINGELEMENTPART('0c33JEASfCnQm9EEKAInEj',$,'Ceiling 2 Wide Block 3.12',$,$,#7301,#5169,$,$);
#5162=IFCCARTESIANPOINT((0.,0.,0.));
#5163=IFCDIRECTION((1.,0.,0.));
#5164=IFCDIRECTION((0.,1.,0.));
#5165=IFCDIRECTION((0.,0.,1.));
#5166=IFCCARTESIANTRANSFORMATIONOPERATOR3D(#5163,#5164,#5162,1.,#5165);
#5167=IFCMAPPEDITEM(#2086,#5166);
#5168=IFCSHAPEREPRESENTATION(#11,'Body','MappedRepresentation',(#5167));
#5169=IFCPRODUCTDEFINITIONSHAPE($,$,(#5168));
#5170=IFCBUILDINGELEMENTPART('1QuxzLeLj9Zg6xIQXLmSVB',$,'Ceiling 2 Wide Block 3.13',$,$,#7306,#5178,$,$);
#5171=IFCCARTESIANPOINT((0.,0.,0.));
#5172=IFCDIRECTION((1.,0.,0.));
#5173=IFCDIRECTION((0.,1.,0.));
#5174=IFCDIRECTION((0.,0.,1.));
#5175=IFCCARTESIANTRANSFORMATIONOPERATOR3D(#5172,#5173,#5171,1.,#5174);
#5176=IFCMAPPEDITEM(#2086,#5175);
#5177=IFCSHAPEREPRESENTATION(#11,'Body','MappedRepresentation',(#5176));
#5178=IFCPRODUCTDEFINITIONSHAPE($,$,(#5177));
#5179=IFCBUILDINGELEMENTPART('3CrDiLNTHCMfgaf$TWT7Oh',$,'Ceiling 2 Wide Block 3.14',$,$,#7311,#5187,$,$);
#5180=IFCCARTESIANPOINT((0.,0.,0.));
#5181=IFCDIRECTION((1.,0.,0.));
#5182=IFCDIRECTION((0.,1.,0.));
#5183=IFCDIRECTION((0.,0.,1.));
#5184=IFCCARTESIANTRANSFORMATIONOPERATOR3D(#5181,#5182,#5180,1.,#5183);
#5185=IFCMAPPEDITEM(#2086,#5184);
#5186=IFCSHAPEREPRESENTATION(#11,'Body','MappedRepresentation',(#5185));
#5187=IFCPRODUCTDEFINITIONSHAPE($,$,(#5186));
#5188=IFCBUILDINGELEMENTPART('07WeFswW1A7BSImz$NLHN3',$,'Ceiling 2 Wide Block 3.15',$,$,#7316,#5196,$,$);
#5189=IFCCARTESIANPOINT((0.,0.,0.));
#5190=IFCDIRECTION((1.,0.,0.));
#5191=IFCDIRECTION((0.,1.,0.));
#5192=IFCDIRECTION((0.,0.,1.));
#5193=IFCCARTESIANTRANSFORMATIONOPERATOR3D(#5190,#5191,#5189,1.,#5192);
#5194=IFCMAPPEDITEM(#2086,#5193);
#5195=IFCSHAPEREPRESENTATION(#11,'Body','MappedRepresentation',(#5194));
#5196=IFCPRODUCTDEFINITIONSHAPE($,$,(#5195));
#5197=IFCBUILDINGELEMENTPART('3QBYnwjcTFCe_Z0iEjCxch',$,'Ceiling 2 Wide Block 3.16',$,$,#7321,#5205,$,$);
#5198=IFCCARTESIANPOINT((0.,0.,0.));
#5199=IFCDIRECTION((1.,0.,0.));
#5200=IFCDIRECTION((0.,1.,0.));
#5201=IFCDIRECTION((0.,0.,1.));
#5202=IFCCARTESIANTRANSFORMATIONOPERATOR3D(#5199,#5200,#5198,1.,#5201);
#5203=IFCMAPPEDITEM(#2086,#5202);
#5204=IFCSHAPEREPRESENTATION(#11,'Body','MappedRepresentation',(#5203));
#5205=IFCPRODUCTDEFINITIONSHAPE($,$,(#5204));
#5206=IFCBUILDINGELEMENTPART('2mLWI1IZv0ZP16arWaM0fu',$,'Ceiling 2 Wide Block 3.17',$,$,#7326,#5214,$,$);
#5207=IFCCARTESIANPOINT((0.,0.,0.));
#5208=IFCDIRECTION((1.,0.,0.));
#5209=IFCDIRECTION((0.,1.,0.));
#5210=IFCDIRECTION((0.,0.,1.));
#5211=IFCCARTESIANTRANSFORMATIONOPERATOR3D(#5208,#5209,#5207,1.,#5210);
#5212=IFCMAPPEDITEM(#2086,#5211);
#5213=IFCSHAPEREPRESENTATION(#11,'Body','MappedRepresentation',(#5212));
#5214=IFCPRODUCTDEFINITIONSHAPE($,$,(#5213));
#5215=IFCBUILDINGELEMENTPART('0FEcJvq5TCZuzDIcW0jNRl',$,'Ceiling 2 Wide Block 3.18',$,$,#7331,#5223,$,$);
#5216=IFCCARTESIANPOINT((0.,0.,0.));
#5217=IFCDIRECTION((1.,0.,0.));
#5218=IFCDIRECTION((0.,1.,0.));
#5219=IFCDIRECTION((0.,0.,1.));
#5220=IFCCARTESIANTRANSFORMATIONOPERATOR3D(#5217,#5218,#5216,1.,#5219);
#5221=IFCMAPPEDITEM(#2086,#5220);
#5222=IFCSHAPEREPRESENTATION(#11,'Body','MappedRepresentation',(#5221));
#5223=IFCPRODUCTDEFINITIONSHAPE($,$,(#5222));
#5224=IFCBUILDINGELEMENTPART('0SEJig7lL57Qd2g$yjH_d7',$,'Ceiling 2 Wide Block 3.19',$,$,#7336,#5232,$,$);
#5225=IFCCARTESIANPOINT((0.,0.,0.));
#5226=IFCDIRECTION((1.,0.,0.));
#5227=IFCDIRECTION((0.,1.,0.));
#5228=IFCDIRECTION((0.,0.,1.));
#5229=IFCCARTESIANTRANSFORMATIONOPERATOR3D(#5226,#5227,#5225,1.,#5228);
#5230=IFCMAPPEDITEM(#2086,#5229);
#5231=IFCSHAPEREPRESENTATION(#11,'Body','MappedRepresentation',(#5230));
#5232=IFCPRODUCTDEFINITIONSHAPE($,$,(#5231));
#5233=IFCBEAM('1XMR$pkHH2R8V31yUDHAht',$,'Ceiling 2 Beam 3',$,$,#7341,#5241,$,$);
#5234=IFCCARTESIANPOINT((0.,0.,0.));
#5235=IFCDIRECTION((1.,0.,0.));
#5236=IFCDIRECTION((0.,1.,0.));
#5237=IFCDIRECTION((0.,0.,1.));
#5238=IFCCARTESIANTRANSFORMATIONOPERATOR3D(#5235,#5236,#5234,1.,#5237);
#5239=IFCMAPPEDITEM(#4872,#5238);
#5240=IFCSHAPEREPRESENTATION(#11,'Body','MappedRepresentation',(#5239));
#5241=IFCPRODUCTDEFINITIONSHAPE($,$,(#5240));
#5242=IFCBUILDINGELEMENTPART('14it_1Zcv4DugrE4hLC$cK',$,'Ceiling 2 Wide Block 4.1',$,$,#7346,#5250,$,$);
#5243=IFCCARTESIANPOINT((0.,0.,0.));
#5244=IFCDIRECTION((1.,0.,0.));
#5245=IFCDIRECTION((0.,1.,0.));
#5246=IFCDIRECTION((0.,0.,1.));
#5247=IFCCARTESIANTRANSFORMATIONOPERATOR3D(#5244,#5245,#5243,1.,#5246);
#5248=IFCMAPPEDITEM(#2086,#5247);
#5249=IFCSHAPEREPRESENTATION(#11,'Body','MappedRepresentation',(#5248));
#5250=IFCPRODUCTDEFINITIONSHAPE($,$,(#5249));
#5251=IFCBUILDINGELEMENTPART('3AbJkHYG92w9ZZRSJQfT3r',$,'Ceiling 2 Wide Block 4.2',$,$,#7351,#5259,$,$);
#5252=IFCCARTESIANPOINT((0.,0.,0.));
#5253=IFCDIRECTION((1.,0.,0.));
#5254=IFCDIRECTION((0.,1.,0.));
#5255=IFCDIRECTION((0.,0.,1.));
#5256=IFCCARTESIANTRANSFORMATIONOPERATOR3D(#5253,#5254,#5252,1.,#5255);
#5257=IFCMAPPEDITEM(#2086,#5256);
#5258=IFCSHAPEREPRESENTATION(#11,'Body','MappedRepresentation',(#5257));
#5259=IFCPRODUCTDEFINITIONSHAPE($,$,(#5258));
#5260=IFCBUILDINGELEMENTPART('0MgzAW1e14C8_okuxFY1jw',$,'Ceiling 2 Wide Block 4.3',$,$,#7356,#5268,$,$);
#5261=IFCCARTESIANPOINT((0.,0.,0.));
#5262=IFCDIRECTION((1.,0.,0.));
#5263=IFCDIRECTION((0.,1.,0.));
#5264=IFCDIRECTION((0.,0.,1.));
#5265=IFCCARTESIANTRANSFORMATIONOPERATOR3D(#5262,#5263,#5261,1.,#5264);
#5266=IFCMAPPEDITEM(#2086,#5265);
#5267=IFCSHAPEREPRESENTATION(#11,'Body','MappedRepresentation',(#5266));
#5268=IFCPRODUCTDEFINITIONSHAPE($,$,(#5267));
#5269=IFCBUILDINGELEMENTPART('12pZoxODT8gBAXF_7S$Icc',$,'Ceiling 2 Wide Block 4.4',$,$,#7361,#5277,$,$);
#5270=IFCCARTESIANPOINT((0.,0.,0.));
#5271=IFCDIRECTION((1.,0.,0.));
#5272=IFCDIRECTION((0.,1.,0.));
#5273=IFCDIRECTION((0.,0.,1.));
#5274=IFCCARTESIANTRANSFORMATIONOPERATOR3D(#5271,#5272,#5270,1.,#5273);
#5275=IFCMAPPEDITEM(#2086,#5274);
#5276=IFCSHAPEREPRESENTATION(#11,'Body','MappedRepresentation',(#5275));
#5277=IFCPRODUCTDEFINITIONSHAPE($,$,(#5276));
#5278=IFCBUILDINGELEMENTPART('18ZghgDjf5ywskk7S4f6Y5',$,'Ceiling 2 Wide Block 4.5',$,$,#7366,#5286,$,$);
#5279=IFCCARTESIANPOINT((0.,0.,0.));
#5280=IFCDIRECTION((1.,0.,0.));
#5281=IFCDIRECTION((0.,1.,0.));
#5282=IFCDIRECTION((0.,0.,1.));
#5283=IFCCARTESIANTRANSFORMATIONOPERATOR3D(#5280,#5281,#5279,1.,#5282);
#5284=IFCMAPPEDITEM(#2086,#5283);
#5285=IFCSHAPEREPRESENTATION(#11,'Body','MappedRepresentation',(#5284));
#5286=IFCPRODUCTDEFINITIONSHAPE($,$,(#5285));
#5287=IFCBUILDINGELEMENTPART('1Dx98w6NP7rQW2bSgc9IoD',$,'Ceiling 2 Wide Block 4.6',$,$,#7371,#5295,$,$);
#5288=IFCCARTESIANPOINT((0.,0.,0.));
#5289=IFCDIRECTION((1.,0.,0.));
#5290=IFCDIRECTION((0.,1.,0.));
#5291=IFCDIRECTION((0.,0.,1.));
#5292=IFCCARTESIANTRANSFORMATIONOPERATOR3D(#5289,#5290,#5288,1.,#5291);
#5293=IFCMAPPEDITEM(#2086,#5292);
#5294=IFCSHAPEREPRESENTATION(#11,'Body','MappedRepresentation',(#5293));
#5295=IFCPRODUCTDEFINITIONSHAPE($,$,(#5294));
#5296=IFCBUILDINGELEMENTPART('1THIeuQX9DxeI45c1oPJ5A',$,'Ceiling 2 Wide Block 4.7',$,$,#7376,#5304,$,$);
#5297=IFCCARTESIANPOINT((0.,0.,0.));
#5298=IFCDIRECTION((1.,0.,0.));
#5299=IFCDIRECTION((0.,1.,0.));
#5300=IFCDIRECTION((0.,0.,1.));
#5301=IFCCARTESIANTRANSFORMATIONOPERATOR3D(#5298,#5299,#5297,1.,#5300);
#5302=IFCMAPPEDITEM(#2086,#5301);
#5303=IFCSHAPEREPRESENTATION(#11,'Body','MappedRepresentation',(#5302));
#5304=IFCPRODUCTDEFINITIONSHAPE($,$,(#5303));
#5305=IFCBUILDINGELEMENTPART('2DMOYaP8z1W9sv6NV0RzKl',$,'Ceiling 2 Wide Block 4.8',$,$,#7381,#5313,$,$);
#5306=IFCCARTESIANPOINT((0.,0.,0.));
#5307=IFCDIRECTION((1.,0.,0.));
#5308=IFCDIRECTION((0.,1.,0.));
#5309=IFCDIRECTION((0.,0.,1.));
#5310=IFCCARTESIANTRANSFORMATIONOPERATOR3D(#5307,#5308,#5306,1.,#5309);
#5311=IFCMAPPEDITEM(#2086,#5310);
#5312=IFCSHAPEREPRESENTATION(#11,'Body','MappedRepresentation',(#5311));
#5313=IFCPRODUCTDEFINITIONSHAPE($,$,(#5312));
#5314=IFCBUILDINGELEMENTPART('0qi6WtrcXFxe3axXo_zIHw',$,'Ceiling 2 Wide Block 4.9',$,$,#7386,#5322,$,$);
#5315=IFCCARTESIANPOINT((0.,0.,0.));
#5316=IFCDIRECTION((1.,0.,0.));
#5317=IFCDIRECTION((0.,1.,0.));
#5318=IFCDIRECTION((0.,0.,1.));
#5319=IFCCARTESIANTRANSFORMATIONOPERATOR3D(#5316,#5317,#5315,1.,#5318);
#5320=IFCMAPPEDITEM(#2086,#5319);
#5321=IFCSHAPEREPRESENTATION(#11,'Body','MappedRepresentation',(#5320));
#5322=IFCPRODUCTDEFINITIONSHAPE($,$,(#5321));
#5323=IFCBUILDINGELEMENTPART('0JPt0YnLv84O38SdM4qTj6',$,'Ceiling 2 Wide Block 4.10',$,$,#7391,#5331,$,$);
#5324=IFCCARTESIANPOINT((0.,0.,0.));
#5325=IFCDIRECTION((1.,0.,0.));
#5326=IFCDIRECTION((0.,1.,0.));
#5327=IFCDIRECTION((0.,0.,1.));
#5328=IFCCARTESIANTRANSFORMATIONOPERATOR3D(#5325,#5326,#5324,1.,#5327);
#5329=IFCMAPPEDITEM(#2086,#5328);
#5330=IFCSHAPEREPRESENTATION(#11,'Body','MappedRepresentation',(#5329));
#5331=IFCPRODUCTDEFINITIONSHAPE($,$,(#5330));
#5332=IFCBUILDINGELEMENTPART('39E4Lm9KvFSu_XltsEazX2',$,'Ceiling 2 Wide Block 4.11',$,$,#7396,#5340,$,$);
#5333=IFCCARTESIANPOINT((0.,0.,0.));
#5334=IFCDIRECTION((1.,0.,0.));
#5335=IFCDIRECTION((0.,1.,0.));
#5336=IFCDIRECTION((0.,0.,1.));
#5337=IFCCARTESIANTRANSFORMATIONOPERATOR3D(#5334,#5335,#5333,1.,#5336);
#5338=IFCMAPPEDITEM(#2086,#5337);
#5339=IFCSHAPEREPRESENTATION(#11,'Body','MappedRepresentation',(#5338));
#5340=IFCPRODUCTDEFINITIONSHAPE($,$,(#5339));
#5341=IFCBUILDINGELEMENTPART('3A1V5h6h5EsRWuZ0heLSt5',$,'Ceiling 2 Wide Block 4.12',$,$,#7401,#5349,$,$);
#5342=IFCCARTESIANPOINT((0.,0.,0.));
#5343=IFCDIRECTION((1.,0.,0.));
#5344=IFCDIRECTION((0.,1.,0.));
#5345=IFCDIRECTION((0.,0.,1.));
#5346=IFCCARTESIANTRANSFORMATIONOPERATOR3D(#5343,#5344,#5342,1.,#5345);
#5347=IFCMAPPEDITEM(#2086,#5346);
#5348=IFCSHAPEREPRESENTATION(#11,'Body','MappedRepresentation',(#5347));
#5349=IFCPRODUCTDEFINITIONSHAPE($,$,(#5348));
#5350=IFCBUILDINGELEMENTPART('0ueDfOLYfCWQSCxbMF3sEL',$,'Ceiling 2 Wide Block 4.13',$,$,#7406,#5358,$,$);
#5351=IFCCARTESIANPOINT((0.,0.,0.));
#5352=IFCDIRECTION((1.,0.,0.));
#5353=IFCDIRECTION((0.,1.,0.));
#5354=IFCDIRECTION((0.,0.,1.));
#5355=IFCCARTESIANTRANSFORMATIONOPERATOR3D(#5352,#5353,#5351,1.,#5354);
#5356=IFCMAPPEDITEM(#2086,#5355);
#5357=IFCSHAPEREPRESENTATION(#11,'Body','MappedRepresentation',(#5356));
#5358=IFCPRODUCTDEFINITIONSHAPE($,$,(#5357));
#5359=IFCBUILDINGELEMENTPART('3Z5iZZ9DP2GQEbn5Q6g2ky',$,'Ceiling 2 Wide Block 4.14',$,$,#7411,#5367,$,$);
#5360=IFCCARTESIANPOINT((0.,0.,0.));
#5361=IFCDIRECTION((1.,0.,0.));
#5362=IFCDIRECTION((0.,1.,0.));
#5363=IFCDIRECTION((0.,0.,1.));
#5364=IFCCARTESIANTRANSFORMATIONOPERATOR3D(#5361,#5362,#5360,1.,#5363);
#5365=IFCMAPPEDITEM(#2086,#5364);
#5366=IFCSHAPEREPRESENTATION(#11,'Body','MappedRepresentation',(#5365));
#5367=IFCPRODUCTDEFINITIONSHAPE($,$,(#5366));
#5368=IFCBUILDINGELEMENTPART('0Zhp_HkgH4OAmaAakoodSS',$,'Ceiling 2 Wide Block 4.15',$,$,#7416,#5376,$,$);
#5369=IFCCARTESIANPOINT((0.,0.,0.));
#5370=IFCDIRECTION((1.,0.,0.));
#5371=IFCDIRECTION((0.,1.,0.));
#5372=IFCDIRECTION((0.,0.,1.));
#5373=IFCCARTESIANTRANSFORMATIONOPERATOR3D(#5370,#5371,#5369,1.,#5372);
#5374=IFCMAPPEDITEM(#2086,#5373);
#5375=IFCSHAPEREPRESENTATION(#11,'Body','MappedRepresentation',(#5374));
#5376=IFCPRODUCTDEFINITIONSHAPE($,$,(#5375));
#5377=IFCBUILDINGELEMENTPART('29pccmKE53cBsyY$UVg9hl',$,'Ceiling 2 Wide Block 4.16',$,$,#7421,#5385,$,$);
#5378=IFCCARTESIANPOINT((0.,0.,0.));
#5379=IFCDIRECTION((1.,0.,0.));
#5380=IFCDIRECTION((0.,1.,0.));
#5381=IFCDIRECTION((0.,0.,1.));
#5382=IFCCARTESIANTRANSFORMATIONOPERATOR3D(#5379,#5380,#5378,1.,#5381);
#5383=IFCMAPPEDITEM(#2086,#5382);
#5384=IFCSHAPEREPRESENTATION(#11,'Body','MappedRepresentation',(#5383));
#5385=IFCPRODUCTDEFINITIONSHAPE($,$,(#5384));
#5386=IFCBUILDINGELEMENTPART('0Im19$Hw9BTQZkt66I$K4L',$,'Ceiling 2 Wide Block 4.17',$,$,#7426,#5394,$,$);
#5387=IFCCARTESIANPOINT((0.,0.,0.));
#5388=IFCDIRECTION((1.,0.,0.));
#5389=IFCDIRECTION((0.,1.,0.));
#5390=IFCDIRECTION((0.,0.,1.));
#5391=IFCCARTESIANTRANSFORMATIONOPERATOR3D(#5388,#5389,#5387,1.,#5390);
#5392=IFCMAPPEDITEM(#2086,#5391);
#5393=IFCSHAPEREPRESENTATION(#11,'Body','MappedRepresentation',(#5392));
#5394=IFCPRODUCTDEFINITIONSHAPE($,$,(#5393));
#5395=IFCBUILDINGELEMENTPART('29Y3swotD63u0pQZIS9IHH',$,'Ceiling 2 Wide Block 4.18',$,$,#7431,#5403,$,$);
#5396=IFCCARTESIANPOINT((0.,0.,0.));
#5397=IFCDIRECTION((1.,0.,0.));
#5398=IFCDIRECTION((0.,1.,0.));
#5399=IFCDIRECTION((0.,0.,1.));
#5400=IFCCARTESIANTRANSFORMATIONOPERATOR3D(#5397,#5398,#5396,1.,#5399);
#5401=IFCMAPPEDITEM(#2086,#5400);
#5402=IFCSHAPEREPRESENTATION(#11,'Body','MappedRepresentation',(#5401));
#5403=IFCPRODUCTDEFINITIONSHAPE($,$,(#5402));
#5404=IFCBUILDINGELEMENTPART('2VCpWtYpH1beKYRXzi$b$V',$,'Ceiling 2 Wide Block 4.19',$,$,#7436,#5412,$,$);
#5405=IFCCARTESIANPOINT((0.,0.,0.));
#5406=IFCDIRECTION((1.,0.,0.));
#5407=IFCDIRECTION((0.,1.,0.));
#5408=IFCDIRECTION((0.,0.,1.));
#5409=IFCCARTESIANTRANSFORMATIONOPERATOR3D(#5406,#5407,#5405,1.,#5408);
#5410=IFCMAPPEDITEM(#2086,#5409);
#5411=IFCSHAPEREPRESENTATION(#11,'Body','MappedRepresentation',(#5410));
#5412=IFCPRODUCTDEFINITIONSHAPE($,$,(#5411));
#5413=IFCBEAM('3Sh2lonIv9SAxx51tWnaHg',$,'Ceiling 2 Beam 4',$,$,#7441,#5421,$,$);
#5414=IFCCARTESIANPOINT((0.,0.,0.));
#5415=IFCDIRECTION((1.,0.,0.));
#5416=IFCDIRECTION((0.,1.,0.));
#5417=IFCDIRECTION((0.,0.,1.));
#5418=IFCCARTESIANTRANSFORMATIONOPERATOR3D(#5415,#5416,#5414,1.,#5417);
#5419=IFCMAPPEDITEM(#4872,#5418);
#5420=IFCSHAPEREPRESENTATION(#11,'Body','MappedRepresentation',(#5419));
#5421=IFCPRODUCTDEFINITIONSHAPE($,$,(#5420));
#5422=IFCBUILDINGELEMENTPART('3LYv1wuLTDUeZG62htzYqz',$,'Ceiling 2 Wide Block 5.1',$,$,#7446,#5430,$,$);
#5423=IFCCARTESIANPOINT((0.,0.,0.));
#5424=IFCDIRECTION((1.,0.,0.));
#5425=IFCDIRECTION((0.,1.,0.));
#5426=IFCDIRECTION((0.,0.,1.));
#5427=IFCCARTESIANTRANSFORMATIONOPERATOR3D(#5424,#5425,#5423,1.,#5426);
#5428=IFCMAPPEDITEM(#2086,#5427);
#5429=IFCSHAPEREPRESENTATION(#11,'Body','MappedRepresentation',(#5428));
#5430=IFCPRODUCTDEFINITIONSHAPE($,$,(#5429));
#5431=IFCBUILDINGELEMENTPART('1OunFeSbnBAO3fbbnktOon',$,'Ceiling 2 Wide Block 5.2',$,$,#7451,#5439,$,$);
#5432=IFCCARTESIANPOINT((0.,0.,0.));
#5433=IFCDIRECTION((1.,0.,0.));
#5434=IFCDIRECTION((0.,1.,0.));
#5435=IFCDIRECTION((0.,0.,1.));
#5436=IFCCARTESIANTRANSFORMATIONOPERATOR3D(#5433,#5434,#5432,1.,#5435);
#5437=IFCMAPPEDITEM(#2086,#5436);
#5438=IFCSHAPEREPRESENTATION(#11,'Body','MappedRepresentation',(#5437));
#5439=IFCPRODUCTDEFINITIONSHAPE($,$,(#5438));
#5440=IFCBUILDINGELEMENTPART('1ZRnXJetf4JAG10Z4_Vvjr',$,'Ceiling 2 Wide Block 5.3',$,$,#7456,#5448,$,$);
#5441=IFCCARTESIANPOINT((0.,0.,0.));
#5442=IFCDIRECTION((1.,0.,0.));
#5443=IFCDIRECTION((0.,1.,0.));
#5444=IFCDIRECTION((0.,0.,1.));
#5445=IFCCARTESIANTRANSFORMATIONOPERATOR3D(#5442,#5443,#5441,1.,#5444);
#5446=IFCMAPPEDITEM(#2086,#5445);
#5447=IFCSHAPEREPRESENTATION(#11,'Body','MappedRepresentation',(#5446));
#5448=IFCPRODUCTDEFINITIONSHAPE($,$,(#5447));
#5449=IFCBUILDINGELEMENTPART('1a8OJ47RH91Qq4tQ6VT4qV',$,'Ceiling 2 Wide Block 5.4',$,$,#7461,#5457,$,$);
#5450=IFCCARTESIANPOINT((0.,0.,0.));
#5451=IFCDIRECTION((1.,0.,0.));
#5452=IFCDIRECTION((0.,1.,0.));
#5453=IFCDIRECTION((0.,0.,1.));
#5454=IFCCARTESIANTRANSFORMATIONOPERATOR3D(#5451,#5452,#5450,1.,#5453);
#5455=IFCMAPPEDITEM(#2086,#5454);
#5456=IFCSHAPEREPRESENTATION(#11,'Body','MappedRepresentation',(#5455));
#5457=IFCPRODUCTDEFINITIONSHAPE($,$,(#5456));
#5458=IFCBUILDINGELEMENTPART('2aVS0ltU9BduyfNfRKJivH',$,'Ceiling 2 Wide Block 5.5',$,$,#7466,#5466,$,$);
#5459=IFCCARTESIANPOINT((0.,0.,0.));
#5460=IFCDIRECTION((1.,0.,0.));
#5461=IFCDIRECTION((0.,1.,0.));
#5462=IFCDIRECTION((0.,0.,1.));
#5463=IFCCARTESIANTRANSFORMATIONOPERATOR3D(#5460,#5461,#5459,1.,#5462);
#5464=IFCMAPPEDITEM(#2086,#5463);
#5465=IFCSHAPEREPRESENTATION(#11,'Body','MappedRepresentation',(#5464));
#5466=IFCPRODUCTDEFINITIONSHAPE($,$,(#5465));
#5467=IFCBUILDINGELEMENTPART('1_ZndJA4D3FOCIUP9wth_j',$,'Ceiling 2 Wide Block 5.6',$,$,#7471,#5475,$,$);
#5468=IFCCARTESIANPOINT((0.,0.,0.));
#5469=IFCDIRECTION((1.,0.,0.));
#5470=IFCDIRECTION((0.,1.,0.));
#5471=IFCDIRECTION((0.,0.,1.));
#5472=IFCCARTESIANTRANSFORMATIONOPERATOR3D(#5469,#5470,#5468,1.,#5471);
#5473=IFCMAPPEDITEM(#2086,#5472);
#5474=IFCSHAPEREPRESENTATION(#11,'Body','MappedRepresentation',(#5473));
#5475=IFCPRODUCTDEFINITIONSHAPE($,$,(#5474));
#5476=IFCBUILDINGELEMENTPART('2NpqIJ11n4qfle4oLQ_unE',$,'Ceiling 2 Wide Block 5.7',$,$,#7476,#5484,$,$);
#5477=IFCCARTESIANPOINT((0.,0.,0.));
#5478=IFCDIRECTION((1.,0.,0.));
#5479=IFCDIRECTION((0.,1.,0.));
#5480=IFCDIRECTION((0.,0.,1.));
#5481=IFCCARTESIANTRANSFORMATIONOPERATOR3D(#5478,#5479,#5477,1.,#5480);
#5482=IFCMAPPEDITEM(#2086,#5481);
#5483=IFCSHAPEREPRESENTATION(#11,'Body','MappedRepresentation',(#5482));
#5484=IFCPRODUCTDEFINITIONSHAPE($,$,(#5483));
#5485=IFCBUILDINGELEMENTPART('01yDuZ5dD6wONlGdQPvMUF',$,'Ceiling 2 Wide Block 5.8',$,$,#7481,#5493,$,$);
#5486=IFCCARTESIANPOINT((0.,0.,0.));
#5487=IFCDIRECTION((1.,0.,0.));
#5488=IFCDIRECTION((0.,1.,0.));
#5489=IFCDIRECTION((0.,0.,1.));
#5490=IFCCARTESIANTRANSFORMATIONOPERATOR3D(#5487,#5488,#5486,1.,#5489);
#5491=IFCMAPPEDITEM(#2086,#5490);
#5492=IFCSHAPEREPRESENTATION(#11,'Body','MappedRepresentation',(#5491));
#5493=IFCPRODUCTDEFINITIONSHAPE($,$,(#5492));
#5494=IFCBUILDINGELEMENTPART('2vL487R1vCpARibnh3V8wG',$,'Ceiling 2 Wide Block 5.9',$,$,#7486,#5502,$,$);
#5495=IFCCARTESIANPOINT((0.,0.,0.));
#5496=IFCDIRECTION((1.,0.,0.));
#5497=IFCDIRECTION((0.,1.,0.));
#5498=IFCDIRECTION((0.,0.,1.));
#5499=IFCCARTESIANTRANSFORMATIONOPERATOR3D(#5496,#5497,#5495,1.,#5498);
#5500=IFCMAPPEDITEM(#2086,#5499);
#5501=IFCSHAPEREPRESENTATION(#11,'Body','MappedRepresentation',(#5500));
#5502=IFCPRODUCTDEFINITIONSHAPE($,$,(#5501));
#5503=IFCBUILDINGELEMENTPART('1SINzqy4v2yfmv7rLgQrhX',$,'Ceiling 2 Wide Block 5.10',$,$,#7491,#5511,$,$);
#5504=IFCCARTESIANPOINT((0.,0.,0.));
#5505=IFCDIRECTION((1.,0.,0.));
#5506=IFCDIRECTION((0.,1.,0.));
#5507=IFCDIRECTION((0.,0.,1.));
#5508=IFCCARTESIANTRANSFORMATIONOPERATOR3D(#5505,#5506,#5504,1.,#5507);
#5509=IFCMAPPEDITEM(#2086,#5508);
#5510=IFCSHAPEREPRESENTATION(#11,'Body','MappedRepresentation',(#5509));
#5511=IFCPRODUCTDEFINITIONSHAPE($,$,(#5510));
#5512=IFCBUILDINGELEMENTPART('1cnnLZFqT5afDy6zxGiO7X',$,'Ceiling 2 Wide Block 5.11',$,$,#7496,#5520,$,$);
#5513=IFCCARTESIANPOINT((0.,0.,0.));
#5514=IFCDIRECTION((1.,0.,0.));
#5515=IFCDIRECTION((0.,1.,0.));
#5516=IFCDIRECTION((0.,0.,1.));
#5517=IFCCARTESIANTRANSFORMATIONOPERATOR3D(#5514,#5515,#5513,1.,#5516);
#5518=IFCMAPPEDITEM(#2086,#5517);
#5519=IFCSHAPEREPRESENTATION(#11,'Body','MappedRepresentation',(#5518));
#5520=IFCPRODUCTDEFINITIONSHAPE($,$,(#5519));
#5521=IFCBUILDINGELEMENTPART('3Wbl1Hc_f80Pl4XN$hV5A7',$,'Ceiling 2 Wide Block 5.12',$,$,#7501,#5529,$,$);
#5522=IFCCARTESIANPOINT((0.,0.,0.));
#5523=IFCDIRECTION((1.,0.,0.));
#5524=IFCDIRECTION((0.,1.,0.));
#5525=IFCDIRECTION((0.,0.,1.));
#5526=IFCCARTESIANTRANSFORMATIONOPERATOR3D(#5523,#5524,#5522,1.,#5525);
#5527=IFCMAPPEDITEM(#2086,#5526);
#5528=IFCSHAPEREPRESENTATION(#11,'Body','MappedRepresentation',(#5527));
#5529=IFCPRODUCTDEFINITIONSHAPE($,$,(#5528));
#5530=IFCBUILDINGELEMENTPART('3amu7ajSrDC8U2Jf80jou4',$,'Ceiling 2 Wide Block 5.13',$,$,#7506,#5538,$,$);
#5531=IFCCARTESIANPOINT((0.,0.,0.));
#5532=IFCDIRECTION((1.,0.,0.));
#5533=IFCDIRECTION((0.,1.,0.));
#5534=IFCDIRECTION((0.,0.,1.));
#5535=IFCCARTESIANTRANSFORMATIONOPERATOR3D(#5532,#5533,#5531,1.,#5534);
#5536=IFCMAPPEDITEM(#2086,#5535);
#5537=IFCSHAPEREPRESENTATION(#11,'Body','MappedRepresentation',(#5536));
#5538=IFCPRODUCTDEFINITIONSHAPE($,$,(#5537));
#5539=IFCBUILDINGELEMENTPART('27IXf3KorF4u2p_g3GYoPB',$,'Ceiling 2 Wide Block 5.14',$,$,#7511,#5547,$,$);
#5540=IFCCARTESIANPOINT((0.,0.,0.));
#5541=IFCDIRECTION((1.,0.,0.));
#5542=IFCDIRECTION((0.,1.,0.));
#5543=IFCDIRECTION((0.,0.,1.));
#5544=IFCCARTESIANTRANSFORMATIONOPERATOR3D(#5541,#5542,#5540,1.,#5543);
#5545=IFCMAPPEDITEM(#2086,#5544);
#5546=IFCSHAPEREPRESENTATION(#11,'Body','MappedRepresentation',(#5545));
#5547=IFCPRODUCTDEFINITIONSHAPE($,$,(#5546));
#5548=IFCBUILDINGELEMENTPART('3sodfxhYfCmw$r9FgF6y5S',$,'Ceiling 2 Wide Block 5.15',$,$,#7516,#5556,$,$);
#5549=IFCCARTESIANPOINT((0.,0.,0.));
#5550=IFCDIRECTION((1.,0.,0.));
#5551=IFCDIRECTION((0.,1.,0.));
#5552=IFCDIRECTION((0.,0.,1.));
#5553=IFCCARTESIANTRANSFORMATIONOPERATOR3D(#5550,#5551,#5549,1.,#5552);
#5554=IFCMAPPEDITEM(#2086,#5553);
#5555=IFCSHAPEREPRESENTATION(#11,'Body','MappedRepresentation',(#5554));
#5556=IFCPRODUCTDEFINITIONSHAPE($,$,(#5555));
#5557=IFCBUILDINGELEMENTPART('1FykbYO5X7YfntlSo9IZXg',$,'Ceiling 2 Wide Block 5.16',$,$,#7521,#5565,$,$);
#5558=IFCCARTESIANPOINT((0.,0.,0.));
#5559=IFCDIRECTION((1.,0.,0.));
#5560=IFCDIRECTION((0.,1.,0.));
#5561=IFCDIRECTION((0.,0.,1.));
#5562=IFCCARTESIANTRANSFORMATIONOPERATOR3D(#5559,#5560,#5558,1.,#5561);
#5563=IFCMAPPEDITEM(#2086,#5562);
#5564=IFCSHAPEREPRESENTATION(#11,'Body','MappedRepresentation',(#5563));
#5565=IFCPRODUCTDEFINITIONSHAPE($,$,(#5564));
#5566=IFCBUILDINGELEMENTPART('01O7XJlJTCsO5U2s05gb$H',$,'Ceiling 2 Wide Block 5.17',$,$,#7526,#5574,$,$);
#5567=IFCCARTESIANPOINT((0.,0.,0.));
#5568=IFCDIRECTION((1.,0.,0.));
#5569=IFCDIRECTION((0.,1.,0.));
#5570=IFCDIRECTION((0.,0.,1.));
#5571=IFCCARTESIANTRANSFORMATIONOPERATOR3D(#5568,#5569,#5567,1.,#5570);
#5572=IFCMAPPEDITEM(#2086,#5571);
#5573=IFCSHAPEREPRESENTATION(#11,'Body','MappedRepresentation',(#5572));
#5574=IFCPRODUCTDEFINITIONSHAPE($,$,(#5573));
#5575=IFCBUILDINGELEMENTPART('0jOVweSUv4$PLpX_fpSgax',$,'Ceiling 2 Wide Block 5.18',$,$,#7531,#5583,$,$);
#5576=IFCCARTESIANPOINT((0.,0.,0.));
#5577=IFCDIRECTION((1.,0.,0.));
#5578=IFCDIRECTION((0.,1.,0.));
#5579=IFCDIRECTION((0.,0.,1.));
#5580=IFCCARTESIANTRANSFORMATIONOPERATOR3D(#5577,#5578,#5576,1.,#5579);
#5581=IFCMAPPEDITEM(#2086,#5580);
#5582=IFCSHAPEREPRESENTATION(#11,'Body','MappedRepresentation',(#5581));
#5583=IFCPRODUCTDEFINITIONSHAPE($,$,(#5582));
#5584=IFCBUILDINGELEMENTPART('2CNmpJ6ujCthzNcHip297_',$,'Ceiling 2 Wide Block 5.19',$,$,#7536,#5592,$,$);
#5585=IFCCARTESIANPOINT((0.,0.,0.));
#5586=IFCDIRECTION((1.,0.,0.));
#5587=IFCDIRECTION((0.,1.,0.));
#5588=IFCDIRECTION((0.,0.,1.));
#5589=IFCCARTESIANTRANSFORMATIONOPERATOR3D(#5586,#5587,#5585,1.,#5588);
#5590=IFCMAPPEDITEM(#2086,#5589);
#5591=IFCSHAPEREPRESENTATION(#11,'Body','MappedRepresentation',(#5590));
#5592=IFCPRODUCTDEFINITIONSHAPE($,$,(#5591));
#5593=IFCBEAM('0HR4ov9pf5WAN2OofuxfvZ',$,'Ceiling 2 Beam 5',$,$,#7541,#5601,$,$);
#5594=IFCCARTESIANPOINT((0.,0.,0.));
#5595=IFCDIRECTION((1.,0.,0.));
#5596=IFCDIRECTION((0.,1.,0.));
#5597=IFCDIRECTION((0.,0.,1.));
#5598=IFCCARTESIANTRANSFORMATIONOPERATOR3D(#5595,#5596,#5594,1.,#5597);
#5599=IFCMAPPEDITEM(#4872,#5598);
#5600=IFCSHAPEREPRESENTATION(#11,'Body','MappedRepresentation',(#5599));
#5601=IFCPRODUCTDEFINITIONSHAPE($,$,(#5600));
#5602=IFCBUILDINGELEMENTPART('0SqYkLQSrFlQF3pA35HYLm',$,'Ceiling 2 Wide Block 6.1',$,$,#7546,#5610,$,$);
#5603=IFCCARTESIANPOINT((0.,0.,0.));
#5604=IFCDIRECTION((1.,0.,0.));
#5605=IFCDIRECTION((0.,1.,0.));
#5606=IFCDIRECTION((0.,0.,1.));
#5607=IFCCARTESIANTRANSFORMATIONOPERATOR3D(#5604,#5605,#5603,1.,#5606);
#5608=IFCMAPPEDITEM(#2086,#5607);
#5609=IFCSHAPEREPRESENTATION(#11,'Body','MappedRepresentation',(#5608));
#5610=IFCPRODUCTDEFINITIONSHAPE($,$,(#5609));
#5611=IFCBUILDINGELEMENTPART('2BPXIbqa1C9OL08OBQ1vao',$,'Ceiling 2 Wide Block 6.2',$,$,#7551,#5619,$,$);
#5612=IFCCARTESIANPOINT((0.,0.,0.));
#5613=IFCDIRECTION((1.,0.,0.));
#5614=IFCDIRECTION((0.,1.,0.));
#5615=IFCDIRECTION((0.,0.,1.));
#5616=IFCCARTESIANTRANSFORMATIONOPERATOR3D(#5613,#5614,#5612,1.,#5615);
#5617=IFCMAPPEDITEM(#2086,#5616);
#5618=IFCSHAPEREPRESENTATION(#11,'Body','MappedRepresentation',(#5617));
#5619=IFCPRODUCTDEFINITIONSHAPE($,$,(#5618));
#5620=IFCBUILDINGELEMENTPART('026OOCShb9Ahr7vREQ_hZH',$,'Ceiling 2 Wide Block 6.3',$,$,#7556,#5628,$,$);
#5621=IFCCARTESIANPOINT((0.,0.,0.));
#5622=IFCDIRECTION((1.,0.,0.));
#5623=IFCDIRECTION((0.,1.,0.));
#5624=IFCDIRECTION((0.,0.,1.));
#5625=IFCCARTESIANTRANSFORMATIONOPERATOR3D(#5622,#5623,#5621,1.,#5624);
#5626=IFCMAPPEDITEM(#2086,#5625);
#5627=IFCSHAPEREPRESENTATION(#11,'Body','MappedRepresentation',(#5626));
#5628=IFCPRODUCTDEFINITIONSHAPE($,$,(#5627));
#5629=IFCBUILDINGELEMENTPART('2vssqrZzz7nRt1Cx_COFWm',$,'Ceiling 2 Wide Block 6.4',$,$,#7561,#5637,$,$);
#5630=IFCCARTESIANPOINT((0.,0.,0.));
#5631=IFCDIRECTION((1.,0.,0.));
#5632=IFCDIRECTION((0.,1.,0.));
#5633=IFCDIRECTION((0.,0.,1.));
#5634=IFCCARTESIANTRANSFORMATIONOPERATOR3D(#5631,#5632,#5630,1.,#5633);
#5635=IFCMAPPEDITEM(#2086,#5634);
#5636=IFCSHAPEREPRESENTATION(#11,'Body','MappedRepresentation',(#5635));
#5637=IFCPRODUCTDEFINITIONSHAPE($,$,(#5636));
#5638=IFCBUILDINGELEMENTPART('2GALx4sEfBE8FE7eWt5_B4',$,'Ceiling 2 Wide Block 6.5',$,$,#7566,#5646,$,$);
#5639=IFCCARTESIANPOINT((0.,0.,0.));
#5640=IFCDIRECTION((1.,0.,0.));
#5641=IFCDIRECTION((0.,1.,0.));
#5642=IFCDIRECTION((0.,0.,1.));
#5643=IFCCARTESIANTRANSFORMATIONOPERATOR3D(#5640,#5641,#5639,1.,#5642);
#5644=IFCMAPPEDITEM(#2086,#5643);
#5645=IFCSHAPEREPRESENTATION(#11,'Body','MappedRepresentation',(#5644));
#5646=IFCPRODUCTDEFINITIONSHAPE($,$,(#5645));
#5647=IFCBUILDINGELEMENTPART('22Mp1oUWL869ciGPMmTZnY',$,'Ceiling 2 Wide Block 6.6',$,$,#7571,#5655,$,$);
#5648=IFCCARTESIANPOINT((0.,0.,0.));
#5649=IFCDIRECTION((1.,0.,0.));
#5650=IFCDIRECTION((0.,1.,0.));
#5651=IFCDIRECTION((0.,0.,1.));
#5652=IFCCARTESIANTRANSFORMATIONOPERATOR3D(#5649,#5650,#5648,1.,#5651);
#5653=IFCMAPPEDITEM(#2086,#5652);
#5654=IFCSHAPEREPRESENTATION(#11,'Body','MappedRepresentation',(#5653));
#5655=IFCPRODUCTDEFINITIONSHAPE($,$,(#5654));
#5656=IFCBUILDINGELEMENTPART('0qvOwsB1b0VxatrTLl$SKX',$,'Ceiling 2 Wide Block 6.7',$,$,#7576,#5664,$,$);
#5657=IFCCARTESIANPOINT((0.,0.,0.));
#5658=IFCDIRECTION((1.,0.,0.));
#5659=IFCDIRECTION((0.,1.,0.));
#5660=IFCDIRECTION((0.,0.,1.));
#5661=IFCCARTESIANTRANSFORMATIONOPERATOR3D(#5658,#5659,#5657,1.,#5660);
#5662=IFCMAPPEDITEM(#2086,#5661);
#5663=IFCSHAPEREPRESENTATION(#11,'Body','MappedRepresentation',(#5662));
#5664=IFCPRODUCTDEFINITIONSHAPE($,$,(#5663));
#5665=IFCBUILDINGELEMENTPART('08_HdPzMD5BvPex$1OiOl9',$,'Ceiling 2 Wide Block 6.8',$,$,#7581,#5673,$,$);
#5666=IFCCARTESIANPOINT((0.,0.,0.));
#5667=IFCDIRECTION((1.,0.,0.));
#5668=IFCDIRECTION((0.,1.,0.));
#5669=IFCDIRECTION((0.,0.,1.));
#5670=IFCCARTESIANTRANSFORMATIONOPERATOR3D(#5667,#5668,#5666,1.,#5669);
#5671=IFCMAPPEDITEM(#2086,#5670);
#5672=IFCSHAPEREPRESENTATION(#11,'Body','MappedRepresentation',(#5671));
#5673=IFCPRODUCTDEFINITIONSHAPE($,$,(#5672));
#5674=IFCBUILDINGELEMENTPART('1XBSkhe0D6_OADTsWPY3dy',$,'Ceiling 2 Wide Block 6.9',$,$,#7586,#5682,$,$);
#5675=IFCCARTESIANPOINT((0.,0.,0.));
#5676=IFCDIRECTION((1.,0.,0.));
#5677=IFCDIRECTION((0.,1.,0.));
#5678=IFCDIRECTION((0.,0.,1.));
#5679=IFCCARTESIANTRANSFORMATIONOPERATOR3D(#5676,#5677,#5675,1.,#5678);
#5680=IFCMAPPEDITEM(#2086,#5679);
#5681=IFCSHAPEREPRESENTATION(#11,'Body','MappedRepresentation',(#5680));
#5682=IFCPRODUCTDEFINITIONSHAPE($,$,(#5681));
#5683=IFCBUILDINGELEMENTPART('2LHI3_335EJO9hVHh27Foo',$,'Ceiling 2 Wide Block 6.10',$,$,#7591,#5691,$,$);
#5684=IFCCARTESIANPOINT((0.,0.,0.));
#5685=IFCDIRECTION((1.,0.,0.));
#5686=IFCDIRECTION((0.,1.,0.));
#5687=IFCDIRECTION((0.,0.,1.));
#5688=IFCCARTESIANTRANSFORMATIONOPERATOR3D(#5685,#5686,#5684,1.,#5687);
#5689=IFCMAPPEDITEM(#2086,#5688);
#5690=IFCSHAPEREPRESENTATION(#11,'Body','MappedRepresentation',(#5689));
#5691=IFCPRODUCTDEFINITIONSHAPE($,$,(#5690));
#5692=IFCBUILDINGELEMENTPART('3AqUEURn58BAhPS1qIlO2G',$,'Ceiling 2 Wide Block 6.11',$,$,#7596,#5700,$,$);
#5693=IFCCARTESIANPOINT((0.,0.,0.));
#5694=IFCDIRECTION((1.,0.,0.));
#5695=IFCDIRECTION((0.,1.,0.));
#5696=IFCDIRECTION((0.,0.,1.));
#5697=IFCCARTESIANTRANSFORMATIONOPERATOR3D(#5694,#5695,#5693,1.,#5696);
#5698=IFCMAPPEDITEM(#2086,#5697);
#5699=IFCSHAPEREPRESENTATION(#11,'Body','MappedRepresentation',(#5698));
#5700=IFCPRODUCTDEFINITIONSHAPE($,$,(#5699));
#5701=IFCBUILDINGELEMENTPART('2XXXgBm7f2LeGXvi$6X5pF',$,'Ceiling 2 Wide Block 6.12',$,$,#7601,#5709,$,$);
#5702=IFCCARTESIANPOINT((0.,0.,0.));
#5703=IFCDIRECTION((1.,0.,0.));
#5704=IFCDIRECTION((0.,1.,0.));
#5705=IFCDIRECTION((0.,0.,1.));
#5706=IFCCARTESIANTRANSFORMATIONOPERATOR3D(#5703,#5704,#5702,1.,#5705);
#5707=IFCMAPPEDITEM(#2086,#5706);
#5708=IFCSHAPEREPRESENTATION(#11,'Body','MappedRepresentation',(#5707));
#5709=IFCPRODUCTDEFINITIONSHAPE($,$,(#5708));
#5710=IFCBUILDINGELEMENTPART('2ESw$wZCTFseuEiOoupjhY',$,'Ceiling 2 Wide Block 6.13',$,$,#7606,#5718,$,$);
#5711=IFCCARTESIANPOINT((0.,0.,0.));
#5712=IFCDIRECTION((1.,0.,0.));
#5713=IFCDIRECTION((0.,1.,0.));
#5714=IFCDIRECTION((0.,0.,1.));
#5715=IFCCARTESIANTRANSFORMATIONOPERATOR3D(#5712,#5713,#5711,1.,#5714);
#5716=IFCMAPPEDITEM(#2086,#5715);
#5717=IFCSHAPEREPRESENTATION(#11,'Body','MappedRepresentation',(#5716));
#5718=IFCPRODUCTDEFINITIONSHAPE($,$,(#5717));
#5719=IFCBUILDINGELEMENTPART('2VbhSLm99CkRT2zyMyRI1A',$,'Ceiling 2 Wide Block 6.14',$,$,#7611,#5727,$,$);
#5720=IFCCARTESIANPOINT((0.,0.,0.));
#5721=IFCDIRECTION((1.,0.,0.));
#5722=IFCDIRECTION((0.,1.,0.));
#5723=IFCDIRECTION((0.,0.,1.));
#5724=IFCCARTESIANTRANSFORMATIONOPERATOR3D(#5721,#5722,#5720,1.,#5723);
#5725=IFCMAPPEDITEM(#2086,#5724);
#5726=IFCSHAPEREPRESENTATION(#11,'Body','MappedRepresentation',(#5725));
#5727=IFCPRODUCTDEFINITIONSHAPE($,$,(#5726));
#5728=IFCBUILDINGELEMENTPART('3cIbRqnE1DxRV56b0HPRZc',$,'Ceiling 2 Wide Block 6.15',$,$,#7616,#5736,$,$);
#5729=IFCCARTESIANPOINT((0.,0.,0.));
#5730=IFCDIRECTION((1.,0.,0.));
#5731=IFCDIRECTION((0.,1.,0.));
#5732=IFCDIRECTION((0.,0.,1.));
#5733=IFCCARTESIANTRANSFORMATIONOPERATOR3D(#5730,#5731,#5729,1.,#5732);
#5734=IFCMAPPEDITEM(#2086,#5733);
#5735=IFCSHAPEREPRESENTATION(#11,'Body','MappedRepresentation',(#5734));
#5736=IFCPRODUCTDEFINITIONSHAPE($,$,(#5735));
#5737=IFCBUILDINGELEMENTPART('3n1h4yPNXCHwJ6g3TVWkSz',$,'Ceiling 2 Wide Block 6.16',$,$,#7621,#5745,$,$);
#5738=IFCCARTESIANPOINT((0.,0.,0.));
#5739=IFCDIRECTION((1.,0.,0.));
#5740=IFCDIRECTION((0.,1.,0.));
#5741=IFCDIRECTION((0.,0.,1.));
#5742=IFCCARTESIANTRANSFORMATIONOPERATOR3D(#5739,#5740,#5738,1.,#5741);
#5743=IFCMAPPEDITEM(#2086,#5742);
#5744=IFCSHAPEREPRESENTATION(#11,'Body','MappedRepresentation',(#5743));
#5745=IFCPRODUCTDEFINITIONSHAPE($,$,(#5744));
#5746=IFCBUILDINGELEMENTPART('1fYjCBIU15Lv6qnnc0BFAZ',$,'Ceiling 2 Wide Block 6.17',$,$,#7626,#5754,$,$);
#5747=IFCCARTESIANPOINT((0.,0.,0.));
#5748=IFCDIRECTION((1.,0.,0.));
#5749=IFCDIRECTION((0.,1.,0.));
#5750=IFCDIRECTION((0.,0.,1.));
#5751=IFCCARTESIANTRANSFORMATIONOPERATOR3D(#5748,#5749,#5747,1.,#5750);
#5752=IFCMAPPEDITEM(#2086,#5751);
#5753=IFCSHAPEREPRESENTATION(#11,'Body','MappedRepresentation',(#5752));
#5754=IFCPRODUCTDEFINITIONSHAPE($,$,(#5753));
#5755=IFCBUILDINGELEMENTPART('1hiFBH$I9ELQ8XdEig4Q3D',$,'Ceiling 2 Wide Block 6.18',$,$,#7631,#5763,$,$);
#5756=IFCCARTESIANPOINT((0.,0.,0.));
#5757=IFCDIRECTION((1.,0.,0.));
#5758=IFCDIRECTION((0.,1.,0.));
#5759=IFCDIRECTION((0.,0.,1.));
#5760=IFCCARTESIANTRANSFORMATIONOPERATOR3D(#5757,#5758,#5756,1.,#5759);
#5761=IFCMAPPEDITEM(#2086,#5760);
#5762=IFCSHAPEREPRESENTATION(#11,'Body','MappedRepresentation',(#5761));
#5763=IFCPRODUCTDEFINITIONSHAPE($,$,(#5762));
#5764=IFCBUILDINGELEMENTPART('1WokJ8wuH0qgx3RcCA9AmL',$,'Ceiling 2 Wide Block 6.19',$,$,#7636,#5772,$,$);
#5765=IFCCARTESIANPOINT((0.,0.,0.));
#5766=IFCDIRECTION((1.,0.,0.));
#5767=IFCDIRECTION((0.,1.,0.));
#5768=IFCDIRECTION((0.,0.,1.));
#5769=IFCCARTESIANTRANSFORMATIONOPERATOR3D(#5766,#5767,#5765,1.,#5768);
#5770=IFCMAPPEDITEM(#2086,#5769);
#5771=IFCSHAPEREPRESENTATION(#11,'Body','MappedRepresentation',(#5770));
#5772=IFCPRODUCTDEFINITIONSHAPE($,$,(#5771));
#5773=IFCBEAM('207BK2yqTBIu5kNmbUS_9d',$,'Ceiling 2 Beam 6',$,$,#7641,#5781,$,$);
#5774=IFCCARTESIANPOINT((0.,0.,0.));
#5775=IFCDIRECTION((1.,0.,0.));
#5776=IFCDIRECTION((0.,1.,0.));
#5777=IFCDIRECTION((0.,0.,1.));
#5778=IFCCARTESIANTRANSFORMATIONOPERATOR3D(#5775,#5776,#5774,1.,#5777);
#5779=IFCMAPPEDITEM(#4872,#5778);
#5780=IFCSHAPEREPRESENTATION(#11,'Body','MappedRepresentation',(#5779));
#5781=IFCPRODUCTDEFINITIONSHAPE($,$,(#5780));
#5782=IFCBUILDINGELEMENTPART('1XzeH3mKDB_xmmpftFEEcb',$,'Ceiling 2 Wide Block 7.1',$,$,#7646,#5790,$,$);
#5783=IFCCARTESIANPOINT((0.,0.,0.));
#5784=IFCDIRECTION((1.,0.,0.));
#5785=IFCDIRECTION((0.,1.,0.));
#5786=IFCDIRECTION((0.,0.,1.));
#5787=IFCCARTESIANTRANSFORMATIONOPERATOR3D(#5784,#5785,#5783,1.,#5786);
#5788=IFCMAPPEDITEM(#2086,#5787);
#5789=IFCSHAPEREPRESENTATION(#11,'Body','MappedRepresentation',(#5788));
#5790=IFCPRODUCTDEFINITIONSHAPE($,$,(#5789));
#5791=IFCBUILDINGELEMENTPART('0Zeymg9$56fwe5XJUVi2Zc',$,'Ceiling 2 Wide Block 7.2',$,$,#7651,#5799,$,$);
#5792=IFCCARTESIANPOINT((0.,0.,0.));
#5793=IFCDIRECTION((1.,0.,0.));
#5794=IFCDIRECTION((0.,1.,0.));
#5795=IFCDIRECTION((0.,0.,1.));
#5796=IFCCARTESIANTRANSFORMATIONOPERATOR3D(#5793,#5794,#5792,1.,#5795);
#5797=IFCMAPPEDITEM(#2086,#5796);
#5798=IFCSHAPEREPRESENTATION(#11,'Body','MappedRepresentation',(#5797));
#5799=IFCPRODUCTDEFINITIONSHAPE($,$,(#5798));
#5800=IFCBUILDINGELEMENTPART('1IObK7ejL3AA5t8c8u18Rb',$,'Ceiling 2 Wide Block 7.3',$,$,#7656,#5808,$,$);
#5801=IFCCARTESIANPOINT((0.,0.,0.));
#5802=IFCDIRECTION((1.,0.,0.));
#5803=IFCDIRECTION((0.,1.,0.));
#5804=IFCDIRECTION((0.,0.,1.));
#5805=IFCCARTESIANTRANSFORMATIONOPERATOR3D(#5802,#5803,#5801,1.,#5804);
#5806=IFCMAPPEDITEM(#2086,#5805);
#5807=IFCSHAPEREPRESENTATION(#11,'Body','MappedRepresentation',(#5806));
#5808=IFCPRODUCTDEFINITIONSHAPE($,$,(#5807));
#5809=IFCBUILDINGELEMENTPART('2TAqtxSU57QgPAekgJUVTF',$,'Ceiling 2 Wide Block 7.4',$,$,#7661,#5817,$,$);
#5810=IFCCARTESIANPOINT((0.,0.,0.));
#5811=IFCDIRECTION((1.,0.,0.));
#5812=IFCDIRECTION((0.,1.,0.));
#5813=IFCDIRECTION((0.,0.,1.));
#5814=IFCCARTESIANTRANSFORMATIONOPERATOR3D(#5811,#5812,#5810,1.,#5813);
#5815=IFCMAPPEDITEM(#2086,#5814);
#5816=IFCSHAPEREPRESENTATION(#11,'Body','MappedRepresentation',(#5815));
#5817=IFCPRODUCTDEFINITIONSHAPE($,$,(#5816));
#5818=IFCBUILDINGELEMENTPART('1WootNug5BWxFqsKlBuet3',$,'Ceiling 2 Wide Block 7.5',$,$,#7666,#5826,$,$);
#5819=IFCCARTESIANPOINT((0.,0.,0.));
#5820=IFCDIRECTION((1.,0.,0.));
#5821=IFCDIRECTION((0.,1.,0.));
#5822=IFCDIRECTION((0.,0.,1.));
#5823=IFCCARTESIANTRANSFORMATIONOPERATOR3D(#5820,#5821,#5819,1.,#5822);
#5824=IFCMAPPEDITEM(#2086,#5823);
#5825=IFCSHAPEREPRESENTATION(#11,'Body','MappedRepresentation',(#5824));
#5826=IFCPRODUCTDEFINITIONSHAPE($,$,(#5825));
#5827=IFCBUILDINGELEMENTPART('14hSBkzNrBEf_JJNvLSD$X',$,'Ceiling 2 Wide Block 7.6',$,$,#7671,#5835,$,$);
#5828=IFCCARTESIANPOINT((0.,0.,0.));
#5829=IFCDIRECTION((1.,0.,0.));
#5830=IFCDIRECTION((0.,1.,0.));
#5831=IFCDIRECTION((0.,0.,1.));
#5832=IFCCARTESIANTRANSFORMATIONOPERATOR3D(#5829,#5830,#5828,1.,#5831);
#5833=IFCMAPPEDITEM(#2086,#5832);
#5834=IFCSHAPEREPRESENTATION(#11,'Body','MappedRepresentation',(#5833));
#5835=IFCPRODUCTDEFINITIONSHAPE($,$,(#5834));
#5836=IFCBUILDINGELEMENTPART('2Ry_nOwfj4eQMJMmoefXrv',$,'Ceiling 2 Wide Block 7.7',$,$,#7676,#5844,$,$);
#5837=IFCCARTESIANPOINT((0.,0.,0.));
#5838=IFCDIRECTION((1.,0.,0.));
#5839=IFCDIRECTION((0.,1.,0.));
#5840=IFCDIRECTION((0.,0.,1.));
#5841=IFCCARTESIANTRANSFORMATIONOPERATOR3D(#5838,#5839,#5837,1.,#5840);
#5842=IFCMAPPEDITEM(#2086,#5841);
#5843=IFCSHAPEREPRESENTATION(#11,'Body','MappedRepresentation',(#5842));
#5844=IFCPRODUCTDEFINITIONSHAPE($,$,(#5843));
#5845=IFCBUILDINGELEMENTPART('000fWXu_r6PfZzF5z0h0ar',$,'Ceiling 2 Wide Block 7.8',$,$,#7681,#5853,$,$);
#5846=IFCCARTESIANPOINT((0.,0.,0.));
#5847=IFCDIRECTION((1.,0.,0.));
#5848=IFCDIRECTION((0.,1.,0.));
#5849=IFCDIRECTION((0.,0.,1.));
#5850=IFCCARTESIANTRANSFORMATIONOPERATOR3D(#5847,#5848,#5846,1.,#5849);
#5851=IFCMAPPEDITEM(#2086,#5850);
#5852=IFCSHAPEREPRESENTATION(#11,'Body','MappedRepresentation',(#5851));
#5853=IFCPRODUCTDEFINITIONSHAPE($,$,(#5852));
#5854=IFCBUILDINGELEMENTPART('2XfeVdWkf17AwnsJ3CsC4f',$,'Ceiling 2 Wide Block 7.9',$,$,#7686,#5862,$,$);
#5855=IFCCARTESIANPOINT((0.,0.,0.));
#5856=IFCDIRECTION((1.,0.,0.));
#5857=IFCDIRECTION((0.,1.,0.));
#5858=IFCDIRECTION((0.,0.,1.));
#5859=IFCCARTESIANTRANSFORMATIONOPERATOR3D(#5856,#5857,#5855,1.,#5858);
#5860=IFCMAPPEDITEM(#2086,#5859);
#5861=IFCSHAPEREPRESENTATION(#11,'Body','MappedRepresentation',(#5860));
#5862=IFCPRODUCTDEFINITIONSHAPE($,$,(#5861));
#5863=IFCBUILDINGELEMENTPART('3vRDJLoJT8$Qm7ggCV0$I_',$,'Ceiling 2 Wide Block 7.10',$,$,#7691,#5871,$,$);
#5864=IFCCARTESIANPOINT((0.,0.,0.));
#5865=IFCDIRECTION((1.,0.,0.));
#5866=IFCDIRECTION((0.,1.,0.));
#5867=IFCDIRECTION((0.,0.,1.));
#5868=IFCCARTESIANTRANSFORMATIONOPERATOR3D(#5865,#5866,#5864,1.,#5867);
#5869=IFCMAPPEDITEM(#2086,#5868);
#5870=IFCSHAPEREPRESENTATION(#11,'Body','MappedRepresentation',(#5869));
#5871=IFCPRODUCTDEFINITIONSHAPE($,$,(#5870));
#5872=IFCBUILDINGELEMENTPART('03wAtvHBH3QOASYHlc$GYV',$,'Ceiling 2 Wide Block 7.11',$,$,#7696,#5880,$,$);
#5873=IFCCARTESIANPOINT((0.,0.,0.));
#5874=IFCDIRECTION((1.,0.,0.));
#5875=IFCDIRECTION((0.,1.,0.));
#5876=IFCDIRECTION((0.,0.,1.));
#5877=IFCCARTESIANTRANSFORMATIONOPERATOR3D(#5874,#5875,#5873,1.,#5876);
#5878=IFCMAPPEDITEM(#2086,#5877);
#5879=IFCSHAPEREPRESENTATION(#11,'Body','MappedRepresentation',(#5878));
#5880=IFCPRODUCTDEFINITIONSHAPE($,$,(#5879));
#5881=IFCBUILDINGELEMENTPART('0tlVrtym5DCg7b9kArUAdh',$,'Ceiling 2 Wide Block 7.12',$,$,#7701,#5889,$,$);
#5882=IFCCARTESIANPOINT((0.,0.,0.));
#5883=IFCDIRECTION((1.,0.,0.));
#5884=IFCDIRECTION((0.,1.,0.));
#5885=IFCDIRECTION((0.,0.,1.));
#5886=IFCCARTESIANTRANSFORMATIONOPERATOR3D(#5883,#5884,#5882,1.,#5885);
#5887=IFCMAPPEDITEM(#2086,#5886);
#5888=IFCSHAPEREPRESENTATION(#11,'Body','MappedRepresentation',(#5887));
#5889=IFCPRODUCTDEFINITIONSHAPE($,$,(#5888));
#5890=IFCBUILDINGELEMENTPART('36bbDb47T2lOHcPvNwcRke',$,'Ceiling 2 Wide Block 7.13',$,$,#7706,#5898,$,$);
#5891=IFCCARTESIANPOINT((0.,0.,0.));
#5892=IFCDIRECTION((1.,0.,0.));
#5893=IFCDIRECTION((0.,1.,0.));
#5894=IFCDIRECTION((0.,0.,1.));
#5895=IFCCARTESIANTRANSFORMATIONOPERATOR3D(#5892,#5893,#5891,1.,#5894);
#5896=IFCMAPPEDITEM(#2086,#5895);
#5897=IFCSHAPEREPRESENTATION(#11,'Body','MappedRepresentation',(#5896));
#5898=IFCPRODUCTDEFINITIONSHAPE($,$,(#5897));
#5899=IFCBUILDINGELEMENTPART('14B4rg8cL4tPOZDRIayEAq',$,'Ceiling 2 Wide Block 7.14',$,$,#7711,#5907,$,$);
#5900=IFCCARTESIANPOINT((0.,0.,0.));
#5901=IFCDIRECTION((1.,0.,0.));
#5902=IFCDIRECTION((0.,1.,0.));
#5903=IFCDIRECTION((0.,0.,1.));
#5904=IFCCARTESIANTRANSFORMATIONOPERATOR3D(#5901,#5902,#5900,1.,#5903);
#5905=IFCMAPPEDITEM(#2086,#5904);
#5906=IFCSHAPEREPRESENTATION(#11,'Body','MappedRepresentation',(#5905));
#5907=IFCPRODUCTDEFINITIONSHAPE($,$,(#5906));
#5908=IFCBUILDINGELEMENTPART('3TY7atRIf0pukrQNzw8e36',$,'Ceiling 2 Wide Block 7.15',$,$,#7716,#5916,$,$);
#5909=IFCCARTESIANPOINT((0.,0.,0.));
#5910=IFCDIRECTION((1.,0.,0.));
#5911=IFCDIRECTION((0.,1.,0.));
#5912=IFCDIRECTION((0.,0.,1.));
#5913=IFCCARTESIANTRANSFORMATIONOPERATOR3D(#5910,#5911,#5909,1.,#5912);
#5914=IFCMAPPEDITEM(#2086,#5913);
#5915=IFCSHAPEREPRESENTATION(#11,'Body','MappedRepresentation',(#5914));
#5916=IFCPRODUCTDEFINITIONSHAPE($,$,(#5915));
#5917=IFCBUILDINGELEMENTPART('2$oXSrjcT1o90CFzZHnsji',$,'Ceiling 2 Wide Block 7.16',$,$,#7721,#5925,$,$);
#5918=IFCCARTESIANPOINT((0.,0.,0.));
#5919=IFCDIRECTION((1.,0.,0.));
#5920=IFCDIRECTION((0.,1.,0.));
#5921=IFCDIRECTION((0.,0.,1.));
#5922=IFCCARTESIANTRANSFORMATIONOPERATOR3D(#5919,#5920,#5918,1.,#5921);
#5923=IFCMAPPEDITEM(#2086,#5922);
#5924=IFCSHAPEREPRESENTATION(#11,'Body','MappedRepresentation',(#5923));
#5925=IFCPRODUCTDEFINITIONSHAPE($,$,(#5924));
#5926=IFCBUILDINGELEMENTPART('05IApZM0H2Q84fSWPZrGAu',$,'Ceiling 2 Wide Block 7.17',$,$,#7726,#5934,$,$);
#5927=IFCCARTESIANPOINT((0.,0.,0.));
#5928=IFCDIRECTION((1.,0.,0.));
#5929=IFCDIRECTION((0.,1.,0.));
#5930=IFCDIRECTION((0.,0.,1.));
#5931=IFCCARTESIANTRANSFORMATIONOPERATOR3D(#5928,#5929,#5927,1.,#5930);
#5932=IFCMAPPEDITEM(#2086,#5931);
#5933=IFCSHAPEREPRESENTATION(#11,'Body','MappedRepresentation',(#5932));
#5934=IFCPRODUCTDEFINITIONSHAPE($,$,(#5933));
#5935=IFCBUILDINGELEMENTPART('3HlQ2YYEL4XRSRtZME2WgU',$,'Ceiling 2 Wide Block 7.18',$,$,#7731,#5943,$,$);
#5936=IFCCARTESIANPOINT((0.,0.,0.));
#5937=IFCDIRECTION((1.,0.,0.));
#5938=IFCDIRECTION((0.,1.,0.));
#5939=IFCDIRECTION((0.,0.,1.));
#5940=IFCCARTESIANTRANSFORMATIONOPERATOR3D(#5937,#5938,#5936,1.,#5939);
#5941=IFCMAPPEDITEM(#2086,#5940);
#5942=IFCSHAPEREPRESENTATION(#11,'Body','MappedRepresentation',(#5941));
#5943=IFCPRODUCTDEFINITIONSHAPE($,$,(#5942));
#5944=IFCBUILDINGELEMENTPART('3OX_ogGz12PR9HDqpnTUBd',$,'Ceiling 2 Wide Block 7.19',$,$,#7736,#5952,$,$);
#5945=IFCCARTESIANPOINT((0.,0.,0.));
#5946=IFCDIRECTION((1.,0.,0.));
#5947=IFCDIRECTION((0.,1.,0.));
#5948=IFCDIRECTION((0.,0.,1.));
#5949=IFCCARTESIANTRANSFORMATIONOPERATOR3D(#5946,#5947,#5945,1.,#5948);
#5950=IFCMAPPEDITEM(#2086,#5949);
#5951=IFCSHAPEREPRESENTATION(#11,'Body','MappedRepresentation',(#5950));
#5952=IFCPRODUCTDEFINITIONSHAPE($,$,(#5951));
#5953=IFCBEAM('0fdQ9OLu5B2OM$W9xxb4tC',$,'Ceiling 2 Beam 7',$,$,#7741,#5961,$,$);
#5954=IFCCARTESIANPOINT((0.,0.,0.));
#5955=IFCDIRECTION((1.,0.,0.));
#5956=IFCDIRECTION((0.,1.,0.));
#5957=IFCDIRECTION((0.,0.,1.));
#5958=IFCCARTESIANTRANSFORMATIONOPERATOR3D(#5955,#5956,#5954,1.,#5957);
#5959=IFCMAPPEDITEM(#4872,#5958);
#5960=IFCSHAPEREPRESENTATION(#11,'Body','MappedRepresentation',(#5959));
#5961=IFCPRODUCTDEFINITIONSHAPE($,$,(#5960));
#5962=IFCBUILDINGELEMENTPART('3QE5eeRj91y8oAkqb6cGyL',$,'Ceiling 2 Wide Block 8.1',$,$,#7746,#5970,$,$);
#5963=IFCCARTESIANPOINT((0.,0.,0.));
#5964=IFCDIRECTION((1.,0.,0.));
#5965=IFCDIRECTION((0.,1.,0.));
#5966=IFCDIRECTION((0.,0.,1.));
#5967=IFCCARTESIANTRANSFORMATIONOPERATOR3D(#5964,#5965,#5963,1.,#5966);
#5968=IFCMAPPEDITEM(#2086,#5967);
#5969=IFCSHAPEREPRESENTATION(#11,'Body','MappedRepresentation',(#5968));
#5970=IFCPRODUCTDEFINITIONSHAPE($,$,(#5969));
#5971=IFCBUILDINGELEMENTPART('06tW_X$MnBeAAd3aojepOR',$,'Ceiling 2 Wide Block 8.2',$,$,#7751,#5979,$,$);
#5972=IFCCARTESIANPOINT((0.,0.,0.));
#5973=IFCDIRECTION((1.,0.,0.));
#5974=IFCDIRECTION((0.,1.,0.));
#5975=IFCDIRECTION((0.,0.,1.));
#5976=IFCCARTESIANTRANSFORMATIONOPERATOR3D(#5973,#5974,#5972,1.,#5975);
#5977=IFCMAPPEDITEM(#2086,#5976);
#5978=IFCSHAPEREPRESENTATION(#11,'Body','MappedRepresentation',(#5977));
#5979=IFCPRODUCTDEFINITIONSHAPE($,$,(#5978));
#5980=IFCBUILDINGELEMENTPART('2nsdL1JF5E7OLJD3OFAn92',$,'Ceiling 2 Wide Block 8.3',$,$,#7756,#5988,$,$);
#5981=IFCCARTESIANPOINT((0.,0.,0.));
#5982=IFCDIRECTION((1.,0.,0.));
#5983=IFCDIRECTION((0.,1.,0.));
#5984=IFCDIRECTION((0.,0.,1.));
#5985=IFCCARTESIANTRANSFORMATIONOPERATOR3D(#5982,#5983,#5981,1.,#5984);
#5986=IFCMAPPEDITEM(#2086,#5985);
#5987=IFCSHAPEREPRESENTATION(#11,'Body','MappedRepresentation',(#5986));
#5988=IFCPRODUCTDEFINITIONSHAPE($,$,(#5987));
#5989=IFCBUILDINGELEMENTPART('0wgPn0F7T1pwoeAdmSAV5r',$,'Ceiling 2 Wide Block 8.4',$,$,#7761,#5997,$,$);
#5990=IFCCARTESIANPOINT((0.,0.,0.));
#5991=IFCDIRECTION((1.,0.,0.));
#5992=IFCDIRECTION((0.,1.,0.));
#5993=IFCDIRECTION((0.,0.,1.));
#5994=IFCCARTESIANTRANSFORMATIONOPERATOR3D(#5991,#5992,#5990,1.,#5993);
#5995=IFCMAPPEDITEM(#2086,#5994);
#5996=IFCSHAPEREPRESENTATION(#11,'Body','MappedRepresentation',(#5995));
#5997=IFCPRODUCTDEFINITIONSHAPE($,$,(#5996));
#5998=IFCBUILDINGELEMENTPART('3zlPkr3TT3qf_Ig8PqW73b',$,'Ceiling 2 Wide Block 8.5',$,$,#7766,#6006,$,$);
#5999=IFCCARTESIANPOINT((0.,0.,0.));
#6000=IFCDIRECTION((1.,0.,0.));
#6001=IFCDIRECTION((0.,1.,0.));
#6002=IFCDIRECTION((0.,0.,1.));
#6003=IFCCARTESIANTRANSFORMATIONOPERATOR3D(#6000,#6001,#5999,1.,#6002);
#6004=IFCMAPPEDITEM(#2086,#6003);
#6005=IFCSHAPEREPRESENTATION(#11,'Body','MappedRepresentation',(#6004));
#6006=IFCPRODUCTDEFINITIONSHAPE($,$,(#6005));
#6007=IFCBUILDINGELEMENTPART('2ln9R99mH8s9oadW8HskWj',$,'Ceiling 2 Wide Block 8.6',$,$,#7771,#6015,$,$);
#6008=IFCCARTESIANPOINT((0.,0.,0.));
#6009=IFCDIRECTION((1.,0.,0.));
#6010=IFCDIRECTION((0.,1.,0.));
#6011=IFCDIRECTION((0.,0.,1.));
#6012=IFCCARTESIANTRANSFORMATIONOPERATOR3D(#6009,#6010,#6008,1.,#6011);
#6013=IFCMAPPEDITEM(#2086,#6012);
#6014=IFCSHAPEREPRESENTATION(#11,'Body','MappedRepresentation',(#6013));
#6015=IFCPRODUCTDEFINITIONSHAPE($,$,(#6014));
#6016=IFCBUILDINGELEMENTPART('1I4YZxOnz11BjYe_ZB3$3R',$,'Ceiling 2 Wide Block 8.7',$,$,#7776,#6024,$,$);
#6017=IFCCARTESIANPOINT((0.,0.,0.));
#6018=IFCDIRECTION((1.,0.,0.));
#6019=IFCDIRECTION((0.,1.,0.));
#6020=IFCDIRECTION((0.,0.,1.));
#6021=IFCCARTESIANTRANSFORMATIONOPERATOR3D(#6018,#6019,#6017,1.,#6020);
#6022=IFCMAPPEDITEM(#2086,#6021);
#6023=IFCSHAPEREPRESENTATION(#11,'Body','MappedRepresentation',(#6022));
#6024=IFCPRODUCTDEFINITIONSHAPE($,$,(#6023));
#6025=IFCBUILDINGELEMENTPART('19Gt0oFvr89xbzAbm4Ukg1',$,'Ceiling 2 Wide Block 8.8',$,$,#7781,#6033,$,$);
#6026=IFCCARTESIANPOINT((0.,0.,0.));
#6027=IFCDIRECTION((1.,0.,0.));
#6028=IFCDIRECTION((0.,1.,0.));
#6029=IFCDIRECTION((0.,0.,1.));
#6030=IFCCARTESIANTRANSFORMATIONOPERATOR3D(#6027,#6028,#6026,1.,#6029);
#6031=IFCMAPPEDITEM(#2086,#6030);
#6032=IFCSHAPEREPRESENTATION(#11,'Body','MappedRepresentation',(#6031));
#6033=IFCPRODUCTDEFINITIONSHAPE($,$,(#6032));
#6034=IFCBUILDINGELEMENTPART('2OIG$Ux5vAHOW8YXSHu$xo',$,'Ceiling 2 Wide Block 8.9',$,$,#7786,#6042,$,$);
#6035=IFCCARTESIANPOINT((0.,0.,0.));
#6036=IFCDIRECTION((1.,0.,0.));
#6037=IFCDIRECTION((0.,1.,0.));
#6038=IFCDIRECTION((0.,0.,1.));
#6039=IFCCARTESIANTRANSFORMATIONOPERATOR3D(#6036,#6037,#6035,1.,#6038);
#6040=IFCMAPPEDITEM(#2086,#6039);
#6041=IFCSHAPEREPRESENTATION(#11,'Body','MappedRepresentation',(#6040));
#6042=IFCPRODUCTDEFINITIONSHAPE($,$,(#6041));
#6043=IFCBUILDINGELEMENTPART('2Vn2ON3OD6vhA5P9NXmIGY',$,'Ceiling 2 Wide Block 8.10',$,$,#7791,#6051,$,$);
#6044=IFCCARTESIANPOINT((0.,0.,0.));
#6045=IFCDIRECTION((1.,0.,0.));
#6046=IFCDIRECTION((0.,1.,0.));
#6047=IFCDIRECTION((0.,0.,1.));
#6048=IFCCARTESIANTRANSFORMATIONOPERATOR3D(#6045,#6046,#6044,1.,#6047);
#6049=IFCMAPPEDITEM(#2086,#6048);
#6050=IFCSHAPEREPRESENTATION(#11,'Body','MappedRepresentation',(#6049));
#6051=IFCPRODUCTDEFINITIONSHAPE($,$,(#6050));
#6052=IFCBUILDINGELEMENTPART('0yn1QWvXb32QLdyc3w5yej',$,'Ceiling 2 Wide Block 8.11',$,$,#7796,#6060,$,$);
#6053=IFCCARTESIANPOINT((0.,0.,0.));
#6054=IFCDIRECTION((1.,0.,0.));
#6055=IFCDIRECTION((0.,1.,0.));
#6056=IFCDIRECTION((0.,0.,1.));
#6057=IFCCARTESIANTRANSFORMATIONOPERATOR3D(#6054,#6055,#6053,1.,#6056);
#6058=IFCMAPPEDITEM(#2086,#6057);
#6059=IFCSHAPEREPRESENTATION(#11,'Body','MappedRepresentation',(#6058));
#6060=IFCPRODUCTDEFINITIONSHAPE($,$,(#6059));
#6061=IFCBUILDINGELEMENTPART('2eb5CS2mr5ggz2Zgpt6SWe',$,'Ceiling 2 Wide Block 8.12',$,$,#7801,#6069,$,$);
#6062=IFCCARTESIANPOINT((0.,0.,0.));
#6063=IFCDIRECTION((1.,0.,0.));
#6064=IFCDIRECTION((0.,1.,0.));
#6065=IFCDIRECTION((0.,0.,1.));
#6066=IFCCARTESIANTRANSFORMATIONOPERATOR3D(#6063,#6064,#6062,1.,#6065);
#6067=IFCMAPPEDITEM(#2086,#6066);
#6068=IFCSHAPEREPRESENTATION(#11,'Body','MappedRepresentation',(#6067));
#6069=IFCPRODUCTDEFINITIONSHAPE($,$,(#6068));
#6070=IFCBUILDINGELEMENTPART('02aO_H7tn3UfxVMCN$yYeD',$,'Ceiling 2 Wide Block 8.13',$,$,#7806,#6078,$,$);
#6071=IFCCARTESIANPOINT((0.,0.,0.));
#6072=IFCDIRECTION((1.,0.,0.));
#6073=IFCDIRECTION((0.,1.,0.));
#6074=IFCDIRECTION((0.,0.,1.));
#6075=IFCCARTESIANTRANSFORMATIONOPERATOR3D(#6072,#6073,#6071,1.,#6074);
#6076=IFCMAPPEDITEM(#2086,#6075);
#6077=IFCSHAPEREPRESENTATION(#11,'Body','MappedRepresentation',(#6076));
#6078=IFCPRODUCTDEFINITIONSHAPE($,$,(#6077));
#6079=IFCBUILDINGELEMENTPART('1ztRRqJaT9MxGVUR4iVKck',$,'Ceiling 2 Wide Block 8.14',$,$,#7811,#6087,$,$);
#6080=IFCCARTESIANPOINT((0.,0.,0.));
#6081=IFCDIRECTION((1.,0.,0.));
#6082=IFCDIRECTION((0.,1.,0.));
#6083=IFCDIRECTION((0.,0.,1.));
#6084=IFCCARTESIANTRANSFORMATIONOPERATOR3D(#6081,#6082,#6080,1.,#6083);
#6085=IFCMAPPEDITEM(#2086,#6084);
#6086=IFCSHAPEREPRESENTATION(#11,'Body','MappedRepresentation',(#6085));
#6087=IFCPRODUCTDEFINITIONSHAPE($,$,(#6086));
#6088=IFCBUILDINGELEMENTPART('1mXCoCLOb1COazKr9smViq',$,'Ceiling 2 Wide Block 8.15',$,$,#7816,#6096,$,$);
#6089=IFCCARTESIANPOINT((0.,0.,0.));
#6090=IFCDIRECTION((1.,0.,0.));
#6091=IFCDIRECTION((0.,1.,0.));
#6092=IFCDIRECTION((0.,0.,1.));
#6093=IFCCARTESIANTRANSFORMATIONOPERATOR3D(#6090,#6091,#6089,1.,#6092);
#6094=IFCMAPPEDITEM(#2086,#6093);
#6095=IFCSHAPEREPRESENTATION(#11,'Body','MappedRepresentation',(#6094));
#6096=IFCPRODUCTDEFINITIONSHAPE($,$,(#6095));
#6097=IFCBUILDINGELEMENTPART('1zUCaxog9Fq8bO1SY5oRZG',$,'Ceiling 2 Wide Block 8.16',$,$,#7821,#6105,$,$);
#6098=IFCCARTESIANPOINT((0.,0.,0.));
#6099=IFCDIRECTION((1.,0.,0.));
#6100=IFCDIRECTION((0.,1.,0.));
#6101=IFCDIRECTION((0.,0.,1.));
#6102=IFCCARTESIANTRANSFORMATIONOPERATOR3D(#6099,#6100,#6098,1.,#6101);
#6103=IFCMAPPEDITEM(#2086,#6102);
#6104=IFCSHAPEREPRESENTATION(#11,'Body','MappedRepresentation',(#6103));
#6105=IFCPRODUCTDEFINITIONSHAPE($,$,(#6104));
#6106=IFCBUILDINGELEMENTPART('0FqlD$Q_fD4Aj4V_zezCw$',$,'Ceiling 2 Wide Block 8.17',$,$,#7826,#6114,$,$);
#6107=IFCCARTESIANPOINT((0.,0.,0.));
#6108=IFCDIRECTION((1.,0.,0.));
#6109=IFCDIRECTION((0.,1.,0.));
#6110=IFCDIRECTION((0.,0.,1.));
#6111=IFCCARTESIANTRANSFORMATIONOPERATOR3D(#6108,#6109,#6107,1.,#6110);
#6112=IFCMAPPEDITEM(#2086,#6111);
#6113=IFCSHAPEREPRESENTATION(#11,'Body','MappedRepresentation',(#6112));
#6114=IFCPRODUCTDEFINITIONSHAPE($,$,(#6113));
#6115=IFCBUILDINGELEMENTPART('39oeKtUGf9KRqvOMR8755K',$,'Ceiling 2 Wide Block 8.18',$,$,#7831,#6123,$,$);
#6116=IFCCARTESIANPOINT((0.,0.,0.));
#6117=IFCDIRECTION((1.,0.,0.));
#6118=IFCDIRECTION((0.,1.,0.));
#6119=IFCDIRECTION((0.,0.,1.));
#6120=IFCCARTESIANTRANSFORMATIONOPERATOR3D(#6117,#6118,#6116,1.,#6119);
#6121=IFCMAPPEDITEM(#2086,#6120);
#6122=IFCSHAPEREPRESENTATION(#11,'Body','MappedRepresentation',(#6121));
#6123=IFCPRODUCTDEFINITIONSHAPE($,$,(#6122));
#6124=IFCBUILDINGELEMENTPART('1EzFDSGXP1zx8XrHYWWjOa',$,'Ceiling 2 Wide Block 8.19',$,$,#7836,#6132,$,$);
#6125=IFCCARTESIANPOINT((0.,0.,0.));
#6126=IFCDIRECTION((1.,0.,0.));
#6127=IFCDIRECTION((0.,1.,0.));
#6128=IFCDIRECTION((0.,0.,1.));
#6129=IFCCARTESIANTRANSFORMATIONOPERATOR3D(#6126,#6127,#6125,1.,#6128);
#6130=IFCMAPPEDITEM(#2086,#6129);
#6131=IFCSHAPEREPRESENTATION(#11,'Body','MappedRepresentation',(#6130));
#6132=IFCPRODUCTDEFINITIONSHAPE($,$,(#6131));
#6133=IFCBEAM('1qS64tinv8zhxTOK8EYblv',$,'Ceiling 2 Beam 8',$,$,#7841,#6141,$,$);
#6134=IFCCARTESIANPOINT((0.,0.,0.));
#6135=IFCDIRECTION((1.,0.,0.));
#6136=IFCDIRECTION((0.,1.,0.));
#6137=IFCDIRECTION((0.,0.,1.));
#6138=IFCCARTESIANTRANSFORMATIONOPERATOR3D(#6135,#6136,#6134,1.,#6137);
#6139=IFCMAPPEDITEM(#4872,#6138);
#6140=IFCSHAPEREPRESENTATION(#11,'Body','MappedRepresentation',(#6139));
#6141=IFCPRODUCTDEFINITIONSHAPE($,$,(#6140));
#6142=IFCBUILDINGELEMENTPART('08GrTPMqj3KwGZeOT2n2D2',$,'Ceiling 2 Wide Block 9.1',$,$,#7846,#6150,$,$);
#6143=IFCCARTESIANPOINT((0.,0.,0.));
#6144=IFCDIRECTION((1.,0.,0.));
#6145=IFCDIRECTION((0.,1.,0.));
#6146=IFCDIRECTION((0.,0.,1.));
#6147=IFCCARTESIANTRANSFORMATIONOPERATOR3D(#6144,#6145,#6143,1.,#6146);
#6148=IFCMAPPEDITEM(#2086,#6147);
#6149=IFCSHAPEREPRESENTATION(#11,'Body','MappedRepresentation',(#6148));
#6150=IFCPRODUCTDEFINITIONSHAPE($,$,(#6149));
#6151=IFCBUILDINGELEMENTPART('0sWO6kfOfDjBPS0K_s8eoW',$,'Ceiling 2 Wide Block 9.2',$,$,#7851,#6159,$,$);
#6152=IFCCARTESIANPOINT((0.,0.,0.));
#6153=IFCDIRECTION((1.,0.,0.));
#6154=IFCDIRECTION((0.,1.,0.));
#6155=IFCDIRECTION((0.,0.,1.));
#6156=IFCCARTESIANTRANSFORMATIONOPERATOR3D(#6153,#6154,#6152,1.,#6155);
#6157=IFCMAPPEDITEM(#2086,#6156);
#6158=IFCSHAPEREPRESENTATION(#11,'Body','MappedRepresentation',(#6157));
#6159=IFCPRODUCTDEFINITIONSHAPE($,$,(#6158));
#6160=IFCBUILDINGELEMENTPART('3dy5XNl1P1TebxAKAjvB38',$,'Ceiling 2 Wide Block 9.3',$,$,#7856,#6168,$,$);
#6161=IFCCARTESIANPOINT((0.,0.,0.));
#6162=IFCDIRECTION((1.,0.,0.));
#6163=IFCDIRECTION((0.,1.,0.));
#6164=IFCDIRECTION((0.,0.,1.));
#6165=IFCCARTESIANTRANSFORMATIONOPERATOR3D(#6162,#6163,#6161,1.,#6164);
#6166=IFCMAPPEDITEM(#2086,#6165);
#6167=IFCSHAPEREPRESENTATION(#11,'Body','MappedRepresentation',(#6166));
#6168=IFCPRODUCTDEFINITIONSHAPE($,$,(#6167));
#6169=IFCBUILDINGELEMENTPART('0b6gRBYHHAaAXypo$k$AxR',$,'Ceiling 2 Wide Block 9.4',$,$,#7861,#6177,$,$);
#6170=IFCCARTESIANPOINT((0.,0.,0.));
#6171=IFCDIRECTION((1.,0.,0.));
#6172=IFCDIRECTION((0.,1.,0.));
#6173=IFCDIRECTION((0.,0.,1.));
#6174=IFCCARTESIANTRANSFORMATIONOPERATOR3D(#6171,#6172,#6170,1.,#6173);
#6175=IFCMAPPEDITEM(#2086,#6174);
#6176=IFCSHAPEREPRESENTATION(#11,'Body','MappedRepresentation',(#6175));
#6177=IFCPRODUCTDEFINITIONSHAPE($,$,(#6176));
#6178=IFCBUILDINGELEMENTPART('2Wv1Rzbxn9MAqVeyGU$aZ0',$,'Ceiling 2 Wide Block 9.5',$,$,#7866,#6186,$,$);
#6179=IFCCARTESIANPOINT((0.,0.,0.));
#6180=IFCDIRECTION((1.,0.,0.));
#6181=IFCDIRECTION((0.,1.,0.));
#6182=IFCDIRECTION((0.,0.,1.));
#6183=IFCCARTESIANTRANSFORMATIONOPERATOR3D(#6180,#6181,#6179,1.,#6182);
#6184=IFCMAPPEDITEM(#2086,#6183);
#6185=IFCSHAPEREPRESENTATION(#11,'Body','MappedRepresentation',(#6184));
#6186=IFCPRODUCTDEFINITIONSHAPE($,$,(#6185));
#6187=IFCBUILDINGELEMENTPART('3z_ZL_4df8nhS8MEEnVnHN',$,'Ceiling 2 Wide Block 9.6',$,$,#7871,#6195,$,$);
#6188=IFCCARTESIANPOINT((0.,0.,0.));
#6189=IFCDIRECTION((1.,0.,0.));
#6190=IFCDIRECTION((0.,1.,0.));
#6191=IFCDIRECTION((0.,0.,1.));
#6192=IFCCARTESIANTRANSFORMATIONOPERATOR3D(#6189,#6190,#6188,1.,#6191);
#6193=IFCMAPPEDITEM(#2086,#6192);
#6194=IFCSHAPEREPRESENTATION(#11,'Body','MappedRepresentation',(#6193));
#6195=IFCPRODUCTDEFINITIONSHAPE($,$,(#6194));
#6196=IFCBUILDINGELEMENTPART('0paix34V92lu18NDdO9Fye',$,'Ceiling 2 Wide Block 9.7',$,$,#7876,#6204,$,$);
#6197=IFCCARTESIANPOINT((0.,0.,0.));
#6198=IFCDIRECTION((1.,0.,0.));
#6199=IFCDIRECTION((0.,1.,0.));
#6200=IFCDIRECTION((0.,0.,1.));
#6201=IFCCARTESIANTRANSFORMATIONOPERATOR3D(#6198,#6199,#6197,1.,#6200);
#6202=IFCMAPPEDITEM(#2086,#6201);
#6203=IFCSHAPEREPRESENTATION(#11,'Body','MappedRepresentation',(#6202));
#6204=IFCPRODUCTDEFINITIONSHAPE($,$,(#6203));
#6205=IFCBUILDINGELEMENTPART('0Dqi9N$1v4XvIgI8OWm4Lr',$,'Ceiling 2 Wide Block 9.8',$,$,#7881,#6213,$,$);
#6206=IFCCARTESIANPOINT((0.,0.,0.));
#6207=IFCDIRECTION((1.,0.,0.));
#6208=IFCDIRECTION((0.,1.,0.));
#6209=IFCDIRECTION((0.,0.,1.));
#6210=IFCCARTESIANTRANSFORMATIONOPERATOR3D(#6207,#6208,#6206,1.,#6209);
#6211=IFCMAPPEDITEM(#2086,#6210);
#6212=IFCSHAPEREPRESENTATION(#11,'Body','MappedRepresentation',(#6211));
#6213=IFCPRODUCTDEFINITIONSHAPE($,$,(#6212));
#6214=IFCBUILDINGELEMENTPART('1mDCjdnnb6DgrUlUGDgDoH',$,'Ceiling 2 Wide Block 9.9',$,$,#7886,#6222,$,$);
#6215=IFCCARTESIANPOINT((0.,0.,0.));
#6216=IFCDIRECTION((1.,0.,0.));
#6217=IFCDIRECTION((0.,1.,0.));
#6218=IFCDIRECTION((0.,0.,1.));
#6219=IFCCARTESIANTRANSFORMATIONOPERATOR3D(#6216,#6217,#6215,1.,#6218);
#6220=IFCMAPPEDITEM(#2086,#6219);
#6221=IFCSHAPEREPRESENTATION(#11,'Body','MappedRepresentation',(#6220));
#6222=IFCPRODUCTDEFINITIONSHAPE($,$,(#6221));
#6223=IFCBUILDINGELEMENTPART('0ru3MoWFD5AhgGKLHpP9iJ',$,'Ceiling 2 Wide Block 9.10',$,$,#7891,#6231,$,$);
#6224=IFCCARTESIANPOINT((0.,0.,0.));
#6225=IFCDIRECTION((1.,0.,0.));
#6226=IFCDIRECTION((0.,1.,0.));
#6227=IFCDIRECTION((0.,0.,1.));
#6228=IFCCARTESIANTRANSFORMATIONOPERATOR3D(#6225,#6226,#6224,1.,#6227);
#6229=IFCMAPPEDITEM(#2086,#6228);
#6230=IFCSHAPEREPRESENTATION(#11,'Body','MappedRepresentation',(#6229));
#6231=IFCPRODUCTDEFINITIONSHAPE($,$,(#6230));
#6232=IFCBUILDINGELEMENTPART('2mKUWiR1v9VPNnsAOLGJHz',$,'Ceiling 2 Wide Block 9.11',$,$,#7896,#6240,$,$);
#6233=IFCCARTESIANPOINT((0.,0.,0.));
#6234=IFCDIRECTION((1.,0.,0.));
#6235=IFCDIRECTION((0.,1.,0.));
#6236=IFCDIRECTION((0.,0.,1.));
#6237=IFCCARTESIANTRANSFORMATIONOPERATOR3D(#6234,#6235,#6233,1.,#6236);
#6238=IFCMAPPEDITEM(#2086,#6237);
#6239=IFCSHAPEREPRESENTATION(#11,'Body','MappedRepresentation',(#6238));
#6240=IFCPRODUCTDEFINITIONSHAPE($,$,(#6239));
#6241=IFCBUILDINGELEMENTPART('30dEZZxKX33eEp1XKjD1W2',$,'Ceiling 2 Wide Block 9.12',$,$,#7901,#6249,$,$);
#6242=IFCCARTESIANPOINT((0.,0.,0.));
#6243=IFCDIRECTION((1.,0.,0.));
#6244=IFCDIRECTION((0.,1.,0.));
#6245=IFCDIRECTION((0.,0.,1.));
#6246=IFCCARTESIANTRANSFORMATIONOPERATOR3D(#6243,#6244,#6242,1.,#6245);
#6247=IFCMAPPEDITEM(#2086,#6246);
#6248=IFCSHAPEREPRESENTATION(#11,'Body','MappedRepresentation',(#6247));
#6249=IFCPRODUCTDEFINITIONSHAPE($,$,(#6248));
#6250=IFCBUILDINGELEMENTPART('27meejPAf2iR55tXd_xzoR',$,'Ceiling 2 Wide Block 9.13',$,$,#7906,#6258,$,$);
#6251=IFCCARTESIANPOINT((0.,0.,0.));
#6252=IFCDIRECTION((1.,0.,0.));
#6253=IFCDIRECTION((0.,1.,0.));
#6254=IFCDIRECTION((0.,0.,1.));
#6255=IFCCARTESIANTRANSFORMATIONOPERATOR3D(#6252,#6253,#6251,1.,#6254);
#6256=IFCMAPPEDITEM(#2086,#6255);
#6257=IFCSHAPEREPRESENTATION(#11,'Body','MappedRepresentation',(#6256));
#6258=IFCPRODUCTDEFINITIONSHAPE($,$,(#6257));
#6259=IFCBUILDINGELEMENTPART('1QDnv_Nu9FxxZEWOocRd97',$,'Ceiling 2 Wide Block 9.14',$,$,#7911,#6267,$,$);
#6260=IFCCARTESIANPOINT((0.,0.,0.));
#6261=IFCDIRECTION((1.,0.,0.));
#6262=IFCDIRECTION((0.,1.,0.));
#6263=IFCDIRECTION((0.,0.,1.));
#6264=IFCCARTESIANTRANSFORMATIONOPERATOR3D(#6261,#6262,#6260,1.,#6263);
#6265=IFCMAPPEDITEM(#2086,#6264);
#6266=IFCSHAPEREPRESENTATION(#11,'Body','MappedRepresentation',(#6265));
#6267=IFCPRODUCTDEFINITIONSHAPE($,$,(#6266));
#6268=IFCBUILDINGELEMENTPART('2Aoc$I76n9wOv4pVrmAMWQ',$,'Ceiling 2 Wide Block 9.15',$,$,#7916,#6276,$,$);
#6269=IFCCARTESIANPOINT((0.,0.,0.));
#6270=IFCDIRECTION((1.,0.,0.));
#6271=IFCDIRECTION((0.,1.,0.));
#6272=IFCDIRECTION((0.,0.,1.));
#6273=IFCCARTESIANTRANSFORMATIONOPERATOR3D(#6270,#6271,#6269,1.,#6272);
#6274=IFCMAPPEDITEM(#2086,#6273);
#6275=IFCSHAPEREPRESENTATION(#11,'Body','MappedRepresentation',(#6274));
#6276=IFCPRODUCTDEFINITIONSHAPE($,$,(#6275));
#6277=IFCBUILDINGELEMENTPART('0Q2_Cejqr6EPJfk2O2YiB3',$,'Ceiling 2 Wide Block 9.16',$,$,#7921,#6285,$,$);
#6278=IFCCARTESIANPOINT((0.,0.,0.));
#6279=IFCDIRECTION((1.,0.,0.));
#6280=IFCDIRECTION((0.,1.,0.));
#6281=IFCDIRECTION((0.,0.,1.));
#6282=IFCCARTESIANTRANSFORMATIONOPERATOR3D(#6279,#6280,#6278,1.,#6281);
#6283=IFCMAPPEDITEM(#2086,#6282);
#6284=IFCSHAPEREPRESENTATION(#11,'Body','MappedRepresentation',(#6283));
#6285=IFCPRODUCTDEFINITIONSHAPE($,$,(#6284));
#6286=IFCBUILDINGELEMENTPART('0E4KawjwPFHQOToeLJ2JYu',$,'Ceiling 2 Wide Block 9.17',$,$,#7926,#6294,$,$);
#6287=IFCCARTESIANPOINT((0.,0.,0.));
#6288=IFCDIRECTION((1.,0.,0.));
#6289=IFCDIRECTION((0.,1.,0.));
#6290=IFCDIRECTION((0.,0.,1.));
#6291=IFCCARTESIANTRANSFORMATIONOPERATOR3D(#6288,#6289,#6287,1.,#6290);
#6292=IFCMAPPEDITEM(#2086,#6291);
#6293=IFCSHAPEREPRESENTATION(#11,'Body','MappedRepresentation',(#6292));
#6294=IFCPRODUCTDEFINITIONSHAPE($,$,(#6293));
#6295=IFCBUILDINGELEMENTPART('2JBa1nJnr2Yh3IIEU6tYlQ',$,'Ceiling 2 Wide Block 9.18',$,$,#7931,#6303,$,$);
#6296=IFCCARTESIANPOINT((0.,0.,0.));
#6297=IFCDIRECTION((1.,0.,0.));
#6298=IFCDIRECTION((0.,1.,0.));
#6299=IFCDIRECTION((0.,0.,1.));
#6300=IFCCARTESIANTRANSFORMATIONOPERATOR3D(#6297,#6298,#6296,1.,#6299);
#6301=IFCMAPPEDITEM(#2086,#6300);
#6302=IFCSHAPEREPRESENTATION(#11,'Body','MappedRepresentation',(#6301));
#6303=IFCPRODUCTDEFINITIONSHAPE($,$,(#6302));
#6304=IFCBUILDINGELEMENTPART('32$f0tiZLCiP11HmUuvCxF',$,'Ceiling 2 Wide Block 9.19',$,$,#7936,#6312,$,$);
#6305=IFCCARTESIANPOINT((0.,0.,0.));
#6306=IFCDIRECTION((1.,0.,0.));
#6307=IFCDIRECTION((0.,1.,0.));
#6308=IFCDIRECTION((0.,0.,1.));
#6309=IFCCARTESIANTRANSFORMATIONOPERATOR3D(#6306,#6307,#6305,1.,#6308);
#6310=IFCMAPPEDITEM(#2086,#6309);
#6311=IFCSHAPEREPRESENTATION(#11,'Body','MappedRepresentation',(#6310));
#6312=IFCPRODUCTDEFINITIONSHAPE($,$,(#6311));
#6313=IFCBEAM('1zAvxwcmfE789atMYkbzZx',$,'Ceiling 2 Beam 9',$,$,#7941,#6321,$,$);
#6314=IFCCARTESIANPOINT((0.,0.,0.));
#6315=IFCDIRECTION((1.,0.,0.));
#6316=IFCDIRECTION((0.,1.,0.));
#6317=IFCDIRECTION((0.,0.,1.));
#6318=IFCCARTESIANTRANSFORMATIONOPERATOR3D(#6315,#6316,#6314,1.,#6317);
#6319=IFCMAPPEDITEM(#4872,#6318);
#6320=IFCSHAPEREPRESENTATION(#11,'Body','MappedRepresentation',(#6319));
#6321=IFCPRODUCTDEFINITIONSHAPE($,$,(#6320));
#6322=IFCBUILDINGELEMENTPART('1Ncpa535z4yR5Fp7rM0FJP',$,'Ceiling 2 Wide Block 10.1',$,$,#7946,#6330,$,$);
#6323=IFCCARTESIANPOINT((0.,0.,0.));
#6324=IFCDIRECTION((1.,0.,0.));
#6325=IFCDIRECTION((0.,1.,0.));
#6326=IFCDIRECTION((0.,0.,1.));
#6327=IFCCARTESIANTRANSFORMATIONOPERATOR3D(#6324,#6325,#6323,1.,#6326);
#6328=IFCMAPPEDITEM(#2086,#6327);
#6329=IFCSHAPEREPRESENTATION(#11,'Body','MappedRepresentation',(#6328));
#6330=IFCPRODUCTDEFINITIONSHAPE($,$,(#6329));
#6331=IFCBUILDINGELEMENTPART('3Ta5UFqnXFiw1mJl0UbOFb',$,'Ceiling 2 Wide Block 10.2',$,$,#7951,#6339,$,$);
#6332=IFCCARTESIANPOINT((0.,0.,0.));
#6333=IFCDIRECTION((1.,0.,0.));
#6334=IFCDIRECTION((0.,1.,0.));
#6335=IFCDIRECTION((0.,0.,1.));
#6336=IFCCARTESIANTRANSFORMATIONOPERATOR3D(#6333,#6334,#6332,1.,#6335);
#6337=IFCMAPPEDITEM(#2086,#6336);
#6338=IFCSHAPEREPRESENTATION(#11,'Body','MappedRepresentation',(#6337));
#6339=IFCPRODUCTDEFINITIONSHAPE($,$,(#6338));
#6340=IFCBUILDINGELEMENTPART('3Q8Q9N1mnF5gbk3$kswdIT',$,'Ceiling 2 Wide Block 10.3',$,$,#7956,#6348,$,$);
#6341=IFCCARTESIANPOINT((0.,0.,0.));
#6342=IFCDIRECTION((1.,0.,0.));
#6343=IFCDIRECTION((0.,1.,0.));
#6344=IFCDIRECTION((0.,0.,1.));
#6345=IFCCARTESIANTRANSFORMATIONOPERATOR3D(#6342,#6343,#6341,1.,#6344);
#6346=IFCMAPPEDITEM(#2086,#6345);
#6347=IFCSHAPEREPRESENTATION(#11,'Body','MappedRepresentation',(#6346));
#6348=IFCPRODUCTDEFINITIONSHAPE($,$,(#6347));
#6349=IFCBUILDINGELEMENTPART('1so_V5Lf9AJvSiz1Aj00h5',$,'Ceiling 2 Wide Block 10.4',$,$,#7961,#6357,$,$);
#6350=IFCCARTESIANPOINT((0.,0.,0.));
#6351=IFCDIRECTION((1.,0.,0.));
#6352=IFCDIRECTION((0.,1.,0.));
#6353=IFCDIRECTION((0.,0.,1.));
#6354=IFCCARTESIANTRANSFORMATIONOPERATOR3D(#6351,#6352,#6350,1.,#6353);
#6355=IFCMAPPEDITEM(#2086,#6354);
#6356=IFCSHAPEREPRESENTATION(#11,'Body','MappedRepresentation',(#6355));
#6357=IFCPRODUCTDEFINITIONSHAPE($,$,(#6356));
#6358=IFCBUILDINGELEMENTPART('1HhevhnN5ElAFo3AmPCrqe',$,'Ceiling 2 Wide Block 10.5',$,$,#7966,#6366,$,$);
#6359=IFCCARTESIANPOINT((0.,0.,0.));
#6360=IFCDIRECTION((1.,0.,0.));
#6361=IFCDIRECTION((0.,1.,0.));
#6362=IFCDIRECTION((0.,0.,1.));
#6363=IFCCARTESIANTRANSFORMATIONOPERATOR3D(#6360,#6361,#6359,1.,#6362);
#6364=IFCMAPPEDITEM(#2086,#6363);
#6365=IFCSHAPEREPRESENTATION(#11,'Body','MappedRepresentation',(#6364));
#6366=IFCPRODUCTDEFINITIONSHAPE($,$,(#6365));
#6367=IFCBUILDINGELEMENTPART('0cFuOHJ$fB1x0HSKpm32xO',$,'Ceiling 2 Wide Block 10.6',$,$,#7971,#6375,$,$);
#6368=IFCCARTESIANPOINT((0.,0.,0.));
#6369=IFCDIRECTION((1.,0.,0.));
#6370=IFCDIRECTION((0.,1.,0.));
#6371=IFCDIRECTION((0.,0.,1.));
#6372=IFCCARTESIANTRANSFORMATIONOPERATOR3D(#6369,#6370,#6368,1.,#6371);
#6373=IFCMAPPEDITEM(#2086,#6372);
#6374=IFCSHAPEREPRESENTATION(#11,'Body','MappedRepresentation',(#6373));
#6375=IFCPRODUCTDEFINITIONSHAPE($,$,(#6374));
#6376=IFCBUILDINGELEMENTPART('0RzCGs0i971elzjDtegpio',$,'Ceiling 2 Wide Block 10.7',$,$,#7976,#6384,$,$);
#6377=IFCCARTESIANPOINT((0.,0.,0.));
#6378=IFCDIRECTION((1.,0.,0.));
#6379=IFCDIRECTION((0.,1.,0.));
#6380=IFCDIRECTION((0.,0.,1.));
#6381=IFCCARTESIANTRANSFORMATIONOPERATOR3D(#6378,#6379,#6377,1.,#6380);
#6382=IFCMAPPEDITEM(#2086,#6381);
#6383=IFCSHAPEREPRESENTATION(#11,'Body','MappedRepresentation',(#6382));
#6384=IFCPRODUCTDEFINITIONSHAPE($,$,(#6383));
#6385=IFCBUILDINGELEMENTPART('1n26hpzozEvfU3r_yx$x57',$,'Ceiling 2 Wide Block 10.8',$,$,#7981,#6393,$,$);
#6386=IFCCARTESIANPOINT((0.,0.,0.));
#6387=IFCDIRECTION((1.,0.,0.));
#6388=IFCDIRECTION((0.,1.,0.));
#6389=IFCDIRECTION((0.,0.,1.));
#6390=IFCCARTESIANTRANSFORMATIONOPERATOR3D(#6387,#6388,#6386,1.,#6389);
#6391=IFCMAPPEDITEM(#2086,#6390);
#6392=IFCSHAPEREPRESENTATION(#11,'Body','MappedRepresentation',(#6391));
#6393=IFCPRODUCTDEFINITIONSHAPE($,$,(#6392));
#6394=IFCBUILDINGELEMENTPART('2RkAM5LmL6vRg63VynGeCx',$,'Ceiling 2 Wide Block 10.9',$,$,#7986,#6402,$,$);
#6395=IFCCARTESIANPOINT((0.,0.,0.));
#6396=IFCDIRECTION((1.,0.,0.));
#6397=IFCDIRECTION((0.,1.,0.));
#6398=IFCDIRECTION((0.,0.,1.));
#6399=IFCCARTESIANTRANSFORMATIONOPERATOR3D(#6396,#6397,#6395,1.,#6398);
#6400=IFCMAPPEDITEM(#2086,#6399);
#6401=IFCSHAPEREPRESENTATION(#11,'Body','MappedRepresentation',(#6400));
#6402=IFCPRODUCTDEFINITIONSHAPE($,$,(#6401));
#6403=IFCBUILDINGELEMENTPART('17mtuxsizDq9DfYkG6jYM3',$,'Ceiling 2 Wide Block 10.10',$,$,#7991,#6411,$,$);
#6404=IFCCARTESIANPOINT((0.,0.,0.));
#6405=IFCDIRECTION((1.,0.,0.));
#6406=IFCDIRECTION((0.,1.,0.));
#6407=IFCDIRECTION((0.,0.,1.));
#6408=IFCCARTESIANTRANSFORMATIONOPERATOR3D(#6405,#6406,#6404,1.,#6407);
#6409=IFCMAPPEDITEM(#2086,#6408);
#6410=IFCSHAPEREPRESENTATION(#11,'Body','MappedRepresentation',(#6409));
#6411=IFCPRODUCTDEFINITIONSHAPE($,$,(#6410));
#6412=IFCBUILDINGELEMENTPART('3pCq5BnLT3Qui5Si5yl7O7',$,'Ceiling 2 Wide Block 10.11',$,$,#7996,#6420,$,$);
#6413=IFCCARTESIANPOINT((0.,0.,0.));
#6414=IFCDIRECTION((1.,0.,0.));
#6415=IFCDIRECTION((0.,1.,0.));
#6416=IFCDIRECTION((0.,0.,1.));
#6417=IFCCARTESIANTRANSFORMATIONOPERATOR3D(#6414,#6415,#6413,1.,#6416);
#6418=IFCMAPPEDITEM(#2086,#6417);
#6419=IFCSHAPEREPRESENTATION(#11,'Body','MappedRepresentation',(#6418));
#6420=IFCPRODUCTDEFINITIONSHAPE($,$,(#6419));
#6421=IFCBUILDINGELEMENTPART('16leRNtgv7W9khMq3pWgY$',$,'Ceiling 2 Wide Block 10.12',$,$,#8001,#6429,$,$);
#6422=IFCCARTESIANPOINT((0.,0.,0.));
#6423=IFCDIRECTION((1.,0.,0.));
#6424=IFCDIRECTION((0.,1.,0.));
#6425=IFCDIRECTION((0.,0.,1.));
#6426=IFCCARTESIANTRANSFORMATIONOPERATOR3D(#6423,#6424,#6422,1.,#6425);
#6427=IFCMAPPEDITEM(#2086,#6426);
#6428=IFCSHAPEREPRESENTATION(#11,'Body','MappedRepresentation',(#6427));
#6429=IFCPRODUCTDEFINITIONSHAPE($,$,(#6428));
#6430=IFCBUILDINGELEMENTPART('0rZnqq0N95Tuozr1QLMkdi',$,'Ceiling 2 Wide Block 10.13',$,$,#8006,#6438,$,$);
#6431=IFCCARTESIANPOINT((0.,0.,0.));
#6432=IFCDIRECTION((1.,0.,0.));
#6433=IFCDIRECTION((0.,1.,0.));
#6434=IFCDIRECTION((0.,0.,1.));
#6435=IFCCARTESIANTRANSFORMATIONOPERATOR3D(#6432,#6433,#6431,1.,#6434);
#6436=IFCMAPPEDITEM(#2086,#6435);
#6437=IFCSHAPEREPRESENTATION(#11,'Body','MappedRepresentation',(#6436));
#6438=IFCPRODUCTDEFINITIONSHAPE($,$,(#6437));
#6439=IFCBUILDINGELEMENTPART('2o0amH7Vn2gwANj4QQc56W',$,'Ceiling 2 Wide Block 10.14',$,$,#8011,#6447,$,$);
#6440=IFCCARTESIANPOINT((0.,0.,0.));
#6441=IFCDIRECTION((1.,0.,0.));
#6442=IFCDIRECTION((0.,1.,0.));
#6443=IFCDIRECTION((0.,0.,1.));
#6444=IFCCARTESIANTRANSFORMATIONOPERATOR3D(#6441,#6442,#6440,1.,#6443);
#6445=IFCMAPPEDITEM(#2086,#6444);
#6446=IFCSHAPEREPRESENTATION(#11,'Body','MappedRepresentation',(#6445));
#6447=IFCPRODUCTDEFINITIONSHAPE($,$,(#6446));
#6448=IFCBUILDINGELEMENTPART('1HEvZijv56zf5HRWFCcUeZ',$,'Ceiling 2 Wide Block 10.15',$,$,#8016,#6456,$,$);
#6449=IFCCARTESIANPOINT((0.,0.,0.));
#6450=IFCDIRECTION((1.,0.,0.));
#6451=IFCDIRECTION((0.,1.,0.));
#6452=IFCDIRECTION((0.,0.,1.));
#6453=IFCCARTESIANTRANSFORMATIONOPERATOR3D(#6450,#6451,#6449,1.,#6452);
#6454=IFCMAPPEDITEM(#2086,#6453);
#6455=IFCSHAPEREPRESENTATION(#11,'Body','MappedRepresentation',(#6454));
#6456=IFCPRODUCTDEFINITIONSHAPE($,$,(#6455));
#6457=IFCBUILDINGELEMENTPART('3A38kb5TT1Vx3VyIySXl0p',$,'Ceiling 2 Wide Block 10.16',$,$,#8021,#6465,$,$);
#6458=IFCCARTESIANPOINT((0.,0.,0.));
#6459=IFCDIRECTION((1.,0.,0.));
#6460=IFCDIRECTION((0.,1.,0.));
#6461=IFCDIRECTION((0.,0.,1.));
#6462=IFCCARTESIANTRANSFORMATIONOPERATOR3D(#6459,#6460,#6458,1.,#6461);
#6463=IFCMAPPEDITEM(#2086,#6462);
#6464=IFCSHAPEREPRESENTATION(#11,'Body','MappedRepresentation',(#6463));
#6465=IFCPRODUCTDEFINITIONSHAPE($,$,(#6464));
#6466=IFCBUILDINGELEMENTPART('3vnVtJkK94sQv3_$1t92n4',$,'Ceiling 2 Wide Block 10.17',$,$,#8026,#6474,$,$);
#6467=IFCCARTESIANPOINT((0.,0.,0.));
#6468=IFCDIRECTION((1.,0.,0.));
#6469=IFCDIRECTION((0.,1.,0.));
#6470=IFCDIRECTION((0.,0.,1.));
#6471=IFCCARTESIANTRANSFORMATIONOPERATOR3D(#6468,#6469,#6467,1.,#6470);
#6472=IFCMAPPEDITEM(#2086,#6471);
#6473=IFCSHAPEREPRESENTATION(#11,'Body','MappedRepresentation',(#6472));
#6474=IFCPRODUCTDEFINITIONSHAPE($,$,(#6473));
#6475=IFCBUILDINGELEMENTPART('2a_kIJ7QD2HAODa297ZZQW',$,'Ceiling 2 Wide Block 10.18',$,$,#8031,#6483,$,$);
#6476=IFCCARTESIANPOINT((0.,0.,0.));
#6477=IFCDIRECTION((1.,0.,0.));
#6478=IFCDIRECTION((0.,1.,0.));
#6479=IFCDIRECTION((0.,0.,1.));
#6480=IFCCARTESIANTRANSFORMATIONOPERATOR3D(#6477,#6478,#6476,1.,#6479);
#6481=IFCMAPPEDITEM(#2086,#6480);
#6482=IFCSHAPEREPRESENTATION(#11,'Body','MappedRepresentation',(#6481));
#6483=IFCPRODUCTDEFINITIONSHAPE($,$,(#6482));
#6484=IFCBUILDINGELEMENTPART('0llY_KPpH9chRGjZq9ju81',$,'Ceiling 2 Wide Block 10.19',$,$,#8036,#6492,$,$);
#6485=IFCCARTESIANPOINT((0.,0.,0.));
#6486=IFCDIRECTION((1.,0.,0.));
#6487=IFCDIRECTION((0.,1.,0.));
#6488=IFCDIRECTION((0.,0.,1.));
#6489=IFCCARTESIANTRANSFORMATIONOPERATOR3D(#6486,#6487,#6485,1.,#6488);
#6490=IFCMAPPEDITEM(#2086,#6489);
#6491=IFCSHAPEREPRESENTATION(#11,'Body','MappedRepresentation',(#6490));
#6492=IFCPRODUCTDEFINITIONSHAPE($,$,(#6491));
#6493=IFCBEAM('0snSFhZ1129Q3NnHg6rngx',$,'Ceiling 2 Beam 10',$,$,#8041,#6501,$,$);
#6494=IFCCARTESIANPOINT((0.,0.,0.));
#6495=IFCDIRECTION((1.,0.,0.));
#6496=IFCDIRECTION((0.,1.,0.));
#6497=IFCDIRECTION((0.,0.,1.));
#6498=IFCCARTESIANTRANSFORMATIONOPERATOR3D(#6495,#6496,#6494,1.,#6497);
#6499=IFCMAPPEDITEM(#4872,#6498);
#6500=IFCSHAPEREPRESENTATION(#11,'Body','MappedRepresentation',(#6499));
#6501=IFCPRODUCTDEFINITIONSHAPE($,$,(#6500));
#6502=IFCBUILDINGELEMENTPART('3rd6a7m4L0RgmQFXTOYs5n',$,'Ceiling 2 Narrow Block 11.1',$,$,#8046,#6510,$,$);
#6503=IFCCARTESIANPOINT((0.,0.,0.));
#6504=IFCDIRECTION((1.,0.,0.));
#6505=IFCDIRECTION((0.,1.,0.));
#6506=IFCDIRECTION((0.,0.,1.));
#6507=IFCCARTESIANTRANSFORMATIONOPERATOR3D(#6504,#6505,#6503,1.,#6506);
#6508=IFCMAPPEDITEM(#3376,#6507);
#6509=IFCSHAPEREPRESENTATION(#11,'Body','MappedRepresentation',(#6508));
#6510=IFCPRODUCTDEFINITIONSHAPE($,$,(#6509));
#6511=IFCBUILDINGELEMENTPART('1UI697fgPFGvJk437pOnhn',$,'Ceiling 2 Narrow Block 11.2',$,$,#8051,#6519,$,$);
#6512=IFCCARTESIANPOINT((0.,0.,0.));
#6513=IFCDIRECTION((1.,0.,0.));
#6514=IFCDIRECTION((0.,1.,0.));
#6515=IFCDIRECTION((0.,0.,1.));
#6516=IFCCARTESIANTRANSFORMATIONOPERATOR3D(#6513,#6514,#6512,1.,#6515);
#6517=IFCMAPPEDITEM(#3376,#6516);
#6518=IFCSHAPEREPRESENTATION(#11,'Body','MappedRepresentation',(#6517));
#6519=IFCPRODUCTDEFINITIONSHAPE($,$,(#6518));
#6520=IFCBUILDINGELEMENTPART('0uZqbPRiX8MQlUN95hvPuS',$,'Ceiling 2 Narrow Block 11.3',$,$,#8056,#6528,$,$);
#6521=IFCCARTESIANPOINT((0.,0.,0.));
#6522=IFCDIRECTION((1.,0.,0.));
#6523=IFCDIRECTION((0.,1.,0.));
#6524=IFCDIRECTION((0.,0.,1.));
#6525=IFCCARTESIANTRANSFORMATIONOPERATOR3D(#6522,#6523,#6521,1.,#6524);
#6526=IFCMAPPEDITEM(#3376,#6525);
#6527=IFCSHAPEREPRESENTATION(#11,'Body','MappedRepresentation',(#6526));
#6528=IFCPRODUCTDEFINITIONSHAPE($,$,(#6527));
#6529=IFCBUILDINGELEMENTPART('3W9zYAWN95o9xey_SX34Rk',$,'Ceiling 2 Narrow Block 11.4',$,$,#8061,#6537,$,$);
#6530=IFCCARTESIANPOINT((0.,0.,0.));
#6531=IFCDIRECTION((1.,0.,0.));
#6532=IFCDIRECTION((0.,1.,0.));
#6533=IFCDIRECTION((0.,0.,1.));
#6534=IFCCARTESIANTRANSFORMATIONOPERATOR3D(#6531,#6532,#6530,1.,#6533);
#6535=IFCMAPPEDITEM(#3376,#6534);
#6536=IFCSHAPEREPRESENTATION(#11,'Body','MappedRepresentation',(#6535));
#6537=IFCPRODUCTDEFINITIONSHAPE($,$,(#6536));
#6538=IFCBUILDINGELEMENTPART('2IH_7ZRsH6CP_mMsBXuf30',$,'Ceiling 2 Narrow Block 11.5',$,$,#8066,#6546,$,$);
#6539=IFCCARTESIANPOINT((0.,0.,0.));
#6540=IFCDIRECTION((1.,0.,0.));
#6541=IFCDIRECTION((0.,1.,0.));
#6542=IFCDIRECTION((0.,0.,1.));
#6543=IFCCARTESIANTRANSFORMATIONOPERATOR3D(#6540,#6541,#6539,1.,#6542);
#6544=IFCMAPPEDITEM(#3376,#6543);
#6545=IFCSHAPEREPRESENTATION(#11,'Body','MappedRepresentation',(#6544));
#6546=IFCPRODUCTDEFINITIONSHAPE($,$,(#6545));
#6547=IFCBUILDINGELEMENTPART('3DWcGFrrf4X8XVVvq8787D',$,'Ceiling 2 Narrow Block 11.6',$,$,#8071,#6555,$,$);
#6548=IFCCARTESIANPOINT((0.,0.,0.));
#6549=IFCDIRECTION((1.,0.,0.));
#6550=IFCDIRECTION((0.,1.,0.));
#6551=IFCDIRECTION((0.,0.,1.));
#6552=IFCCARTESIANTRANSFORMATIONOPERATOR3D(#6549,#6550,#6548,1.,#6551);
#6553=IFCMAPPEDITEM(#3376,#6552);
#6554=IFCSHAPEREPRESENTATION(#11,'Body','MappedRepresentation',(#6553));
#6555=IFCPRODUCTDEFINITIONSHAPE($,$,(#6554));
#6556=IFCBUILDINGELEMENTPART('2RbEJLlEb8cOgzqnokMwi4',$,'Ceiling 2 Narrow Block 11.7',$,$,#8076,#6564,$,$);
#6557=IFCCARTESIANPOINT((0.,0.,0.));
#6558=IFCDIRECTION((1.,0.,0.));
#6559=IFCDIRECTION((0.,1.,0.));
#6560=IFCDIRECTION((0.,0.,1.));
#6561=IFCCARTESIANTRANSFORMATIONOPERATOR3D(#6558,#6559,#6557,1.,#6560);
#6562=IFCMAPPEDITEM(#3376,#6561);
#6563=IFCSHAPEREPRESENTATION(#11,'Body','MappedRepresentation',(#6562));
#6564=IFCPRODUCTDEFINITIONSHAPE($,$,(#6563));
#6565=IFCBUILDINGELEMENTPART('28dhNrTTb24A035YUHeODq',$,'Ceiling 2 Narrow Block 11.8',$,$,#8081,#6573,$,$);
#6566=IFCCARTESIANPOINT((0.,0.,0.));
#6567=IFCDIRECTION((1.,0.,0.));
#6568=IFCDIRECTION((0.,1.,0.));
#6569=IFCDIRECTION((0.,0.,1.));
#6570=IFCCARTESIANTRANSFORMATIONOPERATOR3D(#6567,#6568,#6566,1.,#6569);
#6571=IFCMAPPEDITEM(#3376,#6570);
#6572=IFCSHAPEREPRESENTATION(#11,'Body','MappedRepresentation',(#6571));
#6573=IFCPRODUCTDEFINITIONSHAPE($,$,(#6572));
#6574=IFCBUILDINGELEMENTPART('3NzV7zsR9Cy8XfIfi6hS3a',$,'Ceiling 2 Narrow Block 11.9',$,$,#8086,#6582,$,$);
#6575=IFCCARTESIANPOINT((0.,0.,0.));
#6576=IFCDIRECTION((1.,0.,0.));
#6577=IFCDIRECTION((0.,1.,0.));
#6578=IFCDIRECTION((0.,0.,1.));
#6579=IFCCARTESIANTRANSFORMATIONOPERATOR3D(#6576,#6577,#6575,1.,#6578);
#6580=IFCMAPPEDITEM(#3376,#6579);
#6581=IFCSHAPEREPRESENTATION(#11,'Body','MappedRepresentation',(#6580));
#6582=IFCPRODUCTDEFINITIONSHAPE($,$,(#6581));
#6583=IFCBUILDINGELEMENTPART('1yNmauPCTApOJDnNglK3ML',$,'Ceiling 2 Narrow Block 11.10',$,$,#8091,#6591,$,$);
#6584=IFCCARTESIANPOINT((0.,0.,0.));
#6585=IFCDIRECTION((1.,0.,0.));
#6586=IFCDIRECTION((0.,1.,0.));
#6587=IFCDIRECTION((0.,0.,1.));
#6588=IFCCARTESIANTRANSFORMATIONOPERATOR3D(#6585,#6586,#6584,1.,#6587);
#6589=IFCMAPPEDITEM(#3376,#6588);
#6590=IFCSHAPEREPRESENTATION(#11,'Body','MappedRepresentation',(#6589));
#6591=IFCPRODUCTDEFINITIONSHAPE($,$,(#6590));
#6592=IFCBUILDINGELEMENTPART('3_OYxLMIX4whw4Tdh4ksR$',$,'Ceiling 2 Narrow Block 11.11',$,$,#8096,#6600,$,$);
#6593=IFCCARTESIANPOINT((0.,0.,0.));
#6594=IFCDIRECTION((1.,0.,0.));
#6595=IFCDIRECTION((0.,1.,0.));
#6596=IFCDIRECTION((0.,0.,1.));
#6597=IFCCARTESIANTRANSFORMATIONOPERATOR3D(#6594,#6595,#6593,1.,#6596);
#6598=IFCMAPPEDITEM(#3376,#6597);
#6599=IFCSHAPEREPRESENTATION(#11,'Body','MappedRepresentation',(#6598));
#6600=IFCPRODUCTDEFINITIONSHAPE($,$,(#6599));
#6601=IFCBUILDINGELEMENTPART('0yncyR9AvBph2s0rqQxB6M',$,'Ceiling 2 Narrow Block 11.12',$,$,#8101,#6609,$,$);
#6602=IFCCARTESIANPOINT((0.,0.,0.));
#6603=IFCDIRECTION((1.,0.,0.));
#6604=IFCDIRECTION((0.,1.,0.));
#6605=IFCDIRECTION((0.,0.,1.));
#6606=IFCCARTESIANTRANSFORMATIONOPERATOR3D(#6603,#6604,#6602,1.,#6605);
#6607=IFCMAPPEDITEM(#3376,#6606);
#6608=IFCSHAPEREPRESENTATION(#11,'Body','MappedRepresentation',(#6607));
#6609=IFCPRODUCTDEFINITIONSHAPE($,$,(#6608));
#6610=IFCBUILDINGELEMENTPART('3h6VswZ6P3IP2CraJSJuci',$,'Ceiling 2 Narrow Block 11.13',$,$,#8106,#6618,$,$);
#6611=IFCCARTESIANPOINT((0.,0.,0.));
#6612=IFCDIRECTION((1.,0.,0.));
#6613=IFCDIRECTION((0.,1.,0.));
#6614=IFCDIRECTION((0.,0.,1.));
#6615=IFCCARTESIANTRANSFORMATIONOPERATOR3D(#6612,#6613,#6611,1.,#6614);
#6616=IFCMAPPEDITEM(#3376,#6615);
#6617=IFCSHAPEREPRESENTATION(#11,'Body','MappedRepresentation',(#6616));
#6618=IFCPRODUCTDEFINITIONSHAPE($,$,(#6617));
#6619=IFCBUILDINGELEMENTPART('0S73qNiEL2XPsIxfxPigOp',$,'Ceiling 2 Narrow Block 11.14',$,$,#8111,#6627,$,$);
#6620=IFCCARTESIANPOINT((0.,0.,0.));
#6621=IFCDIRECTION((1.,0.,0.));
#6622=IFCDIRECTION((0.,1.,0.));
#6623=IFCDIRECTION((0.,0.,1.));
#6624=IFCCARTESIANTRANSFORMATIONOPERATOR3D(#6621,#6622,#6620,1.,#6623);
#6625=IFCMAPPEDITEM(#3376,#6624);
#6626=IFCSHAPEREPRESENTATION(#11,'Body','MappedRepresentation',(#6625));
#6627=IFCPRODUCTDEFINITIONSHAPE($,$,(#6626));
#6628=IFCBUILDINGELEMENTPART('22slqH1u58vhRb83oUby7U',$,'Ceiling 2 Narrow Block 11.15',$,$,#8116,#6636,$,$);
#6629=IFCCARTESIANPOINT((0.,0.,0.));
#6630=IFCDIRECTION((1.,0.,0.));
#6631=IFCDIRECTION((0.,1.,0.));
#6632=IFCDIRECTION((0.,0.,1.));
#6633=IFCCARTESIANTRANSFORMATIONOPERATOR3D(#6630,#6631,#6629,1.,#6632);
#6634=IFCMAPPEDITEM(#3376,#6633);
#6635=IFCSHAPEREPRESENTATION(#11,'Body','MappedRepresentation',(#6634));
#6636=IFCPRODUCTDEFINITIONSHAPE($,$,(#6635));
#6637=IFCBUILDINGELEMENTPART('04tblCWVL7HwRtom2TypIm',$,'Ceiling 2 Narrow Block 11.16',$,$,#8121,#6645,$,$);
#6638=IFCCARTESIANPOINT((0.,0.,0.));
#6639=IFCDIRECTION((1.,0.,0.));
#6640=IFCDIRECTION((0.,1.,0.));
#6641=IFCDIRECTION((0.,0.,1.));
#6642=IFCCARTESIANTRANSFORMATIONOPERATOR3D(#6639,#6640,#6638,1.,#6641);
#6643=IFCMAPPEDITEM(#3376,#6642);
#6644=IFCSHAPEREPRESENTATION(#11,'Body','MappedRepresentation',(#6643));
#6645=IFCPRODUCTDEFINITIONSHAPE($,$,(#6644));
#6646=IFCBUILDINGELEMENTPART('2wbsAOacX6uvq2UTE6knaY',$,'Ceiling 2 Narrow Block 11.17',$,$,#8126,#6654,$,$);
#6647=IFCCARTESIANPOINT((0.,0.,0.));
#6648=IFCDIRECTION((1.,0.,0.));
#6649=IFCDIRECTION((0.,1.,0.));
#6650=IFCDIRECTION((0.,0.,1.));
#6651=IFCCARTESIANTRANSFORMATIONOPERATOR3D(#6648,#6649,#6647,1.,#6650);
#6652=IFCMAPPEDITEM(#3376,#6651);
#6653=IFCSHAPEREPRESENTATION(#11,'Body','MappedRepresentation',(#6652));
#6654=IFCPRODUCTDEFINITIONSHAPE($,$,(#6653));
#6655=IFCBUILDINGELEMENTPART('0DuSItVqTA4PfjCziDNOyi',$,'Ceiling 2 Narrow Block 11.18',$,$,#8131,#6663,$,$);
#6656=IFCCARTESIANPOINT((0.,0.,0.));
#6657=IFCDIRECTION((1.,0.,0.));
#6658=IFCDIRECTION((0.,1.,0.));
#6659=IFCDIRECTION((0.,0.,1.));
#6660=IFCCARTESIANTRANSFORMATIONOPERATOR3D(#6657,#6658,#6656,1.,#6659);
#6661=IFCMAPPEDITEM(#3376,#6660);
#6662=IFCSHAPEREPRESENTATION(#11,'Body','MappedRepresentation',(#6661));
#6663=IFCPRODUCTDEFINITIONSHAPE($,$,(#6662));
#6664=IFCBUILDINGELEMENTPART('1Pa95D_tP2TwB7g5ogtaw6',$,'Ceiling 2 Narrow Block 11.19',$,$,#8136,#6672,$,$);
#6665=IFCCARTESIANPOINT((0.,0.,0.));
#6666=IFCDIRECTION((1.,0.,0.));
#6667=IFCDIRECTION((0.,1.,0.));
#6668=IFCDIRECTION((0.,0.,1.));
#6669=IFCCARTESIANTRANSFORMATIONOPERATOR3D(#6666,#6667,#6665,1.,#6668);
#6670=IFCMAPPEDITEM(#3376,#6669);
#6671=IFCSHAPEREPRESENTATION(#11,'Body','MappedRepresentation',(#6670));
#6672=IFCPRODUCTDEFINITIONSHAPE($,$,(#6671));
#6673=IFCBEAM('1rDZBmiurFJg_z4U1Fj2q9',$,'Ceiling 2 Beam 11',$,$,#8141,#6681,$,$);
#6674=IFCCARTESIANPOINT((0.,0.,0.));
#6675=IFCDIRECTION((1.,0.,0.));
#6676=IFCDIRECTION((0.,1.,0.));
#6677=IFCDIRECTION((0.,0.,1.));
#6678=IFCCARTESIANTRANSFORMATIONOPERATOR3D(#6675,#6676,#6674,1.,#6677);
#6679=IFCMAPPEDITEM(#4872,#6678);
#6680=IFCSHAPEREPRESENTATION(#11,'Body','MappedRepresentation',(#6679));
#6681=IFCPRODUCTDEFINITIONSHAPE($,$,(#6680));
#6682=IFCBUILDINGELEMENTPART('0IBCWKMeD6RfpTtRTicX3h',$,'Ceiling 2 Narrow Block 12.1',$,$,#8146,#6690,$,$);
#6683=IFCCARTESIANPOINT((0.,0.,0.));
#6684=IFCDIRECTION((1.,0.,0.));
#6685=IFCDIRECTION((0.,1.,0.));
#6686=IFCDIRECTION((0.,0.,1.));
#6687=IFCCARTESIANTRANSFORMATIONOPERATOR3D(#6684,#6685,#6683,1.,#6686);
#6688=IFCMAPPEDITEM(#3376,#6687);
#6689=IFCSHAPEREPRESENTATION(#11,'Body','MappedRepresentation',(#6688));
#6690=IFCPRODUCTDEFINITIONSHAPE($,$,(#6689));
#6691=IFCBUILDINGELEMENTPART('0XdglMEmv8QQaldRVdbrqe',$,'Ceiling 2 Narrow Block 12.2',$,$,#8151,#6699,$,$);
#6692=IFCCARTESIANPOINT((0.,0.,0.));
#6693=IFCDIRECTION((1.,0.,0.));
#6694=IFCDIRECTION((0.,1.,0.));
#6695=IFCDIRECTION((0.,0.,1.));
#6696=IFCCARTESIANTRANSFORMATIONOPERATOR3D(#6693,#6694,#6692,1.,#6695);
#6697=IFCMAPPEDITEM(#3376,#6696);
#6698=IFCSHAPEREPRESENTATION(#11,'Body','MappedRepresentation',(#6697));
#6699=IFCPRODUCTDEFINITIONSHAPE($,$,(#6698));
#6700=IFCBUILDINGELEMENTPART('0TBpJfqfnDyBv0arIKxOeB',$,'Ceiling 2 Narrow Block 12.3',$,$,#8156,#6708,$,$);
#6701=IFCCARTESIANPOINT((0.,0.,0.));
#6702=IFCDIRECTION((1.,0.,0.));
#6703=IFCDIRECTION((0.,1.,0.));
#6704=IFCDIRECTION((0.,0.,1.));
#6705=IFCCARTESIANTRANSFORMATIONOPERATOR3D(#6702,#6703,#6701,1.,#6704);
#6706=IFCMAPPEDITEM(#3376,#6705);
#6707=IFCSHAPEREPRESENTATION(#11,'Body','MappedRepresentation',(#6706));
#6708=IFCPRODUCTDEFINITIONSHAPE($,$,(#6707));
#6709=IFCBUILDINGELEMENTPART('2Asf3GUyb3YxbXsds2tiky',$,'Ceiling 2 Narrow Block 12.4',$,$,#8161,#6717,$,$);
#6710=IFCCARTESIANPOINT((0.,0.,0.));
#6711=IFCDIRECTION((1.,0.,0.));
#6712=IFCDIRECTION((0.,1.,0.));
#6713=IFCDIRECTION((0.,0.,1.));
#6714=IFCCARTESIANTRANSFORMATIONOPERATOR3D(#6711,#6712,#6710,1.,#6713);
#6715=IFCMAPPEDITEM(#3376,#6714);
#6716=IFCSHAPEREPRESENTATION(#11,'Body','MappedRepresentation',(#6715));
#6717=IFCPRODUCTDEFINITIONSHAPE($,$,(#6716));
#6718=IFCBUILDINGELEMENTPART('2JxtdpFIj4nvvAforgvCRT',$,'Ceiling 2 Narrow Block 12.5',$,$,#8166,#6726,$,$);
#6719=IFCCARTESIANPOINT((0.,0.,0.));
#6720=IFCDIRECTION((1.,0.,0.));
#6721=IFCDIRECTION((0.,1.,0.));
#6722=IFCDIRECTION((0.,0.,1.));
#6723=IFCCARTESIANTRANSFORMATIONOPERATOR3D(#6720,#6721,#6719,1.,#6722);
#6724=IFCMAPPEDITEM(#3376,#6723);
#6725=IFCSHAPEREPRESENTATION(#11,'Body','MappedRepresentation',(#6724));
#6726=IFCPRODUCTDEFINITIONSHAPE($,$,(#6725));
#6727=IFCBUILDINGELEMENTPART('3cnFo6v4HB6RnKjZ7xqIj0',$,'Ceiling 2 Narrow Block 12.6',$,$,#8171,#6735,$,$);
#6728=IFCCARTESIANPOINT((0.,0.,0.));
#6729=IFCDIRECTION((1.,0.,0.));
#6730=IFCDIRECTION((0.,1.,0.));
#6731=IFCDIRECTION((0.,0.,1.));
#6732=IFCCARTESIANTRANSFORMATIONOPERATOR3D(#6729,#6730,#6728,1.,#6731);
#6733=IFCMAPPEDITEM(#3376,#6732);
#6734=IFCSHAPEREPRESENTATION(#11,'Body','MappedRepresentation',(#6733));
#6735=IFCPRODUCTDEFINITIONSHAPE($,$,(#6734));
#6736=IFCBUILDINGELEMENTPART('3Mqiv2kB5BRudWNBBFGilY',$,'Ceiling 2 Narrow Block 12.7',$,$,#8176,#6744,$,$);
#6737=IFCCARTESIANPOINT((0.,0.,0.));
#6738=IFCDIRECTION((1.,0.,0.));
#6739=IFCDIRECTION((0.,1.,0.));
#6740=IFCDIRECTION((0.,0.,1.));
#6741=IFCCARTESIANTRANSFORMATIONOPERATOR3D(#6738,#6739,#6737,1.,#6740);
#6742=IFCMAPPEDITEM(#3376,#6741);
#6743=IFCSHAPEREPRESENTATION(#11,'Body','MappedRepresentation',(#6742));
#6744=IFCPRODUCTDEFINITIONSHAPE($,$,(#6743));
#6745=IFCBUILDINGELEMENTPART('1v0AVhI398Re7EMPLSu9WN',$,'Ceiling 2 Narrow Block 12.8',$,$,#8181,#6753,$,$);
#6746=IFCCARTESIANPOINT((0.,0.,0.));
#6747=IFCDIRECTION((1.,0.,0.));
#6748=IFCDIRECTION((0.,1.,0.));
#6749=IFCDIRECTION((0.,0.,1.));
#6750=IFCCARTESIANTRANSFORMATIONOPERATOR3D(#6747,#6748,#6746,1.,#6749);
#6751=IFCMAPPEDITEM(#3376,#6750);
#6752=IFCSHAPEREPRESENTATION(#11,'Body','MappedRepresentation',(#6751));
#6753=IFCPRODUCTDEFINITIONSHAPE($,$,(#6752));
#6754=IFCBUILDINGELEMENTPART('20bfZq_qD8lQl9v30A9tNb',$,'Ceiling 2 Narrow Block 12.9',$,$,#8186,#6762,$,$);
#6755=IFCCARTESIANPOINT((0.,0.,0.));
#6756=IFCDIRECTION((1.,0.,0.));
#6757=IFCDIRECTION((0.,1.,0.));
#6758=IFCDIRECTION((0.,0.,1.));
#6759=IFCCARTESIANTRANSFORMATIONOPERATOR3D(#6756,#6757,#6755,1.,#6758);
#6760=IFCMAPPEDITEM(#3376,#6759);
#6761=IFCSHAPEREPRESENTATION(#11,'Body','MappedRepresentation',(#6760));
#6762=IFCPRODUCTDEFINITIONSHAPE($,$,(#6761));
#6763=IFCBUILDINGELEMENTPART('3oor1qusz1WhnIJdV2uWSj',$,'Ceiling 2 Narrow Block 12.10',$,$,#8191,#6771,$,$);
#6764=IFCCARTESIANPOINT((0.,0.,0.));
#6765=IFCDIRECTION((1.,0.,0.));
#6766=IFCDIRECTION((0.,1.,0.));
#6767=IFCDIRECTION((0.,0.,1.));
#6768=IFCCARTESIANTRANSFORMATIONOPERATOR3D(#6765,#6766,#6764,1.,#6767);
#6769=IFCMAPPEDITEM(#3376,#6768);
#6770=IFCSHAPEREPRESENTATION(#11,'Body','MappedRepresentation',(#6769));
#6771=IFCPRODUCTDEFINITIONSHAPE($,$,(#6770));
#6772=IFCBUILDINGELEMENTPART('1tbCMlZpT1FeBdXzPTZtIr',$,'Ceiling 2 Narrow Block 12.11',$,$,#8196,#6780,$,$);
#6773=IFCCARTESIANPOINT((0.,0.,0.));
#6774=IFCDIRECTION((1.,0.,0.));
#6775=IFCDIRECTION((0.,1.,0.));
#6776=IFCDIRECTION((0.,0.,1.));
#6777=IFCCARTESIANTRANSFORMATIONOPERATOR3D(#6774,#6775,#6773,1.,#6776);
#6778=IFCMAPPEDITEM(#3376,#6777);
#6779=IFCSHAPEREPRESENTATION(#11,'Body','MappedRepresentation',(#6778));
#6780=IFCPRODUCTDEFINITIONSHAPE($,$,(#6779));
#6781=IFCBUILDINGELEMENTPART('1B$VaaS1fFquZXwhEZ0yPI',$,'Ceiling 2 Narrow Block 12.12',$,$,#8201,#6789,$,$);
#6782=IFCCARTESIANPOINT((0.,0.,0.));
#6783=IFCDIRECTION((1.,0.,0.));
#6784=IFCDIRECTION((0.,1.,0.));
#6785=IFCDIRECTION((0.,0.,1.));
#6786=IFCCARTESIANTRANSFORMATIONOPERATOR3D(#6783,#6784,#6782,1.,#6785);
#6787=IFCMAPPEDITEM(#3376,#6786);
#6788=IFCSHAPEREPRESENTATION(#11,'Body','MappedRepresentation',(#6787));
#6789=IFCPRODUCTDEFINITIONSHAPE($,$,(#6788));
#6790=IFCBUILDINGELEMENTPART('3U8xVi3G17dOY8JZe2ZeRR',$,'Ceiling 2 Narrow Block 12.13',$,$,#8206,#6798,$,$);
#6791=IFCCARTESIANPOINT((0.,0.,0.));
#6792=IFCDIRECTION((1.,0.,0.));
#6793=IFCDIRECTION((0.,1.,0.));
#6794=IFCDIRECTION((0.,0.,1.));
#6795=IFCCARTESIANTRANSFORMATIONOPERATOR3D(#6792,#6793,#6791,1.,#6794);
#6796=IFCMAPPEDITEM(#3376,#6795);
#6797=IFCSHAPEREPRESENTATION(#11,'Body','MappedRepresentation',(#6796));
#6798=IFCPRODUCTDEFINITIONSHAPE($,$,(#6797));
#6799=IFCBUILDINGELEMENTPART('0UggrSSBn8zuLQTHriVpI0',$,'Ceiling 2 Narrow Block 12.14',$,$,#8211,#6807,$,$);
#6800=IFCCARTESIANPOINT((0.,0.,0.));
#6801=IFCDIRECTION((1.,0.,0.));
#6802=IFCDIRECTION((0.,1.,0.));
#6803=IFCDIRECTION((0.,0.,1.));
#6804=IFCCARTESIANTRANSFORMATIONOPERATOR3D(#6801,#6802,#6800,1.,#6803);
#6805=IFCMAPPEDITEM(#3376,#6804);
#6806=IFCSHAPEREPRESENTATION(#11,'Body','MappedRepresentation',(#6805));
#6807=IFCPRODUCTDEFINITIONSHAPE($,$,(#6806));
#6808=IFCBUILDINGELEMENTPART('2ddKBtoejAMRhuAmA9i2fP',$,'Ceiling 2 Narrow Block 12.15',$,$,#8216,#6816,$,$);
#6809=IFCCARTESIANPOINT((0.,0.,0.));
#6810=IFCDIRECTION((1.,0.,0.));
#6811=IFCDIRECTION((0.,1.,0.));
#6812=IFCDIRECTION((0.,0.,1.));
#6813=IFCCARTESIANTRANSFORMATIONOPERATOR3D(#6810,#6811,#6809,1.,#6812);
#6814=IFCMAPPEDITEM(#3376,#6813);
#6815=IFCSHAPEREPRESENTATION(#11,'Body','MappedRepresentation',(#6814));
#6816=IFCPRODUCTDEFINITIONSHAPE($,$,(#6815));
#6817=IFCBUILDINGELEMENTPART('3OEZLMtBDA5eDCX5NqkpBW',$,'Ceiling 2 Narrow Block 12.16',$,$,#8221,#6825,$,$);
#6818=IFCCARTESIANPOINT((0.,0.,0.));
#6819=IFCDIRECTION((1.,0.,0.));
#6820=IFCDIRECTION((0.,1.,0.));
#6821=IFCDIRECTION((0.,0.,1.));
#6822=IFCCARTESIANTRANSFORMATIONOPERATOR3D(#6819,#6820,#6818,1.,#6821);
#6823=IFCMAPPEDITEM(#3376,#6822);
#6824=IFCSHAPEREPRESENTATION(#11,'Body','MappedRepresentation',(#6823));
#6825=IFCPRODUCTDEFINITIONSHAPE($,$,(#6824));
#6826=IFCBUILDINGELEMENTPART('1WZJ$GxhnDvf5YGGY3DmoU',$,'Ceiling 2 Narrow Block 12.17',$,$,#8226,#6834,$,$);
#6827=IFCCARTESIANPOINT((0.,0.,0.));
#6828=IFCDIRECTION((1.,0.,0.));
#6829=IFCDIRECTION((0.,1.,0.));
#6830=IFCDIRECTION((0.,0.,1.));
#6831=IFCCARTESIANTRANSFORMATIONOPERATOR3D(#6828,#6829,#6827,1.,#6830);
#6832=IFCMAPPEDITEM(#3376,#6831);
#6833=IFCSHAPEREPRESENTATION(#11,'Body','MappedRepresentation',(#6832));
#6834=IFCPRODUCTDEFINITIONSHAPE($,$,(#6833));
#6835=IFCBUILDINGELEMENTPART('2Gd4NePtb6LetayPbSqIW0',$,'Ceiling 2 Narrow Block 12.18',$,$,#8231,#6843,$,$);
#6836=IFCCARTESIANPOINT((0.,0.,0.));
#6837=IFCDIRECTION((1.,0.,0.));
#6838=IFCDIRECTION((0.,1.,0.));
#6839=IFCDIRECTION((0.,0.,1.));
#6840=IFCCARTESIANTRANSFORMATIONOPERATOR3D(#6837,#6838,#6836,1.,#6839);
#6841=IFCMAPPEDITEM(#3376,#6840);
#6842=IFCSHAPEREPRESENTATION(#11,'Body','MappedRepresentation',(#6841));
#6843=IFCPRODUCTDEFINITIONSHAPE($,$,(#6842));
#6844=IFCBUILDINGELEMENTPART('182voI0wHDRf5FQxY7_SuF',$,'Ceiling 2 Narrow Block 12.19',$,$,#8236,#6852,$,$);
#6845=IFCCARTESIANPOINT((0.,0.,0.));
#6846=IFCDIRECTION((1.,0.,0.));
#6847=IFCDIRECTION((0.,1.,0.));
#6848=IFCDIRECTION((0.,0.,1.));
#6849=IFCCARTESIANTRANSFORMATIONOPERATOR3D(#6846,#6847,#6845,1.,#6848);
#6850=IFCMAPPEDITEM(#3376,#6849);
#6851=IFCSHAPEREPRESENTATION(#11,'Body','MappedRepresentation',(#6850));
#6852=IFCPRODUCTDEFINITIONSHAPE($,$,(#6851));
#6853=IFCBEAM('1$T7XIO9n4dhauJo6H4wTP',$,'Ceiling 2 Beam 12',$,$,#8241,#6861,$,$);
#6854=IFCCARTESIANPOINT((0.,0.,0.));
#6855=IFCDIRECTION((1.,0.,0.));
#6856=IFCDIRECTION((0.,1.,0.));
#6857=IFCDIRECTION((0.,0.,1.));
#6858=IFCCARTESIANTRANSFORMATIONOPERATOR3D(#6855,#6856,#6854,1.,#6857);
#6859=IFCMAPPEDITEM(#4872,#6858);
#6860=IFCSHAPEREPRESENTATION(#11,'Body','MappedRepresentation',(#6859));
#6861=IFCPRODUCTDEFINITIONSHAPE($,$,(#6860));
#6862=IFCBUILDINGELEMENTPART('1Dn5jg1NXBIuk4fIeu7Kwl',$,'Ceiling 2 Narrow Block 13.1',$,$,#8246,#6870,$,$);
#6863=IFCCARTESIANPOINT((0.,0.,0.));
#6864=IFCDIRECTION((1.,0.,0.));
#6865=IFCDIRECTION((0.,1.,0.));
#6866=IFCDIRECTION((0.,0.,1.));
#6867=IFCCARTESIANTRANSFORMATIONOPERATOR3D(#6864,#6865,#6863,1.,#6866);
#6868=IFCMAPPEDITEM(#3376,#6867);
#6869=IFCSHAPEREPRESENTATION(#11,'Body','MappedRepresentation',(#6868));
#6870=IFCPRODUCTDEFINITIONSHAPE($,$,(#6869));
#6871=IFCBUILDINGELEMENTPART('1F$T1sAqvFP9Vt6fEqYXME',$,'Ceiling 2 Narrow Block 13.2',$,$,#8251,#6879,$,$);
#6872=IFCCARTESIANPOINT((0.,0.,0.));
#6873=IFCDIRECTION((1.,0.,0.));
#6874=IFCDIRECTION((0.,1.,0.));
#6875=IFCDIRECTION((0.,0.,1.));
#6876=IFCCARTESIANTRANSFORMATIONOPERATOR3D(#6873,#6874,#6872,1.,#6875);
#6877=IFCMAPPEDITEM(#3376,#6876);
#6878=IFCSHAPEREPRESENTATION(#11,'Body','MappedRepresentation',(#6877));
#6879=IFCPRODUCTDEFINITIONSHAPE($,$,(#6878));
#6880=IFCBUILDINGELEMENTPART('3W_0hOjtnA2wf7XBNBoGsX',$,'Ceiling 2 Narrow Block 13.3',$,$,#8256,#6888,$,$);
#6881=IFCCARTESIANPOINT((0.,0.,0.));
#6882=IFCDIRECTION((1.,0.,0.));
#6883=IFCDIRECTION((0.,1.,0.));
#6884=IFCDIRECTION((0.,0.,1.));
#6885=IFCCARTESIANTRANSFORMATIONOPERATOR3D(#6882,#6883,#6881,1.,#6884);
#6886=IFCMAPPEDITEM(#3376,#6885);
#6887=IFCSHAPEREPRESENTATION(#11,'Body','MappedRepresentation',(#6886));
#6888=IFCPRODUCTDEFINITIONSHAPE($,$,(#6887));
#6889=IFCBUILDINGELEMENTPART('0yyJt3CFb9U8YeaQycaIcb',$,'Ceiling 2 Narrow Block 13.4',$,$,#8261,#6897,$,$);
#6890=IFCCARTESIANPOINT((0.,0.,0.));
#6891=IFCDIRECTION((1.,0.,0.));
#6892=IFCDIRECTION((0.,1.,0.));
#6893=IFCDIRECTION((0.,0.,1.));
#6894=IFCCARTESIANTRANSFORMATIONOPERATOR3D(#6891,#6892,#6890,1.,#6893);
#6895=IFCMAPPEDITEM(#3376,#6894);
#6896=IFCSHAPEREPRESENTATION(#11,'Body','MappedRepresentation',(#6895));
#6897=IFCPRODUCTDEFINITIONSHAPE($,$,(#6896));
#6898=IFCBUILDINGELEMENTPART('3aVWDvsAfCZv$W0OUawDKK',$,'Ceiling 2 Narrow Block 13.5',$,$,#8266,#6906,$,$);
#6899=IFCCARTESIANPOINT((0.,0.,0.));
#6900=IFCDIRECTION((1.,0.,0.));
#6901=IFCDIRECTION((0.,1.,0.));
#6902=IFCDIRECTION((0.,0.,1.));
#6903=IFCCARTESIANTRANSFORMATIONOPERATOR3D(#6900,#6901,#6899,1.,#6902);
#6904=IFCMAPPEDITEM(#3376,#6903);
#6905=IFCSHAPEREPRESENTATION(#11,'Body','MappedRepresentation',(#6904));
#6906=IFCPRODUCTDEFINITIONSHAPE($,$,(#6905));
#6907=IFCBUILDINGELEMENTPART('0Bg4fFmxr7UgBTzswbJUV6',$,'Ceiling 2 Narrow Block 13.6',$,$,#8271,#6915,$,$);
#6908=IFCCARTESIANPOINT((0.,0.,0.));
#6909=IFCDIRECTION((1.,0.,0.));
#6910=IFCDIRECTION((0.,1.,0.));
#6911=IFCDIRECTION((0.,0.,1.));
#6912=IFCCARTESIANTRANSFORMATIONOPERATOR3D(#6909,#6910,#6908,1.,#6911);
#6913=IFCMAPPEDITEM(#3376,#6912);
#6914=IFCSHAPEREPRESENTATION(#11,'Body','MappedRepresentation',(#6913));
#6915=IFCPRODUCTDEFINITIONSHAPE($,$,(#6914));
#6916=IFCBUILDINGELEMENTPART('0HMGHIbpH4eghBcmuAPkFk',$,'Ceiling 2 Narrow Block 13.7',$,$,#8276,#6924,$,$);
#6917=IFCCARTESIANPOINT((0.,0.,0.));
#6918=IFCDIRECTION((1.,0.,0.));
#6919=IFCDIRECTION((0.,1.,0.));
#6920=IFCDIRECTION((0.,0.,1.));
#6921=IFCCARTESIANTRANSFORMATIONOPERATOR3D(#6918,#6919,#6917,1.,#6920);
#6922=IFCMAPPEDITEM(#3376,#6921);
#6923=IFCSHAPEREPRESENTATION(#11,'Body','MappedRepresentation',(#6922));
#6924=IFCPRODUCTDEFINITIONSHAPE($,$,(#6923));
#6925=IFCBUILDINGELEMENTPART('3OPIygiHvEeeC8v7J68aKJ',$,'Ceiling 2 Narrow Block 13.8',$,$,#8281,#6933,$,$);
#6926=IFCCARTESIANPOINT((0.,0.,0.));
#6927=IFCDIRECTION((1.,0.,0.));
#6928=IFCDIRECTION((0.,1.,0.));
#6929=IFCDIRECTION((0.,0.,1.));
#6930=IFCCARTESIANTRANSFORMATIONOPERATOR3D(#6927,#6928,#6926,1.,#6929);
#6931=IFCMAPPEDITEM(#3376,#6930);
#6932=IFCSHAPEREPRESENTATION(#11,'Body','MappedRepresentation',(#6931));
#6933=IFCPRODUCTDEFINITIONSHAPE($,$,(#6932));
#6934=IFCBUILDINGELEMENTPART('3WK3_uQqb068Y66ExUcHTg',$,'Ceiling 2 Narrow Block 13.9',$,$,#8286,#6942,$,$);
#6935=IFCCARTESIANPOINT((0.,0.,0.));
#6936=IFCDIRECTION((1.,0.,0.));
#6937=IFCDIRECTION((0.,1.,0.));
#6938=IFCDIRECTION((0.,0.,1.));
#6939=IFCCARTESIANTRANSFORMATIONOPERATOR3D(#6936,#6937,#6935,1.,#6938);
#6940=IFCMAPPEDITEM(#3376,#6939);
#6941=IFCSHAPEREPRESENTATION(#11,'Body','MappedRepresentation',(#6940));
#6942=IFCPRODUCTDEFINITIONSHAPE($,$,(#6941));
#6943=IFCBUILDINGELEMENTPART('0cKhbtDBrBvRtFHeQbkdP_',$,'Ceiling 2 Narrow Block 13.10',$,$,#8291,#6951,$,$);
#6944=IFCCARTESIANPOINT((0.,0.,0.));
#6945=IFCDIRECTION((1.,0.,0.));
#6946=IFCDIRECTION((0.,1.,0.));
#6947=IFCDIRECTION((0.,0.,1.));
#6948=IFCCARTESIANTRANSFORMATIONOPERATOR3D(#6945,#6946,#6944,1.,#6947);
#6949=IFCMAPPEDITEM(#3376,#6948);
#6950=IFCSHAPEREPRESENTATION(#11,'Body','MappedRepresentation',(#6949));
#6951=IFCPRODUCTDEFINITIONSHAPE($,$,(#6950));
#6952=IFCBUILDINGELEMENTPART('3EksxbhSzFJfwws2E2MarE',$,'Ceiling 2 Narrow Block 13.11',$,$,#8296,#6960,$,$);
#6953=IFCCARTESIANPOINT((0.,0.,0.));
#6954=IFCDIRECTION((1.,0.,0.));
#6955=IFCDIRECTION((0.,1.,0.));
#6956=IFCDIRECTION((0.,0.,1.));
#6957=IFCCARTESIANTRANSFORMATIONOPERATOR3D(#6954,#6955,#6953,1.,#6956);
#6958=IFCMAPPEDITEM(#3376,#6957);
#6959=IFCSHAPEREPRESENTATION(#11,'Body','MappedRepresentation',(#6958));
#6960=IFCPRODUCTDEFINITIONSHAPE($,$,(#6959));
#6961=IFCBUILDINGELEMENTPART('3zZ7qm0ZPCbu$Qq9hZ$4Y7',$,'Ceiling 2 Narrow Block 13.12',$,$,#8301,#6969,$,$);
#6962=IFCCARTESIANPOINT((0.,0.,0.));
#6963=IFCDIRECTION((1.,0.,0.));
#6964=IFCDIRECTION((0.,1.,0.));
#6965=IFCDIRECTION((0.,0.,1.));
#6966=IFCCARTESIANTRANSFORMATIONOPERATOR3D(#6963,#6964,#6962,1.,#6965);
#6967=IFCMAPPEDITEM(#3376,#6966);
#6968=IFCSHAPEREPRESENTATION(#11,'Body','MappedRepresentation',(#6967));
#6969=IFCPRODUCTDEFINITIONSHAPE($,$,(#6968));
#6970=IFCBUILDINGELEMENTPART('3I2C4iLJz4H9zNkbNjtafT',$,'Ceiling 2 Narrow Block 13.13',$,$,#8306,#6978,$,$);
#6971=IFCCARTESIANPOINT((0.,0.,0.));
#6972=IFCDIRECTION((1.,0.,0.));
#6973=IFCDIRECTION((0.,1.,0.));
#6974=IFCDIRECTION((0.,0.,1.));
#6975=IFCCARTESIANTRANSFORMATIONOPERATOR3D(#6972,#6973,#6971,1.,#6974);
#6976=IFCMAPPEDITEM(#3376,#6975);
#6977=IFCSHAPEREPRESENTATION(#11,'Body','MappedRepresentation',(#6976));
#6978=IFCPRODUCTDEFINITIONSHAPE($,$,(#6977));
#6979=IFCBUILDINGELEMENTPART('22tVQRtDLDUR6aUHbGfAKg',$,'Ceiling 2 Narrow Block 13.14',$,$,#8311,#6987,$,$);
#6980=IFCCARTESIANPOINT((0.,0.,0.));
#6981=IFCDIRECTION((1.,0.,0.));
#6982=IFCDIRECTION((0.,1.,0.));
#6983=IFCDIRECTION((0.,0.,1.));
#6984=IFCCARTESIANTRANSFORMATIONOPERATOR3D(#6981,#6982,#6980,1.,#6983);
#6985=IFCMAPPEDITEM(#3376,#6984);
#6986=IFCSHAPEREPRESENTATION(#11,'Body','MappedRepresentation',(#6985));
#6987=IFCPRODUCTDEFINITIONSHAPE($,$,(#6986));
#6988=IFCBUILDINGELEMENTPART('3FyAwRqTXBwQ$uLvoLBUob',$,'Ceiling 2 Narrow Block 13.15',$,$,#8316,#6996,$,$);
#6989=IFCCARTESIANPOINT((0.,0.,0.));
#6990=IFCDIRECTION((1.,0.,0.));
#6991=IFCDIRECTION((0.,1.,0.));
#6992=IFCDIRECTION((0.,0.,1.));
#6993=IFCCARTESIANTRANSFORMATIONOPERATOR3D(#6990,#6991,#6989,1.,#6992);
#6994=IFCMAPPEDITEM(#3376,#6993);
#6995=IFCSHAPEREPRESENTATION(#11,'Body','MappedRepresentation',(#6994));
#6996=IFCPRODUCTDEFINITIONSHAPE($,$,(#6995));
#6997=IFCBUILDINGELEMENTPART('2f0pMeMmz8ihqLMmOv1gZD',$,'Ceiling 2 Narrow Block 13.16',$,$,#8321,#7005,$,$);
#6998=IFCCARTESIANPOINT((0.,0.,0.));
#6999=IFCDIRECTION((1.,0.,0.));
#7000=IFCDIRECTION((0.,1.,0.));
#7001=IFCDIRECTION((0.,0.,1.));
#7002=IFCCARTESIANTRANSFORMATIONOPERATOR3D(#6999,#7000,#6998,1.,#7001);
#7003=IFCMAPPEDITEM(#3376,#7002);
#7004=IFCSHAPEREPRESENTATION(#11,'Body','MappedRepresentation',(#7003));
#7005=IFCPRODUCTDEFINITIONSHAPE($,$,(#7004));
#7006=IFCBUILDINGELEMENTPART('3ipNqiuRH228gn8I1Sw25S',$,'Ceiling 2 Narrow Block 13.17',$,$,#8326,#7014,$,$);
#7007=IFCCARTESIANPOINT((0.,0.,0.));
#7008=IFCDIRECTION((1.,0.,0.));
#7009=IFCDIRECTION((0.,1.,0.));
#7010=IFCDIRECTION((0.,0.,1.));
#7011=IFCCARTESIANTRANSFORMATIONOPERATOR3D(#7008,#7009,#7007,1.,#7010);
#7012=IFCMAPPEDITEM(#3376,#7011);
#7013=IFCSHAPEREPRESENTATION(#11,'Body','MappedRepresentation',(#7012));
#7014=IFCPRODUCTDEFINITIONSHAPE($,$,(#7013));
#7015=IFCBUILDINGELEMENTPART('3mmmuE_OTE2P3pa6IPqmFm',$,'Ceiling 2 Narrow Block 13.18',$,$,#8331,#7023,$,$);
#7016=IFCCARTESIANPOINT((0.,0.,0.));
#7017=IFCDIRECTION((1.,0.,0.));
#7018=IFCDIRECTION((0.,1.,0.));
#7019=IFCDIRECTION((0.,0.,1.));
#7020=IFCCARTESIANTRANSFORMATIONOPERATOR3D(#7017,#7018,#7016,1.,#7019);
#7021=IFCMAPPEDITEM(#3376,#7020);
#7022=IFCSHAPEREPRESENTATION(#11,'Body','MappedRepresentation',(#7021));
#7023=IFCPRODUCTDEFINITIONSHAPE($,$,(#7022));
#7024=IFCBUILDINGELEMENTPART('0jobcGnffALPdEgwYdi2up',$,'Ceiling 2 Narrow Block 13.19',$,$,#8336,#7032,$,$);
#7025=IFCCARTESIANPOINT((0.,0.,0.));
#7026=IFCDIRECTION((1.,0.,0.));
#7027=IFCDIRECTION((0.,1.,0.));
#7028=IFCDIRECTION((0.,0.,1.));
#7029=IFCCARTESIANTRANSFORMATIONOPERATOR3D(#7026,#7027,#7025,1.,#7028);
#7030=IFCMAPPEDITEM(#3376,#7029);
#7031=IFCSHAPEREPRESENTATION(#11,'Body','MappedRepresentation',(#7030));
#7032=IFCPRODUCTDEFINITIONSHAPE($,$,(#7031));
#7033=IFCBUILDINGELEMENTPART('071uUKVMn4w91mFFzCXF_$',$,'Ceiling 2 Concrete Topping',$,'Concrete topping',#8341,#7040,$,.USERDEFINED.);
#7034=IFCCARTESIANPOINTLIST2D(((0.,0.),(4.75,0.),(4.75,-7.5800000000000001),(0.,-7.5800000000000001)));
#7035=IFCINDEXEDPOLYCURVE(#7034,$,$);
#7036=IFCDIRECTION((0.,0.,1.));
#7037=IFCARBITRARYCLOSEDPROFILEDEF(.AREA.,$,#7035);
#7038=IFCEXTRUDEDAREASOLID(#7037,$,#7036,0.11);
#7039=IFCSHAPEREPRESENTATION(#11,'Body','SweptSolid',(#7038));
#7040=IFCPRODUCTDEFINITIONSHAPE($,$,(#7039));
#7041=IFCRELAGGREGATES('0gUYaDLMf4rw67o40BAzWG',$,$,$,#4666,(#4706,#5089,#5179,#6691,#5278,#5368,#4972,#6178,#6799,#6889,#6682,#5170,#6376,#5980,#6070,#5674,#5764,#5863,#5953,#5557,#4778,#5251,#5647,#6457,#6763,#5755,#6961,#5449,#6565,#6259,#6349,#6655,#6448,#4936,#6142,#6232,#5836,#6538,#5530,#4751,#4841,#5323,#5413,#5017,#6034,#6844,#6934,#7033,#5521,#6727,#5215,#6421,#4909,#6115,#6817,#5098,#5908,#5998,#5602,#5296,#6619,#6106,#5800,#5404,#5494,#4715,#6700,#7006,#5683,#5287,#5377,#4981,#6187,#6493,#5881,#6583,#4796,#6385,#5989,#6079,#6979,#6268,#5872,#5962,#5566,#5656,#5260,#6466,#4954,#6772,#6862,#5053,#5143,#6970,#6664,#6853,#4945,#6151,#6241,#5845,#6547,#5539,#4760,#4850,#6745,#5638,#5728,#5332,#5422,#5026,#4724,#6736,#5224,#6430,#6520,#6124,#6826,#6313,#5917,#6007,#5611,#4832,#5305,#5701,#5188,#5809,#7015,#6709,#5692,#6898,#6502,#4990,#6196,#6286,#5890,#6592,#4805,#5773,#4688,#5071,#6394,#6277,#5575,#6781,#5269,#6475,#6871,#6169,#5458,#5062,#5152,#6358,#6052,#6556,#6160,#5854,#6754,#6043,#5737,#5341,#5431,#5035,#5125,#6637,#5935,#6943,#4918,#5818,#4733,#6439,#6628,#6322,#5926,#6016,#5620,#5710,#5314,#5503,#5107,#4814,#5197,#4891,#6403,#7024,#6907,#6511,#4999,#6205,#6295,#5899,#6601,#6997,#4882,#6088,#5782,#5386,#5476,#4697,#4787,#5080,#6988,#4963,#5584,#6790,#6880,#6484,#6574,#5467,#6673,#5161,#6367,#5971,#6061,#5665,#5359,#5548,#4769,#4859,#5242,#5746,#5350,#5440,#5044,#5134,#6250,#5944,#6340,#5233,#6646,#4927,#6133,#6223,#5827,#6952,#4742,#5008,#6331,#6025,#5629,#5719,#6835,#6529,#6925,#5512,#5116,#4823,#5206,#4900,#6412,#6718,#6808,#5593,#6916,#6610,#6214,#6304,#6097,#5791,#5395,#5485));
#7042=IFCCARTESIANPOINT((0.,0.,0.));
#7043=IFCDIRECTION((0.,0.,1.));
#7044=IFCDIRECTION((1.,0.,0.));
#7045=IFCAXIS2PLACEMENT3D(#7042,#7043,#7044);
#7046=IFCLOCALPLACEMENT(#4671,#7045);
#7047=IFCCARTESIANPOINT((0.25,0.,0.));
#7048=IFCDIRECTION((0.,0.,1.));
#7049=IFCDIRECTION((1.,0.,0.));
#7050=IFCAXIS2PLACEMENT3D(#7047,#7048,#7049);
#7051=IFCLOCALPLACEMENT(#4671,#7050);
#7052=IFCCARTESIANPOINT((0.5,0.,0.));
#7053=IFCDIRECTION((0.,0.,1.));
#7054=IFCDIRECTION((1.,0.,0.));
#7055=IFCAXIS2PLACEMENT3D(#7052,#7053,#7054);
#7056=IFCLOCALPLACEMENT(#4671,#7055);
#7057=IFCCARTESIANPOINT((0.75,0.,0.));
#7058=IFCDIRECTION((0.,0.,1.));
#7059=IFCDIRECTION((1.,0.,0.));
#7060=IFCAXIS2PLACEMENT3D(#7057,#7058,#7059);
#7061=IFCLOCALPLACEMENT(#4671,#7060);
#7062=IFCCARTESIANPOINT((1.,0.,0.));
#7063=IFCDIRECTION((0.,0.,1.));
#7064=IFCDIRECTION((1.,0.,0.));
#7065=IFCAXIS2PLACEMENT3D(#7062,#7063,#7064);
#7066=IFCLOCALPLACEMENT(#4671,#7065);
#7067=IFCCARTESIANPOINT((1.25,0.,0.));
#7068=IFCDIRECTION((0.,0.,1.));
#7069=IFCDIRECTION((1.,0.,0.));
#7070=IFCAXIS2PLACEMENT3D(#7067,#7068,#7069);
#7071=IFCLOCALPLACEMENT(#4671,#7070);
#7072=IFCCARTESIANPOINT((1.5,0.,0.));
#7073=IFCDIRECTION((0.,0.,1.));
#7074=IFCDIRECTION((1.,0.,0.));
#7075=IFCAXIS2PLACEMENT3D(#7072,#7073,#7074);
#7076=IFCLOCALPLACEMENT(#4671,#7075);
#7077=IFCCARTESIANPOINT((1.75,0.,0.));
#7078=IFCDIRECTION((0.,0.,1.));
#7079=IFCDIRECTION((1.,0.,0.));
#7080=IFCAXIS2PLACEMENT3D(#7077,#7078,#7079);
#7081=IFCLOCALPLACEMENT(#4671,#7080);
#7082=IFCCARTESIANPOINT((2.,0.,0.));
#7083=IFCDIRECTION((0.,0.,1.));
#7084=IFCDIRECTION((1.,0.,0.));
#7085=IFCAXIS2PLACEMENT3D(#7082,#7083,#7084);
#7086=IFCLOCALPLACEMENT(#4671,#7085);
#7087=IFCCARTESIANPOINT((2.25,0.,0.));
#7088=IFCDIRECTION((0.,0.,1.));
#7089=IFCDIRECTION((1.,0.,0.));
#7090=IFCAXIS2PLACEMENT3D(#7087,#7088,#7089);
#7091=IFCLOCALPLACEMENT(#4671,#7090);
#7092=IFCCARTESIANPOINT((2.5,0.,0.));
#7093=IFCDIRECTION((0.,0.,1.));
#7094=IFCDIRECTION((1.,0.,0.));
#7095=IFCAXIS2PLACEMENT3D(#7092,#7093,#7094);
#7096=IFCLOCALPLACEMENT(#4671,#7095);
#7097=IFCCARTESIANPOINT((2.75,0.,0.));
#7098=IFCDIRECTION((0.,0.,1.));
#7099=IFCDIRECTION((1.,0.,0.));
#7100=IFCAXIS2PLACEMENT3D(#7097,#7098,#7099);
#7101=IFCLOCALPLACEMENT(#4671,#7100);
#7102=IFCCARTESIANPOINT((3.,0.,0.));
#7103=IFCDIRECTION((0.,0.,1.));
#7104=IFCDIRECTION((1.,0.,0.));
#7105=IFCAXIS2PLACEMENT3D(#7102,#7103,#7104);
#7106=IFCLOCALPLACEMENT(#4671,#7105);
#7107=IFCCARTESIANPOINT((3.25,0.,0.));
#7108=IFCDIRECTION((0.,0.,1.));
#7109=IFCDIRECTION((1.,0.,0.));
#7110=IFCAXIS2PLACEMENT3D(#7107,#7108,#7109);
#7111=IFCLOCALPLACEMENT(#4671,#7110);
#7112=IFCCARTESIANPOINT((3.5,0.,0.));
#7113=IFCDIRECTION((0.,0.,1.));
#7114=IFCDIRECTION((1.,0.,0.));
#7115=IFCAXIS2PLACEMENT3D(#7112,#7113,#7114);
#7116=IFCLOCALPLACEMENT(#4671,#7115);
#7117=IFCCARTESIANPOINT((3.75,0.,0.));
#7118=IFCDIRECTION((0.,0.,1.));
#7119=IFCDIRECTION((1.,0.,0.));
#7120=IFCAXIS2PLACEMENT3D(#7117,#7118,#7119);
#7121=IFCLOCALPLACEMENT(#4671,#7120);
#7122=IFCCARTESIANPOINT((4.,0.,0.));
#7123=IFCDIRECTION((0.,0.,1.));
#7124=IFCDIRECTION((1.,0.,0.));
#7125=IFCAXIS2PLACEMENT3D(#7122,#7123,#7124);
#7126=IFCLOCALPLACEMENT(#4671,#7125);
#7127=IFCCARTESIANPOINT((4.25,0.,0.));
#7128=IFCDIRECTION((0.,0.,1.));
#7129=IFCDIRECTION((1.,0.,0.));
#7130=IFCAXIS2PLACEMENT3D(#7127,#7128,#7129);
#7131=IFCLOCALPLACEMENT(#4671,#7130);
#7132=IFCCARTESIANPOINT((4.5,0.,0.));
#7133=IFCDIRECTION((0.,0.,1.));
#7134=IFCDIRECTION((1.,0.,0.));
#7135=IFCAXIS2PLACEMENT3D(#7132,#7133,#7134);
#7136=IFCLOCALPLACEMENT(#4671,#7135);
#7137=IFCCARTESIANPOINT((0.,-0.45500000000000007,0.));
#7138=IFCDIRECTION((0.,0.,1.));
#7139=IFCDIRECTION((1.,0.,0.));
#7140=IFCAXIS2PLACEMENT3D(#7137,#7138,#7139);
#7141=IFCLOCALPLACEMENT(#4671,#7140);
#7142=IFCCARTESIANPOINT((0.,-0.625,0.));
#7143=IFCDIRECTION((0.,0.,1.));
#7144=IFCDIRECTION((1.,0.,0.));
#7145=IFCAXIS2PLACEMENT3D(#7142,#7143,#7144);
#7146=IFCLOCALPLACEMENT(#4671,#7145);
#7147=IFCCARTESIANPOINT((0.25,-0.625,0.));
#7148=IFCDIRECTION((0.,0.,1.));
#7149=IFCDIRECTION((1.,0.,0.));
#7150=IFCAXIS2PLACEMENT3D(#7147,#7148,#7149);
#7151=IFCLOCALPLACEMENT(#4671,#7150);
#7152=IFCCARTESIANPOINT((0.5,-0.625,0.));
#7153=IFCDIRECTION((0.,0.,1.));
#7154=IFCDIRECTION((1.,0.,0.));
#7155=IFCAXIS2PLACEMENT3D(#7152,#7153,#7154);
#7156=IFCLOCALPLACEMENT(#4671,#7155);
#7157=IFCCARTESIANPOINT((0.75,-0.625,0.));
#7158=IFCDIRECTION((0.,0.,1.));
#7159=IFCDIRECTION((1.,0.,0.));
#7160=IFCAXIS2PLACEMENT3D(#7157,#7158,#7159);
#7161=IFCLOCALPLACEMENT(#4671,#7160);
#7162=IFCCARTESIANPOINT((1.,-0.625,0.));
#7163=IFCDIRECTION((0.,0.,1.));
#7164=IFCDIRECTION((1.,0.,0.));
#7165=IFCAXIS2PLACEMENT3D(#7162,#7163,#7164);
#7166=IFCLOCALPLACEMENT(#4671,#7165);
#7167=IFCCARTESIANPOINT((1.25,-0.625,0.));
#7168=IFCDIRECTION((0.,0.,1.));
#7169=IFCDIRECTION((1.,0.,0.));
#7170=IFCAXIS2PLACEMENT3D(#7167,#7168,#7169);
#7171=IFCLOCALPLACEMENT(#4671,#7170);
#7172=IFCCARTESIANPOINT((1.5,-0.625,0.));
#7173=IFCDIRECTION((0.,0.,1.));
#7174=IFCDIRECTION((1.,0.,0.));
#7175=IFCAXIS2PLACEMENT3D(#7172,#7173,#7174);
#7176=IFCLOCALPLACEMENT(#4671,#7175);
#7177=IFCCARTESIANPOINT((1.75,-0.625,0.));
#7178=IFCDIRECTION((0.,0.,1.));
#7179=IFCDIRECTION((1.,0.,0.));
#7180=IFCAXIS2PLACEMENT3D(#7177,#7178,#7179);
#7181=IFCLOCALPLACEMENT(#4671,#7180);
#7182=IFCCARTESIANPOINT((2.,-0.625,0.));
#7183=IFCDIRECTION((0.,0.,1.));
#7184=IFCDIRECTION((1.,0.,0.));
#7185=IFCAXIS2PLACEMENT3D(#7182,#7183,#7184);
#7186=IFCLOCALPLACEMENT(#4671,#7185);
#7187=IFCCARTESIANPOINT((2.25,-0.625,0.));
#7188=IFCDIRECTION((0.,0.,1.));
#7189=IFCDIRECTION((1.,0.,0.));
#7190=IFCAXIS2PLACEMENT3D(#7187,#7188,#7189);
#7191=IFCLOCALPLACEMENT(#4671,#7190);
#7192=IFCCARTESIANPOINT((2.5,-0.625,0.));
#7193=IFCDIRECTION((0.,0.,1.));
#7194=IFCDIRECTION((1.,0.,0.));
#7195=IFCAXIS2PLACEMENT3D(#7192,#7193,#7194);
#7196=IFCLOCALPLACEMENT(#4671,#7195);
#7197=IFCCARTESIANPOINT((2.75,-0.625,0.));
#7198=IFCDIRECTION((0.,0.,1.));
#7199=IFCDIRECTION((1.,0.,0.));
#7200=IFCAXIS2PLACEMENT3D(#7197,#7198,#7199);
#7201=IFCLOCALPLACEMENT(#4671,#7200);
#7202=IFCCARTESIANPOINT((3.,-0.625,0.));
#7203=IFCDIRECTION((0.,0.,1.));
#7204=IFCDIRECTION((1.,0.,0.));
#7205=IFCAXIS2PLACEMENT3D(#7202,#7203,#7204);
#7206=IFCLOCALPLACEMENT(#4671,#7205);
#7207=IFCCARTESIANPOINT((3.25,-0.625,0.));
#7208=IFCDIRECTION((0.,0.,1.));
#7209=IFCDIRECTION((1.,0.,0.));
#7210=IFCAXIS2PLACEMENT3D(#7207,#7208,#7209);
#7211=IFCLOCALPLACEMENT(#4671,#7210);
#7212=IFCCARTESIANPOINT((3.5,-0.625,0.));
#7213=IFCDIRECTION((0.,0.,1.));
#7214=IFCDIRECTION((1.,0.,0.));
#7215=IFCAXIS2PLACEMENT3D(#7212,#7213,#7214);
#7216=IFCLOCALPLACEMENT(#4671,#7215);
#7217=IFCCARTESIANPOINT((3.75,-0.625,0.));
#7218=IFCDIRECTION((0.,0.,1.));
#7219=IFCDIRECTION((1.,0.,0.));
#7220=IFCAXIS2PLACEMENT3D(#7217,#7218,#7219);
#7221=IFCLOCALPLACEMENT(#4671,#7220);
#7222=IFCCARTESIANPOINT((4.,-0.625,0.));
#7223=IFCDIRECTION((0.,0.,1.));
#7224=IFCDIRECTION((1.,0.,0.));
#7225=IFCAXIS2PLACEMENT3D(#7222,#7223,#7224);
#7226=IFCLOCALPLACEMENT(#4671,#7225);
#7227=IFCCARTESIANPOINT((4.25,-0.625,0.));
#7228=IFCDIRECTION((0.,0.,1.));
#7229=IFCDIRECTION((1.,0.,0.));
#7230=IFCAXIS2PLACEMENT3D(#7227,#7228,#7229);
#7231=IFCLOCALPLACEMENT(#4671,#7230);
#7232=IFCCARTESIANPOINT((4.5,-0.625,0.));
#7233=IFCDIRECTION((0.,0.,1.));
#7234=IFCDIRECTION((1.,0.,0.));
#7235=IFCAXIS2PLACEMENT3D(#7232,#7233,#7234);
#7236=IFCLOCALPLACEMENT(#4671,#7235);
#7237=IFCCARTESIANPOINT((0.,-1.0800000000000001,0.));
#7238=IFCDIRECTION((0.,0.,1.));
#7239=IFCDIRECTION((1.,0.,0.));
#7240=IFCAXIS2PLACEMENT3D(#7237,#7238,#7239);
#7241=IFCLOCALPLACEMENT(#4671,#7240);
#7242=IFCCARTESIANPOINT((0.,-1.25,0.));
#7243=IFCDIRECTION((0.,0.,1.));
#7244=IFCDIRECTION((1.,0.,0.));
#7245=IFCAXIS2PLACEMENT3D(#7242,#7243,#7244);
#7246=IFCLOCALPLACEMENT(#4671,#7245);
#7247=IFCCARTESIANPOINT((0.25,-1.25,0.));
#7248=IFCDIRECTION((0.,0.,1.));
#7249=IFCDIRECTION((1.,0.,0.));
#7250=IFCAXIS2PLACEMENT3D(#7247,#7248,#7249);
#7251=IFCLOCALPLACEMENT(#4671,#7250);
#7252=IFCCARTESIANPOINT((0.5,-1.25,0.));
#7253=IFCDIRECTION((0.,0.,1.));
#7254=IFCDIRECTION((1.,0.,0.));
#7255=IFCAXIS2PLACEMENT3D(#7252,#7253,#7254);
#7256=IFCLOCALPLACEMENT(#4671,#7255);
#7257=IFCCARTESIANPOINT((0.75,-1.25,0.));
#7258=IFCDIRECTION((0.,0.,1.));
#7259=IFCDIRECTION((1.,0.,0.));
#7260=IFCAXIS2PLACEMENT3D(#7257,#7258,#7259);
#7261=IFCLOCALPLACEMENT(#4671,#7260);
#7262=IFCCARTESIANPOINT((1.,-1.25,0.));
#7263=IFCDIRECTION((0.,0.,1.));
#7264=IFCDIRECTION((1.,0.,0.));
#7265=IFCAXIS2PLACEMENT3D(#7262,#7263,#7264);
#7266=IFCLOCALPLACEMENT(#4671,#7265);
#7267=IFCCARTESIANPOINT((1.25,-1.25,0.));
#7268=IFCDIRECTION((0.,0.,1.));
#7269=IFCDIRECTION((1.,0.,0.));
#7270=IFCAXIS2PLACEMENT3D(#7267,#7268,#7269);
#7271=IFCLOCALPLACEMENT(#4671,#7270);
#7272=IFCCARTESIANPOINT((1.5,-1.25,0.));
#7273=IFCDIRECTION((0.,0.,1.));
#7274=IFCDIRECTION((1.,0.,0.));
#7275=IFCAXIS2PLACEMENT3D(#7272,#7273,#7274);
#7276=IFCLOCALPLACEMENT(#4671,#7275);
#7277=IFCCARTESIANPOINT((1.75,-1.25,0.));
#7278=IFCDIRECTION((0.,0.,1.));
#7279=IFCDIRECTION((1.,0.,0.));
#7280=IFCAXIS2PLACEMENT3D(#7277,#7278,#7279);
#7281=IFCLOCALPLACEMENT(#4671,#7280);
#7282=IFCCARTESIANPOINT((2.,-1.25,0.));
#7283=IFCDIRECTION((0.,0.,1.));
#7284=IFCDIRECTION((1.,0.,0.));
#7285=IFCAXIS2PLACEMENT3D(#7282,#7283,#7284);
#7286=IFCLOCALPLACEMENT(#4671,#7285);
#7287=IFCCARTESIANPOINT((2.25,-1.25,0.));
#7288=IFCDIRECTION((0.,0.,1.));
#7289=IFCDIRECTION((1.,0.,0.));
#7290=IFCAXIS2PLACEMENT3D(#7287,#7288,#7289);
#7291=IFCLOCALPLACEMENT(#4671,#7290);
#7292=IFCCARTESIANPOINT((2.5,-1.25,0.));
#7293=IFCDIRECTION((0.,0.,1.));
#7294=IFCDIRECTION((1.,0.,0.));
#7295=IFCAXIS2PLACEMENT3D(#7292,#7293,#7294);
#7296=IFCLOCALPLACEMENT(#4671,#7295);
#7297=IFCCARTESIANPOINT((2.75,-1.25,0.));
#7298=IFCDIRECTION((0.,0.,1.));
#7299=IFCDIRECTION((1.,0.,0.));
#7300=IFCAXIS2PLACEMENT3D(#7297,#7298,#7299);
#7301=IFCLOCALPLACEMENT(#4671,#7300);
#7302=IFCCARTESIANPOINT((3.,-1.25,0.));
#7303=IFCDIRECTION((0.,0.,1.));
#7304=IFCDIRECTION((1.,0.,0.));
#7305=IFCAXIS2PLACEMENT3D(#7302,#7303,#7304);
#7306=IFCLOCALPLACEMENT(#4671,#7305);
#7307=IFCCARTESIANPOINT((3.25,-1.25,0.));
#7308=IFCDIRECTION((0.,0.,1.));
#7309=IFCDIRECTION((1.,0.,0.));
#7310=IFCAXIS2PLACEMENT3D(#7307,#7308,#7309);
#7311=IFCLOCALPLACEMENT(#4671,#7310);
#7312=IFCCARTESIANPOINT((3.5,-1.25,0.));
#7313=IFCDIRECTION((0.,0.,1.));
#7314=IFCDIRECTION((1.,0.,0.));
#7315=IFCAXIS2PLACEMENT3D(#7312,#7313,#7314);
#7316=IFCLOCALPLACEMENT(#4671,#7315);
#7317=IFCCARTESIANPOINT((3.75,-1.25,0.));
#7318=IFCDIRECTION((0.,0.,1.));
#7319=IFCDIRECTION((1.,0.,0.));
#7320=IFCAXIS2PLACEMENT3D(#7317,#7318,#7319);
#7321=IFCLOCALPLACEMENT(#4671,#7320);
#7322=IFCCARTESIANPOINT((4.,-1.25,0.));
#7323=IFCDIRECTION((0.,0.,1.));
#7324=IFCDIRECTION((1.,0.,0.));
#7325=IFCAXIS2PLACEMENT3D(#7322,#7323,#7324);
#7326=IFCLOCALPLACEMENT(#4671,#7325);
#7327=IFCCARTESIANPOINT((4.25,-1.25,0.));
#7328=IFCDIRECTION((0.,0.,1.));
#7329=IFCDIRECTION((1.,0.,0.));
#7330=IFCAXIS2PLACEMENT3D(#7327,#7328,#7329);
#7331=IFCLOCALPLACEMENT(#4671,#7330);
#7332=IFCCARTESIANPOINT((4.5,-1.25,0.));
#7333=IFCDIRECTION((0.,0.,1.));
#7334=IFCDIRECTION((1.,0.,0.));
#7335=IFCAXIS2PLACEMENT3D(#7332,#7333,#7334);
#7336=IFCLOCALPLACEMENT(#4671,#7335);
#7337=IFCCARTESIANPOINT((0.,-1.7050000000000001,0.));
#7338=IFCDIRECTION((0.,0.,1.));
#7339=IFCDIRECTION((1.,0.,0.));
#7340=IFCAXIS2PLACEMENT3D(#7337,#7338,#7339);
#7341=IFCLOCALPLACEMENT(#4671,#7340);
#7342=IFCCARTESIANPOINT((0.,-1.875,0.));
#7343=IFCDIRECTION((0.,0.,1.));
#7344=IFCDIRECTION((1.,0.,0.));
#7345=IFCAXIS2PLACEMENT3D(#7342,#7343,#7344);
#7346=IFCLOCALPLACEMENT(#4671,#7345);
#7347=IFCCARTESIANPOINT((0.25,-1.875,0.));
#7348=IFCDIRECTION((0.,0.,1.));
#7349=IFCDIRECTION((1.,0.,0.));
#7350=IFCAXIS2PLACEMENT3D(#7347,#7348,#7349);
#7351=IFCLOCALPLACEMENT(#4671,#7350);
#7352=IFCCARTESIANPOINT((0.5,-1.875,0.));
#7353=IFCDIRECTION((0.,0.,1.));
#7354=IFCDIRECTION((1.,0.,0.));
#7355=IFCAXIS2PLACEMENT3D(#7352,#7353,#7354);
#7356=IFCLOCALPLACEMENT(#4671,#7355);
#7357=IFCCARTESIANPOINT((0.75,-1.875,0.));
#7358=IFCDIRECTION((0.,0.,1.));
#7359=IFCDIRECTION((1.,0.,0.));
#7360=IFCAXIS2PLACEMENT3D(#7357,#7358,#7359);
#7361=IFCLOCALPLACEMENT(#4671,#7360);
#7362=IFCCARTESIANPOINT((1.,-1.875,0.));
#7363=IFCDIRECTION((0.,0.,1.));
#7364=IFCDIRECTION((1.,0.,0.));
#7365=IFCAXIS2PLACEMENT3D(#7362,#7363,#7364);
#7366=IFCLOCALPLACEMENT(#4671,#7365);
#7367=IFCCARTESIANPOINT((1.25,-1.875,0.));
#7368=IFCDIRECTION((0.,0.,1.));
#7369=IFCDIRECTION((1.,0.,0.));
#7370=IFCAXIS2PLACEMENT3D(#7367,#7368,#7369);
#7371=IFCLOCALPLACEMENT(#4671,#7370);
#7372=IFCCARTESIANPOINT((1.5,-1.875,0.));
#7373=IFCDIRECTION((0.,0.,1.));
#7374=IFCDIRECTION((1.,0.,0.));
#7375=IFCAXIS2PLACEMENT3D(#7372,#7373,#7374);
#7376=IFCLOCALPLACEMENT(#4671,#7375);
#7377=IFCCARTESIANPOINT((1.75,-1.875,0.));
#7378=IFCDIRECTION((0.,0.,1.));
#7379=IFCDIRECTION((1.,0.,0.));
#7380=IFCAXIS2PLACEMENT3D(#7377,#7378,#7379);
#7381=IFCLOCALPLACEMENT(#4671,#7380);
#7382=IFCCARTESIANPOINT((2.,-1.875,0.));
#7383=IFCDIRECTION((0.,0.,1.));
#7384=IFCDIRECTION((1.,0.,0.));
#7385=IFCAXIS2PLACEMENT3D(#7382,#7383,#7384);
#7386=IFCLOCALPLACEMENT(#4671,#7385);
#7387=IFCCARTESIANPOINT((2.25,-1.875,0.));
#7388=IFCDIRECTION((0.,0.,1.));
#7389=IFCDIRECTION((1.,0.,0.));
#7390=IFCAXIS2PLACEMENT3D(#7387,#7388,#7389);
#7391=IFCLOCALPLACEMENT(#4671,#7390);
#7392=IFCCARTESIANPOINT((2.5,-1.875,0.));
#7393=IFCDIRECTION((0.,0.,1.));
#7394=IFCDIRECTION((1.,0.,0.));
#7395=IFCAXIS2PLACEMENT3D(#7392,#7393,#7394);
#7396=IFCLOCALPLACEMENT(#4671,#7395);
#7397=IFCCARTESIANPOINT((2.75,-1.875,0.));
#7398=IFCDIRECTION((0.,0.,1.));
#7399=IFCDIRECTION((1.,0.,0.));
#7400=IFCAXIS2PLACEMENT3D(#7397,#7398,#7399);
#7401=IFCLOCALPLACEMENT(#4671,#7400);
#7402=IFCCARTESIANPOINT((3.,-1.875,0.));
#7403=IFCDIRECTION((0.,0.,1.));
#7404=IFCDIRECTION((1.,0.,0.));
#7405=IFCAXIS2PLACEMENT3D(#7402,#7403,#7404);
#7406=IFCLOCALPLACEMENT(#4671,#7405);
#7407=IFCCARTESIANPOINT((3.25,-1.875,0.));
#7408=IFCDIRECTION((0.,0.,1.));
#7409=IFCDIRECTION((1.,0.,0.));
#7410=IFCAXIS2PLACEMENT3D(#7407,#7408,#7409);
#7411=IFCLOCALPLACEMENT(#4671,#7410);
#7412=IFCCARTESIANPOINT((3.5,-1.875,0.));
#7413=IFCDIRECTION((0.,0.,1.));
#7414=IFCDIRECTION((1.,0.,0.));
#7415=IFCAXIS2PLACEMENT3D(#7412,#7413,#7414);
#7416=IFCLOCALPLACEMENT(#4671,#7415);
#7417=IFCCARTESIANPOINT((3.75,-1.875,0.));
#7418=IFCDIRECTION((0.,0.,1.));
#7419=IFCDIRECTION((1.,0.,0.));
#7420=IFCAXIS2PLACEMENT3D(#7417,#7418,#7419);
#7421=IFCLOCALPLACEMENT(#4671,#7420);
#7422=IFCCARTESIANPOINT((4.,-1.875,0.));
#7423=IFCDIRECTION((0.,0.,1.));
#7424=IFCDIRECTION((1.,0.,0.));
#7425=IFCAXIS2PLACEMENT3D(#7422,#7423,#7424);
#7426=IFCLOCALPLACEMENT(#4671,#7425);
#7427=IFCCARTESIANPOINT((4.25,-1.875,0.));
#7428=IFCDIRECTION((0.,0.,1.));
#7429=IFCDIRECTION((1.,0.,0.));
#7430=IFCAXIS2PLACEMENT3D(#7427,#7428,#7429);
#7431=IFCLOCALPLACEMENT(#4671,#7430);
#7432=IFCCARTESIANPOINT((4.5,-1.875,0.));
#7433=IFCDIRECTION((0.,0.,1.));
#7434=IFCDIRECTION((1.,0.,0.));
#7435=IFCAXIS2PLACEMENT3D(#7432,#7433,#7434);
#7436=IFCLOCALPLACEMENT(#4671,#7435);
#7437=IFCCARTESIANPOINT((0.,-2.3300000000000001,0.));
#7438=IFCDIRECTION((0.,0.,1.));
#7439=IFCDIRECTION((1.,0.,0.));
#7440=IFCAXIS2PLACEMENT3D(#7437,#7438,#7439);
#7441=IFCLOCALPLACEMENT(#4671,#7440);
#7442=IFCCARTESIANPOINT((0.,-2.5,0.));
#7443=IFCDIRECTION((0.,0.,1.));
#7444=IFCDIRECTION((1.,0.,0.));
#7445=IFCAXIS2PLACEMENT3D(#7442,#7443,#7444);
#7446=IFCLOCALPLACEMENT(#4671,#7445);
#7447=IFCCARTESIANPOINT((0.25,-2.5,0.));
#7448=IFCDIRECTION((0.,0.,1.));
#7449=IFCDIRECTION((1.,0.,0.));
#7450=IFCAXIS2PLACEMENT3D(#7447,#7448,#7449);
#7451=IFCLOCALPLACEMENT(#4671,#7450);
#7452=IFCCARTESIANPOINT((0.5,-2.5,0.));
#7453=IFCDIRECTION((0.,0.,1.));
#7454=IFCDIRECTION((1.,0.,0.));
#7455=IFCAXIS2PLACEMENT3D(#7452,#7453,#7454);
#7456=IFCLOCALPLACEMENT(#4671,#7455);
#7457=IFCCARTESIANPOINT((0.75,-2.5,0.));
#7458=IFCDIRECTION((0.,0.,1.));
#7459=IFCDIRECTION((1.,0.,0.));
#7460=IFCAXIS2PLACEMENT3D(#7457,#7458,#7459);
#7461=IFCLOCALPLACEMENT(#4671,#7460);
#7462=IFCCARTESIANPOINT((1.,-2.5,0.));
#7463=IFCDIRECTION((0.,0.,1.));
#7464=IFCDIRECTION((1.,0.,0.));
#7465=IFCAXIS2PLACEMENT3D(#7462,#7463,#7464);
#7466=IFCLOCALPLACEMENT(#4671,#7465);
#7467=IFCCARTESIANPOINT((1.25,-2.5,0.));
#7468=IFCDIRECTION((0.,0.,1.));
#7469=IFCDIRECTION((1.,0.,0.));
#7470=IFCAXIS2PLACEMENT3D(#7467,#7468,#7469);
#7471=IFCLOCALPLACEMENT(#4671,#7470);
#7472=IFCCARTESIANPOINT((1.5,-2.5,0.));
#7473=IFCDIRECTION((0.,0.,1.));
#7474=IFCDIRECTION((1.,0.,0.));
#7475=IFCAXIS2PLACEMENT3D(#7472,#7473,#7474);
#7476=IFCLOCALPLACEMENT(#4671,#7475);
#7477=IFCCARTESIANPOINT((1.75,-2.5,0.));
#7478=IFCDIRECTION((0.,0.,1.));
#7479=IFCDIRECTION((1.,0.,0.));
#7480=IFCAXIS2PLACEMENT3D(#7477,#7478,#7479);
#7481=IFCLOCALPLACEMENT(#4671,#7480);
#7482=IFCCARTESIANPOINT((2.,-2.5,0.));
#7483=IFCDIRECTION((0.,0.,1.));
#7484=IFCDIRECTION((1.,0.,0.));
#7485=IFCAXIS2PLACEMENT3D(#7482,#7483,#7484);
#7486=IFCLOCALPLACEMENT(#4671,#7485);
#7487=IFCCARTESIANPOINT((2.25,-2.5,0.));
#7488=IFCDIRECTION((0.,0.,1.));
#7489=IFCDIRECTION((1.,0.,0.));
#7490=IFCAXIS2PLACEMENT3D(#7487,#7488,#7489);
#7491=IFCLOCALPLACEMENT(#4671,#7490);
#7492=IFCCARTESIANPOINT((2.5,-2.5,0.));
#7493=IFCDIRECTION((0.,0.,1.));
#7494=IFCDIRECTION((1.,0.,0.));
#7495=IFCAXIS2PLACEMENT3D(#7492,#7493,#7494);
#7496=IFCLOCALPLACEMENT(#4671,#7495);
#7497=IFCCARTESIANPOINT((2.75,-2.5,0.));
#7498=IFCDIRECTION((0.,0.,1.));
#7499=IFCDIRECTION((1.,0.,0.));
#7500=IFCAXIS2PLACEMENT3D(#7497,#7498,#7499);
#7501=IFCLOCALPLACEMENT(#4671,#7500);
#7502=IFCCARTESIANPOINT((3.,-2.5,0.));
#7503=IFCDIRECTION((0.,0.,1.));
#7504=IFCDIRECTION((1.,0.,0.));
#7505=IFCAXIS2PLACEMENT3D(#7502,#7503,#7504);
#7506=IFCLOCALPLACEMENT(#4671,#7505);
#7507=IFCCARTESIANPOINT((3.25,-2.5,0.));
#7508=IFCDIRECTION((0.,0.,1.));
#7509=IFCDIRECTION((1.,0.,0.));
#7510=IFCAXIS2PLACEMENT3D(#7507,#7508,#7509);
#7511=IFCLOCALPLACEMENT(#4671,#7510);
#7512=IFCCARTESIANPOINT((3.5,-2.5,0.));
#7513=IFCDIRECTION((0.,0.,1.));
#7514=IFCDIRECTION((1.,0.,0.));
#7515=IFCAXIS2PLACEMENT3D(#7512,#7513,#7514);
#7516=IFCLOCALPLACEMENT(#4671,#7515);
#7517=IFCCARTESIANPOINT((3.75,-2.5,0.));
#7518=IFCDIRECTION((0.,0.,1.));
#7519=IFCDIRECTION((1.,0.,0.));
#7520=IFCAXIS2PLACEMENT3D(#7517,#7518,#7519);
#7521=IFCLOCALPLACEMENT(#4671,#7520);
#7522=IFCCARTESIANPOINT((4.,-2.5,0.));
#7523=IFCDIRECTION((0.,0.,1.));
#7524=IFCDIRECTION((1.,0.,0.));
#7525=IFCAXIS2PLACEMENT3D(#7522,#7523,#7524);
#7526=IFCLOCALPLACEMENT(#4671,#7525);
#7527=IFCCARTESIANPOINT((4.25,-2.5,0.));
#7528=IFCDIRECTION((0.,0.,1.));
#7529=IFCDIRECTION((1.,0.,0.));
#7530=IFCAXIS2PLACEMENT3D(#7527,#7528,#7529);
#7531=IFCLOCALPLACEMENT(#4671,#7530);
#7532=IFCCARTESIANPOINT((4.5,-2.5,0.));
#7533=IFCDIRECTION((0.,0.,1.));
#7534=IFCDIRECTION((1.,0.,0.));
#7535=IFCAXIS2PLACEMENT3D(#7532,#7533,#7534);
#7536=IFCLOCALPLACEMENT(#4671,#7535);
#7537=IFCCARTESIANPOINT((0.,-2.9550000000000001,0.));
#7538=IFCDIRECTION((0.,0.,1.));
#7539=IFCDIRECTION((1.,0.,0.));
#7540=IFCAXIS2PLACEMENT3D(#7537,#7538,#7539);
#7541=IFCLOCALPLACEMENT(#4671,#7540);
#7542=IFCCARTESIANPOINT((0.,-3.125,0.));
#7543=IFCDIRECTION((0.,0.,1.));
#7544=IFCDIRECTION((1.,0.,0.));
#7545=IFCAXIS2PLACEMENT3D(#7542,#7543,#7544);
#7546=IFCLOCALPLACEMENT(#4671,#7545);
#7547=IFCCARTESIANPOINT((0.25,-3.125,0.));
#7548=IFCDIRECTION((0.,0.,1.));
#7549=IFCDIRECTION((1.,0.,0.));
#7550=IFCAXIS2PLACEMENT3D(#7547,#7548,#7549);
#7551=IFCLOCALPLACEMENT(#4671,#7550);
#7552=IFCCARTESIANPOINT((0.5,-3.125,0.));
#7553=IFCDIRECTION((0.,0.,1.));
#7554=IFCDIRECTION((1.,0.,0.));
#7555=IFCAXIS2PLACEMENT3D(#7552,#7553,#7554);
#7556=IFCLOCALPLACEMENT(#4671,#7555);
#7557=IFCCARTESIANPOINT((0.75,-3.125,0.));
#7558=IFCDIRECTION((0.,0.,1.));
#7559=IFCDIRECTION((1.,0.,0.));
#7560=IFCAXIS2PLACEMENT3D(#7557,#7558,#7559);
#7561=IFCLOCALPLACEMENT(#4671,#7560);
#7562=IFCCARTESIANPOINT((1.,-3.125,0.));
#7563=IFCDIRECTION((0.,0.,1.));
#7564=IFCDIRECTION((1.,0.,0.));
#7565=IFCAXIS2PLACEMENT3D(#7562,#7563,#7564);
#7566=IFCLOCALPLACEMENT(#4671,#7565);
#7567=IFCCARTESIANPOINT((1.25,-3.125,0.));
#7568=IFCDIRECTION((0.,0.,1.));
#7569=IFCDIRECTION((1.,0.,0.));
#7570=IFCAXIS2PLACEMENT3D(#7567,#7568,#7569);
#7571=IFCLOCALPLACEMENT(#4671,#7570);
#7572=IFCCARTESIANPOINT((1.5,-3.125,0.));
#7573=IFCDIRECTION((0.,0.,1.));
#7574=IFCDIRECTION((1.,0.,0.));
#7575=IFCAXIS2PLACEMENT3D(#7572,#7573,#7574);
#7576=IFCLOCALPLACEMENT(#4671,#7575);
#7577=IFCCARTESIANPOINT((1.75,-3.125,0.));
#7578=IFCDIRECTION((0.,0.,1.));
#7579=IFCDIRECTION((1.,0.,0.));
#7580=IFCAXIS2PLACEMENT3D(#7577,#7578,#7579);
#7581=IFCLOCALPLACEMENT(#4671,#7580);
#7582=IFCCARTESIANPOINT((2.,-3.125,0.));
#7583=IFCDIRECTION((0.,0.,1.));
#7584=IFCDIRECTION((1.,0.,0.));
#7585=IFCAXIS2PLACEMENT3D(#7582,#7583,#7584);
#7586=IFCLOCALPLACEMENT(#4671,#7585);
#7587=IFCCARTESIANPOINT((2.25,-3.125,0.));
#7588=IFCDIRECTION((0.,0.,1.));
#7589=IFCDIRECTION((1.,0.,0.));
#7590=IFCAXIS2PLACEMENT3D(#7587,#7588,#7589);
#7591=IFCLOCALPLACEMENT(#4671,#7590);
#7592=IFCCARTESIANPOINT((2.5,-3.125,0.));
#7593=IFCDIRECTION((0.,0.,1.));
#7594=IFCDIRECTION((1.,0.,0.));
#7595=IFCAXIS2PLACEMENT3D(#7592,#7593,#7594);
#7596=IFCLOCALPLACEMENT(#4671,#7595);
#7597=IFCCARTESIANPOINT((2.75,-3.125,0.));
#7598=IFCDIRECTION((0.,0.,1.));
#7599=IFCDIRECTION((1.,0.,0.));
#7600=IFCAXIS2PLACEMENT3D(#7597,#7598,#7599);
#7601=IFCLOCALPLACEMENT(#4671,#7600);
#7602=IFCCARTESIANPOINT((3.,-3.125,0.));
#7603=IFCDIRECTION((0.,0.,1.));
#7604=IFCDIRECTION((1.,0.,0.));
#7605=IFCAXIS2PLACEMENT3D(#7602,#7603,#7604);
#7606=IFCLOCALPLACEMENT(#4671,#7605);
#7607=IFCCARTESIANPOINT((3.25,-3.125,0.));
#7608=IFCDIRECTION((0.,0.,1.));
#7609=IFCDIRECTION((1.,0.,0.));
#7610=IFCAXIS2PLACEMENT3D(#7607,#7608,#7609);
#7611=IFCLOCALPLACEMENT(#4671,#7610);
#7612=IFCCARTESIANPOINT((3.5,-3.125,0.));
#7613=IFCDIRECTION((0.,0.,1.));
#7614=IFCDIRECTION((1.,0.,0.));
#7615=IFCAXIS2PLACEMENT3D(#7612,#7613,#7614);
#7616=IFCLOCALPLACEMENT(#4671,#7615);
#7617=IFCCARTESIANPOINT((3.75,-3.125,0.));
#7618=IFCDIRECTION((0.,0.,1.));
#7619=IFCDIRECTION((1.,0.,0.));
#7620=IFCAXIS2PLACEMENT3D(#7617,#7618,#7619);
#7621=IFCLOCALPLACEMENT(#4671,#7620);
#7622=IFCCARTESIANPOINT((4.,-3.125,0.));
#7623=IFCDIRECTION((0.,0.,1.));
#7624=IFCDIRECTION((1.,0.,0.));
#7625=IFCAXIS2PLACEMENT3D(#7622,#7623,#7624);
#7626=IFCLOCALPLACEMENT(#4671,#7625);
#7627=IFCCARTESIANPOINT((4.25,-3.125,0.));
#7628=IFCDIRECTION((0.,0.,1.));
#7629=IFCDIRECTION((1.,0.,0.));
#7630=IFCAXIS2PLACEMENT3D(#7627,#7628,#7629);
#7631=IFCLOCALPLACEMENT(#4671,#7630);
#7632=IFCCARTESIANPOINT((4.5,-3.125,0.));
#7633=IFCDIRECTION((0.,0.,1.));
#7634=IFCDIRECTION((1.,0.,0.));
#7635=IFCAXIS2PLACEMENT3D(#7632,#7633,#7634);
#7636=IFCLOCALPLACEMENT(#4671,#7635);
#7637=IFCCARTESIANPOINT((0.,-3.5800000000000001,0.));
#7638=IFCDIRECTION((0.,0.,1.));
#7639=IFCDIRECTION((1.,0.,0.));
#7640=IFCAXIS2PLACEMENT3D(#7637,#7638,#7639);
#7641=IFCLOCALPLACEMENT(#4671,#7640);
#7642=IFCCARTESIANPOINT((0.,-3.75,0.));
#7643=IFCDIRECTION((0.,0.,1.));
#7644=IFCDIRECTION((1.,0.,0.));
#7645=IFCAXIS2PLACEMENT3D(#7642,#7643,#7644);
#7646=IFCLOCALPLACEMENT(#4671,#7645);
#7647=IFCCARTESIANPOINT((0.25,-3.75,0.));
#7648=IFCDIRECTION((0.,0.,1.));
#7649=IFCDIRECTION((1.,0.,0.));
#7650=IFCAXIS2PLACEMENT3D(#7647,#7648,#7649);
#7651=IFCLOCALPLACEMENT(#4671,#7650);
#7652=IFCCARTESIANPOINT((0.5,-3.75,0.));
#7653=IFCDIRECTION((0.,0.,1.));
#7654=IFCDIRECTION((1.,0.,0.));
#7655=IFCAXIS2PLACEMENT3D(#7652,#7653,#7654);
#7656=IFCLOCALPLACEMENT(#4671,#7655);
#7657=IFCCARTESIANPOINT((0.75,-3.75,0.));
#7658=IFCDIRECTION((0.,0.,1.));
#7659=IFCDIRECTION((1.,0.,0.));
#7660=IFCAXIS2PLACEMENT3D(#7657,#7658,#7659);
#7661=IFCLOCALPLACEMENT(#4671,#7660);
#7662=IFCCARTESIANPOINT((1.,-3.75,0.));
#7663=IFCDIRECTION((0.,0.,1.));
#7664=IFCDIRECTION((1.,0.,0.));
#7665=IFCAXIS2PLACEMENT3D(#7662,#7663,#7664);
#7666=IFCLOCALPLACEMENT(#4671,#7665);
#7667=IFCCARTESIANPOINT((1.25,-3.75,0.));
#7668=IFCDIRECTION((0.,0.,1.));
#7669=IFCDIRECTION((1.,0.,0.));
#7670=IFCAXIS2PLACEMENT3D(#7667,#7668,#7669);
#7671=IFCLOCALPLACEMENT(#4671,#7670);
#7672=IFCCARTESIANPOINT((1.5,-3.75,0.));
#7673=IFCDIRECTION((0.,0.,1.));
#7674=IFCDIRECTION((1.,0.,0.));
#7675=IFCAXIS2PLACEMENT3D(#7672,#7673,#7674);
#7676=IFCLOCALPLACEMENT(#4671,#7675);
#7677=IFCCARTESIANPOINT((1.75,-3.75,0.));
#7678=IFCDIRECTION((0.,0.,1.));
#7679=IFCDIRECTION((1.,0.,0.));
#7680=IFCAXIS2PLACEMENT3D(#7677,#7678,#7679);
#7681=IFCLOCALPLACEMENT(#4671,#7680);
#7682=IFCCARTESIANPOINT((2.,-3.75,0.));
#7683=IFCDIRECTION((0.,0.,1.));
#7684=IFCDIRECTION((1.,0.,0.));
#7685=IFCAXIS2PLACEMENT3D(#7682,#7683,#7684);
#7686=IFCLOCALPLACEMENT(#4671,#7685);
#7687=IFCCARTESIANPOINT((2.25,-3.75,0.));
#7688=IFCDIRECTION((0.,0.,1.));
#7689=IFCDIRECTION((1.,0.,0.));
#7690=IFCAXIS2PLACEMENT3D(#7687,#7688,#7689);
#7691=IFCLOCALPLACEMENT(#4671,#7690);
#7692=IFCCARTESIANPOINT((2.5,-3.75,0.));
#7693=IFCDIRECTION((0.,0.,1.));
#7694=IFCDIRECTION((1.,0.,0.));
#7695=IFCAXIS2PLACEMENT3D(#7692,#7693,#7694);
#7696=IFCLOCALPLACEMENT(#4671,#7695);
#7697=IFCCARTESIANPOINT((2.75,-3.75,0.));
#7698=IFCDIRECTION((0.,0.,1.));
#7699=IFCDIRECTION((1.,0.,0.));
#7700=IFCAXIS2PLACEMENT3D(#7697,#7698,#7699);
#7701=IFCLOCALPLACEMENT(#4671,#7700);
#7702=IFCCARTESIANPOINT((3.,-3.75,0.));
#7703=IFCDIRECTION((0.,0.,1.));
#7704=IFCDIRECTION((1.,0.,0.));
#7705=IFCAXIS2PLACEMENT3D(#7702,#7703,#7704);
#7706=IFCLOCALPLACEMENT(#4671,#7705);
#7707=IFCCARTESIANPOINT((3.25,-3.75,0.));
#7708=IFCDIRECTION((0.,0.,1.));
#7709=IFCDIRECTION((1.,0.,0.));
#7710=IFCAXIS2PLACEMENT3D(#7707,#7708,#7709);
#7711=IFCLOCALPLACEMENT(#4671,#7710);
#7712=IFCCARTESIANPOINT((3.5,-3.75,0.));
#7713=IFCDIRECTION((0.,0.,1.));
#7714=IFCDIRECTION((1.,0.,0.));
#7715=IFCAXIS2PLACEMENT3D(#7712,#7713,#7714);
#7716=IFCLOCALPLACEMENT(#4671,#7715);
#7717=IFCCARTESIANPOINT((3.75,-3.75,0.));
#7718=IFCDIRECTION((0.,0.,1.));
#7719=IFCDIRECTION((1.,0.,0.));
#7720=IFCAXIS2PLACEMENT3D(#7717,#7718,#7719);
#7721=IFCLOCALPLACEMENT(#4671,#7720);
#7722=IFCCARTESIANPOINT((4.,-3.75,0.));
#7723=IFCDIRECTION((0.,0.,1.));
#7724=IFCDIRECTION((1.,0.,0.));
#7725=IFCAXIS2PLACEMENT3D(#7722,#7723,#7724);
#7726=IFCLOCALPLACEMENT(#4671,#7725);
#7727=IFCCARTESIANPOINT((4.25,-3.75,0.));
#7728=IFCDIRECTION((0.,0.,1.));
#7729=IFCDIRECTION((1.,0.,0.));
#7730=IFCAXIS2PLACEMENT3D(#7727,#7728,#7729);
#7731=IFCLOCALPLACEMENT(#4671,#7730);
#7732=IFCCARTESIANPOINT((4.5,-3.75,0.));
#7733=IFCDIRECTION((0.,0.,1.));
#7734=IFCDIRECTION((1.,0.,0.));
#7735=IFCAXIS2PLACEMENT3D(#7732,#7733,#7734);
#7736=IFCLOCALPLACEMENT(#4671,#7735);
#7737=IFCCARTESIANPOINT((0.,-4.2050000000000001,0.));
#7738=IFCDIRECTION((0.,0.,1.));
#7739=IFCDIRECTION((1.,0.,0.));
#7740=IFCAXIS2PLACEMENT3D(#7737,#7738,#7739);
#7741=IFCLOCALPLACEMENT(#4671,#7740);
#7742=IFCCARTESIANPOINT((0.,-4.375,0.));
#7743=IFCDIRECTION((0.,0.,1.));
#7744=IFCDIRECTION((1.,0.,0.));
#7745=IFCAXIS2PLACEMENT3D(#7742,#7743,#7744);
#7746=IFCLOCALPLACEMENT(#4671,#7745);
#7747=IFCCARTESIANPOINT((0.25,-4.375,0.));
#7748=IFCDIRECTION((0.,0.,1.));
#7749=IFCDIRECTION((1.,0.,0.));
#7750=IFCAXIS2PLACEMENT3D(#7747,#7748,#7749);
#7751=IFCLOCALPLACEMENT(#4671,#7750);
#7752=IFCCARTESIANPOINT((0.5,-4.375,0.));
#7753=IFCDIRECTION((0.,0.,1.));
#7754=IFCDIRECTION((1.,0.,0.));
#7755=IFCAXIS2PLACEMENT3D(#7752,#7753,#7754);
#7756=IFCLOCALPLACEMENT(#4671,#7755);
#7757=IFCCARTESIANPOINT((0.75,-4.375,0.));
#7758=IFCDIRECTION((0.,0.,1.));
#7759=IFCDIRECTION((1.,0.,0.));
#7760=IFCAXIS2PLACEMENT3D(#7757,#7758,#7759);
#7761=IFCLOCALPLACEMENT(#4671,#7760);
#7762=IFCCARTESIANPOINT((1.,-4.375,0.));
#7763=IFCDIRECTION((0.,0.,1.));
#7764=IFCDIRECTION((1.,0.,0.));
#7765=IFCAXIS2PLACEMENT3D(#7762,#7763,#7764);
#7766=IFCLOCALPLACEMENT(#4671,#7765);
#7767=IFCCARTESIANPOINT((1.25,-4.375,0.));
#7768=IFCDIRECTION((0.,0.,1.));
#7769=IFCDIRECTION((1.,0.,0.));
#7770=IFCAXIS2PLACEMENT3D(#7767,#7768,#7769);
#7771=IFCLOCALPLACEMENT(#4671,#7770);
#7772=IFCCARTESIANPOINT((1.5,-4.375,0.));
#7773=IFCDIRECTION((0.,0.,1.));
#7774=IFCDIRECTION((1.,0.,0.));
#7775=IFCAXIS2PLACEMENT3D(#7772,#7773,#7774);
#7776=IFCLOCALPLACEMENT(#4671,#7775);
#7777=IFCCARTESIANPOINT((1.75,-4.375,0.));
#7778=IFCDIRECTION((0.,0.,1.));
#7779=IFCDIRECTION((1.,0.,0.));
#7780=IFCAXIS2PLACEMENT3D(#7777,#7778,#7779);
#7781=IFCLOCALPLACEMENT(#4671,#7780);
#7782=IFCCARTESIANPOINT((2.,-4.375,0.));
#7783=IFCDIRECTION((0.,0.,1.));
#7784=IFCDIRECTION((1.,0.,0.));
#7785=IFCAXIS2PLACEMENT3D(#7782,#7783,#7784);
#7786=IFCLOCALPLACEMENT(#4671,#7785);
#7787=IFCCARTESIANPOINT((2.25,-4.375,0.));
#7788=IFCDIRECTION((0.,0.,1.));
#7789=IFCDIRECTION((1.,0.,0.));
#7790=IFCAXIS2PLACEMENT3D(#7787,#7788,#7789);
#7791=IFCLOCALPLACEMENT(#4671,#7790);
#7792=IFCCARTESIANPOINT((2.5,-4.375,0.));
#7793=IFCDIRECTION((0.,0.,1.));
#7794=IFCDIRECTION((1.,0.,0.));
#7795=IFCAXIS2PLACEMENT3D(#7792,#7793,#7794);
#7796=IFCLOCALPLACEMENT(#4671,#7795);
#7797=IFCCARTESIANPOINT((2.75,-4.375,0.));
#7798=IFCDIRECTION((0.,0.,1.));
#7799=IFCDIRECTION((1.,0.,0.));
#7800=IFCAXIS2PLACEMENT3D(#7797,#7798,#7799);
#7801=IFCLOCALPLACEMENT(#4671,#7800);
#7802=IFCCARTESIANPOINT((3.,-4.375,0.));
#7803=IFCDIRECTION((0.,0.,1.));
#7804=IFCDIRECTION((1.,0.,0.));
#7805=IFCAXIS2PLACEMENT3D(#7802,#7803,#7804);
#7806=IFCLOCALPLACEMENT(#4671,#7805);
#7807=IFCCARTESIANPOINT((3.25,-4.375,0.));
#7808=IFCDIRECTION((0.,0.,1.));
#7809=IFCDIRECTION((1.,0.,0.));
#7810=IFCAXIS2PLACEMENT3D(#7807,#7808,#7809);
#7811=IFCLOCALPLACEMENT(#4671,#7810);
#7812=IFCCARTESIANPOINT((3.5,-4.375,0.));
#7813=IFCDIRECTION((0.,0.,1.));
#7814=IFCDIRECTION((1.,0.,0.));
#7815=IFCAXIS2PLACEMENT3D(#7812,#7813,#7814);
#7816=IFCLOCALPLACEMENT(#4671,#7815);
#7817=IFCCARTESIANPOINT((3.75,-4.375,0.));
#7818=IFCDIRECTION((0.,0.,1.));
#7819=IFCDIRECTION((1.,0.,0.));
#7820=IFCAXIS2PLACEMENT3D(#7817,#7818,#7819);
#7821=IFCLOCALPLACEMENT(#4671,#7820);
#7822=IFCCARTESIANPOINT((4.,-4.375,0.));
#7823=IFCDIRECTION((0.,0.,1.));
#7824=IFCDIRECTION((1.,0.,0.));
#7825=IFCAXIS2PLACEMENT3D(#7822,#7823,#7824);
#7826=IFCLOCALPLACEMENT(#4671,#7825);
#7827=IFCCARTESIANPOINT((4.25,-4.375,0.));
#7828=IFCDIRECTION((0.,0.,1.));
#7829=IFCDIRECTION((1.,0.,0.));
#7830=IFCAXIS2PLACEMENT3D(#7827,#7828,#7829);
#7831=IFCLOCALPLACEMENT(#4671,#7830);
#7832=IFCCARTESIANPOINT((4.5,-4.375,0.));
#7833=IFCDIRECTION((0.,0.,1.));
#7834=IFCDIRECTION((1.,0.,0.));
#7835=IFCAXIS2PLACEMENT3D(#7832,#7833,#7834);
#7836=IFCLOCALPLACEMENT(#4671,#7835);
#7837=IFCCARTESIANPOINT((0.,-4.8300000000000001,0.));
#7838=IFCDIRECTION((0.,0.,1.));
#7839=IFCDIRECTION((1.,0.,0.));
#7840=IFCAXIS2PLACEMENT3D(#7837,#7838,#7839);
#7841=IFCLOCALPLACEMENT(#4671,#7840);
#7842=IFCCARTESIANPOINT((0.,-5.,0.));
#7843=IFCDIRECTION((0.,0.,1.));
#7844=IFCDIRECTION((1.,0.,0.));
#7845=IFCAXIS2PLACEMENT3D(#7842,#7843,#7844);
#7846=IFCLOCALPLACEMENT(#4671,#7845);
#7847=IFCCARTESIANPOINT((0.25,-5.,0.));
#7848=IFCDIRECTION((0.,0.,1.));
#7849=IFCDIRECTION((1.,0.,0.));
#7850=IFCAXIS2PLACEMENT3D(#7847,#7848,#7849);
#7851=IFCLOCALPLACEMENT(#4671,#7850);
#7852=IFCCARTESIANPOINT((0.5,-5.,0.));
#7853=IFCDIRECTION((0.,0.,1.));
#7854=IFCDIRECTION((1.,0.,0.));
#7855=IFCAXIS2PLACEMENT3D(#7852,#7853,#7854);
#7856=IFCLOCALPLACEMENT(#4671,#7855);
#7857=IFCCARTESIANPOINT((0.75,-5.,0.));
#7858=IFCDIRECTION((0.,0.,1.));
#7859=IFCDIRECTION((1.,0.,0.));
#7860=IFCAXIS2PLACEMENT3D(#7857,#7858,#7859);
#7861=IFCLOCALPLACEMENT(#4671,#7860);
#7862=IFCCARTESIANPOINT((1.,-5.,0.));
#7863=IFCDIRECTION((0.,0.,1.));
#7864=IFCDIRECTION((1.,0.,0.));
#7865=IFCAXIS2PLACEMENT3D(#7862,#7863,#7864);
#7866=IFCLOCALPLACEMENT(#4671,#7865);
#7867=IFCCARTESIANPOINT((1.25,-5.,0.));
#7868=IFCDIRECTION((0.,0.,1.));
#7869=IFCDIRECTION((1.,0.,0.));
#7870=IFCAXIS2PLACEMENT3D(#7867,#7868,#7869);
#7871=IFCLOCALPLACEMENT(#4671,#7870);
#7872=IFCCARTESIANPOINT((1.5,-5.,0.));
#7873=IFCDIRECTION((0.,0.,1.));
#7874=IFCDIRECTION((1.,0.,0.));
#7875=IFCAXIS2PLACEMENT3D(#7872,#7873,#7874);
#7876=IFCLOCALPLACEMENT(#4671,#7875);
#7877=IFCCARTESIANPOINT((1.75,-5.,0.));
#7878=IFCDIRECTION((0.,0.,1.));
#7879=IFCDIRECTION((1.,0.,0.));
#7880=IFCAXIS2PLACEMENT3D(#7877,#7878,#7879);
#7881=IFCLOCALPLACEMENT(#4671,#7880);
#7882=IFCCARTESIANPOINT((2.,-5.,0.));
#7883=IFCDIRECTION((0.,0.,1.));
#7884=IFCDIRECTION((1.,0.,0.));
#7885=IFCAXIS2PLACEMENT3D(#7882,#7883,#7884);
#7886=IFCLOCALPLACEMENT(#4671,#7885);
#7887=IFCCARTESIANPOINT((2.25,-5.,0.));
#7888=IFCDIRECTION((0.,0.,1.));
#7889=IFCDIRECTION((1.,0.,0.));
#7890=IFCAXIS2PLACEMENT3D(#7887,#7888,#7889);
#7891=IFCLOCALPLACEMENT(#4671,#7890);
#7892=IFCCARTESIANPOINT((2.5,-5.,0.));
#7893=IFCDIRECTION((0.,0.,1.));
#7894=IFCDIRECTION((1.,0.,0.));
#7895=IFCAXIS2PLACEMENT3D(#7892,#7893,#7894);
#7896=IFCLOCALPLACEMENT(#4671,#7895);
#7897=IFCCARTESIANPOINT((2.75,-5.,0.));
#7898=IFCDIRECTION((0.,0.,1.));
#7899=IFCDIRECTION((1.,0.,0.));
#7900=IFCAXIS2PLACEMENT3D(#7897,#7898,#7899);
#7901=IFCLOCALPLACEMENT(#4671,#7900);
#7902=IFCCARTESIANPOINT((3.,-5.,0.));
#7903=IFCDIRECTION((0.,0.,1.));
#7904=IFCDIRECTION((1.,0.,0.));
#7905=IFCAXIS2PLACEMENT3D(#7902,#7903,#7904);
#7906=IFCLOCALPLACEMENT(#4671,#7905);
#7907=IFCCARTESIANPOINT((3.25,-5.,0.));
#7908=IFCDIRECTION((0.,0.,1.));
#7909=IFCDIRECTION((1.,0.,0.));
#7910=IFCAXIS2PLACEMENT3D(#7907,#7908,#7909);
#7911=IFCLOCALPLACEMENT(#4671,#7910);
#7912=IFCCARTESIANPOINT((3.5,-5.,0.));
#7913=IFCDIRECTION((0.,0.,1.));
#7914=IFCDIRECTION((1.,0.,0.));
#7915=IFCAXIS2PLACEMENT3D(#7912,#7913,#7914);
#7916=IFCLOCALPLACEMENT(#4671,#7915);
#7917=IFCCARTESIANPOINT((3.75,-5.,0.));
#7918=IFCDIRECTION((0.,0.,1.));
#7919=IFCDIRECTION((1.,0.,0.));
#7920=IFCAXIS2PLACEMENT3D(#7917,#7918,#7919);
#7921=IFCLOCALPLACEMENT(#4671,#7920);
#7922=IFCCARTESIANPOINT((4.,-5.,0.));
#7923=IFCDIRECTION((0.,0.,1.));
#7924=IFCDIRECTION((1.,0.,0.));
#7925=IFCAXIS2PLACEMENT3D(#7922,#7923,#7924);
#7926=IFCLOCALPLACEMENT(#4671,#7925);
#7927=IFCCARTESIANPOINT((4.25,-5.,0.));
#7928=IFCDIRECTION((0.,0.,1.));
#7929=IFCDIRECTION((1.,0.,0.));
#7930=IFCAXIS2PLACEMENT3D(#7927,#7928,#7929);
#7931=IFCLOCALPLACEMENT(#4671,#7930);
#7932=IFCCARTESIANPOINT((4.5,-5.,0.));
#7933=IFCDIRECTION((0.,0.,1.));
#7934=IFCDIRECTION((1.,0.,0.));
#7935=IFCAXIS2PLACEMENT3D(#7932,#7933,#7934);
#7936=IFCLOCALPLACEMENT(#4671,#7935);
#7937=IFCCARTESIANPOINT((0.,-5.4550000000000001,0.));
#7938=IFCDIRECTION((0.,0.,1.));
#7939=IFCDIRECTION((1.,0.,0.));
#7940=IFCAXIS2PLACEMENT3D(#7937,#7938,#7939);
#7941=IFCLOCALPLACEMENT(#4671,#7940);
#7942=IFCCARTESIANPOINT((0.,-5.625,0.));
#7943=IFCDIRECTION((0.,0.,1.));
#7944=IFCDIRECTION((1.,0.,0.));
#7945=IFCAXIS2PLACEMENT3D(#7942,#7943,#7944);
#7946=IFCLOCALPLACEMENT(#4671,#7945);
#7947=IFCCARTESIANPOINT((0.25,-5.625,0.));
#7948=IFCDIRECTION((0.,0.,1.));
#7949=IFCDIRECTION((1.,0.,0.));
#7950=IFCAXIS2PLACEMENT3D(#7947,#7948,#7949);
#7951=IFCLOCALPLACEMENT(#4671,#7950);
#7952=IFCCARTESIANPOINT((0.5,-5.625,0.));
#7953=IFCDIRECTION((0.,0.,1.));
#7954=IFCDIRECTION((1.,0.,0.));
#7955=IFCAXIS2PLACEMENT3D(#7952,#7953,#7954);
#7956=IFCLOCALPLACEMENT(#4671,#7955);
#7957=IFCCARTESIANPOINT((0.75,-5.625,0.));
#7958=IFCDIRECTION((0.,0.,1.));
#7959=IFCDIRECTION((1.,0.,0.));
#7960=IFCAXIS2PLACEMENT3D(#7957,#7958,#7959);
#7961=IFCLOCALPLACEMENT(#4671,#7960);
#7962=IFCCARTESIANPOINT((1.,-5.625,0.));
#7963=IFCDIRECTION((0.,0.,1.));
#7964=IFCDIRECTION((1.,0.,0.));
#7965=IFCAXIS2PLACEMENT3D(#7962,#7963,#7964);
#7966=IFCLOCALPLACEMENT(#4671,#7965);
#7967=IFCCARTESIANPOINT((1.25,-5.625,0.));
#7968=IFCDIRECTION((0.,0.,1.));
#7969=IFCDIRECTION((1.,0.,0.));
#7970=IFCAXIS2PLACEMENT3D(#7967,#7968,#7969);
#7971=IFCLOCALPLACEMENT(#4671,#7970);
#7972=IFCCARTESIANPOINT((1.5,-5.625,0.));
#7973=IFCDIRECTION((0.,0.,1.));
#7974=IFCDIRECTION((1.,0.,0.));
#7975=IFCAXIS2PLACEMENT3D(#7972,#7973,#7974);
#7976=IFCLOCALPLACEMENT(#4671,#7975);
#7977=IFCCARTESIANPOINT((1.75,-5.625,0.));
#7978=IFCDIRECTION((0.,0.,1.));
#7979=IFCDIRECTION((1.,0.,0.));
#7980=IFCAXIS2PLACEMENT3D(#7977,#7978,#7979);
#7981=IFCLOCALPLACEMENT(#4671,#7980);
#7982=IFCCARTESIANPOINT((2.,-5.625,0.));
#7983=IFCDIRECTION((0.,0.,1.));
#7984=IFCDIRECTION((1.,0.,0.));
#7985=IFCAXIS2PLACEMENT3D(#7982,#7983,#7984);
#7986=IFCLOCALPLACEMENT(#4671,#7985);
#7987=IFCCARTESIANPOINT((2.25,-5.625,0.));
#7988=IFCDIRECTION((0.,0.,1.));
#7989=IFCDIRECTION((1.,0.,0.));
#7990=IFCAXIS2PLACEMENT3D(#7987,#7988,#7989);
#7991=IFCLOCALPLACEMENT(#4671,#7990);
#7992=IFCCARTESIANPOINT((2.5,-5.625,0.));
#7993=IFCDIRECTION((0.,0.,1.));
#7994=IFCDIRECTION((1.,0.,0.));
#7995=IFCAXIS2PLACEMENT3D(#7992,#7993,#7994);
#7996=IFCLOCALPLACEMENT(#4671,#7995);
#7997=IFCCARTESIANPOINT((2.75,-5.625,0.));
#7998=IFCDIRECTION((0.,0.,1.));
#7999=IFCDIRECTION((1.,0.,0.));
#8000=IFCAXIS2PLACEMENT3D(#7997,#7998,#7999);
#8001=IFCLOCALPLACEMENT(#4671,#8000);
#8002=IFCCARTESIANPOINT((3.,-5.625,0.));
#8003=IFCDIRECTION((0.,0.,1.));
#8004=IFCDIRECTION((1.,0.,0.));
#8005=IFCAXIS2PLACEMENT3D(#8002,#8003,#8004);
#8006=IFCLOCALPLACEMENT(#4671,#8005);
#8007=IFCCARTESIANPOINT((3.25,-5.625,0.));
#8008=IFCDIRECTION((0.,0.,1.));
#8009=IFCDIRECTION((1.,0.,0.));
#8010=IFCAXIS2PLACEMENT3D(#8007,#8008,#8009);
#8011=IFCLOCALPLACEMENT(#4671,#8010);
#8012=IFCCARTESIANPOINT((3.5,-5.625,0.));
#8013=IFCDIRECTION((0.,0.,1.));
#8014=IFCDIRECTION((1.,0.,0.));
#8015=IFCAXIS2PLACEMENT3D(#8012,#8013,#8014);
#8016=IFCLOCALPLACEMENT(#4671,#8015);
#8017=IFCCARTESIANPOINT((3.75,-5.625,0.));
#8018=IFCDIRECTION((0.,0.,1.));
#8019=IFCDIRECTION((1.,0.,0.));
#8020=IFCAXIS2PLACEMENT3D(#8017,#8018,#8019);
#8021=IFCLOCALPLACEMENT(#4671,#8020);
#8022=IFCCARTESIANPOINT((4.,-5.625,0.));
#8023=IFCDIRECTION((0.,0.,1.));
#8024=IFCDIRECTION((1.,0.,0.));
#8025=IFCAXIS2PLACEMENT3D(#8022,#8023,#8024);
#8026=IFCLOCALPLACEMENT(#4671,#8025);
#8027=IFCCARTESIANPOINT((4.25,-5.625,0.));
#8028=IFCDIRECTION((0.,0.,1.));
#8029=IFCDIRECTION((1.,0.,0.));
#8030=IFCAXIS2PLACEMENT3D(#8027,#8028,#8029);
#8031=IFCLOCALPLACEMENT(#4671,#8030);
#8032=IFCCARTESIANPOINT((4.5,-5.625,0.));
#8033=IFCDIRECTION((0.,0.,1.));
#8034=IFCDIRECTION((1.,0.,0.));
#8035=IFCAXIS2PLACEMENT3D(#8032,#8033,#8034);
#8036=IFCLOCALPLACEMENT(#4671,#8035);
#8037=IFCCARTESIANPOINT((0.,-6.0800000000000001,0.));
#8038=IFCDIRECTION((0.,0.,1.));
#8039=IFCDIRECTION((1.,0.,0.));
#8040=IFCAXIS2PLACEMENT3D(#8037,#8038,#8039);
#8041=IFCLOCALPLACEMENT(#4671,#8040);
#8042=IFCCARTESIANPOINT((0.,-6.25,0.));
#8043=IFCDIRECTION((0.,0.,1.));
#8044=IFCDIRECTION((1.,0.,0.));
#8045=IFCAXIS2PLACEMENT3D(#8042,#8043,#8044);
#8046=IFCLOCALPLACEMENT(#4671,#8045);
#8047=IFCCARTESIANPOINT((0.25,-6.25,0.));
#8048=IFCDIRECTION((0.,0.,1.));
#8049=IFCDIRECTION((1.,0.,0.));
#8050=IFCAXIS2PLACEMENT3D(#8047,#8048,#8049);
#8051=IFCLOCALPLACEMENT(#4671,#8050);
#8052=IFCCARTESIANPOINT((0.5,-6.25,0.));
#8053=IFCDIRECTION((0.,0.,1.));
#8054=IFCDIRECTION((1.,0.,0.));
#8055=IFCAXIS2PLACEMENT3D(#8052,#8053,#8054);
#8056=IFCLOCALPLACEMENT(#4671,#8055);
#8057=IFCCARTESIANPOINT((0.75,-6.25,0.));
#8058=IFCDIRECTION((0.,0.,1.));
#8059=IFCDIRECTION((1.,0.,0.));
#8060=IFCAXIS2PLACEMENT3D(#8057,#8058,#8059);
#8061=IFCLOCALPLACEMENT(#4671,#8060);
#8062=IFCCARTESIANPOINT((1.,-6.25,0.));
#8063=IFCDIRECTION((0.,0.,1.));
#8064=IFCDIRECTION((1.,0.,0.));
#8065=IFCAXIS2PLACEMENT3D(#8062,#8063,#8064);
#8066=IFCLOCALPLACEMENT(#4671,#8065);
#8067=IFCCARTESIANPOINT((1.25,-6.25,0.));
#8068=IFCDIRECTION((0.,0.,1.));
#8069=IFCDIRECTION((1.,0.,0.));
#8070=IFCAXIS2PLACEMENT3D(#8067,#8068,#8069);
#8071=IFCLOCALPLACEMENT(#4671,#8070);
#8072=IFCCARTESIANPOINT((1.5,-6.25,0.));
#8073=IFCDIRECTION((0.,0.,1.));
#8074=IFCDIRECTION((1.,0.,0.));
#8075=IFCAXIS2PLACEMENT3D(#8072,#8073,#8074);
#8076=IFCLOCALPLACEMENT(#4671,#8075);
#8077=IFCCARTESIANPOINT((1.75,-6.25,0.));
#8078=IFCDIRECTION((0.,0.,1.));
#8079=IFCDIRECTION((1.,0.,0.));
#8080=IFCAXIS2PLACEMENT3D(#8077,#8078,#8079);
#8081=IFCLOCALPLACEMENT(#4671,#8080);
#8082=IFCCARTESIANPOINT((2.,-6.25,0.));
#8083=IFCDIRECTION((0.,0.,1.));
#8084=IFCDIRECTION((1.,0.,0.));
#8085=IFCAXIS2PLACEMENT3D(#8082,#8083,#8084);
#8086=IFCLOCALPLACEMENT(#4671,#8085);
#8087=IFCCARTESIANPOINT((2.25,-6.25,0.));
#8088=IFCDIRECTION((0.,0.,1.));
#8089=IFCDIRECTION((1.,0.,0.));
#8090=IFCAXIS2PLACEMENT3D(#8087,#8088,#8089);
#8091=IFCLOCALPLACEMENT(#4671,#8090);
#8092=IFCCARTESIANPOINT((2.5,-6.25,0.));
#8093=IFCDIRECTION((0.,0.,1.));
#8094=IFCDIRECTION((1.,0.,0.));
#8095=IFCAXIS2PLACEMENT3D(#8092,#8093,#8094);
#8096=IFCLOCALPLACEMENT(#4671,#8095);
#8097=IFCCARTESIANPOINT((2.75,-6.25,0.));
#8098=IFCDIRECTION((0.,0.,1.));
#8099=IFCDIRECTION((1.,0.,0.));
#8100=IFCAXIS2PLACEMENT3D(#8097,#8098,#8099);
#8101=IFCLOCALPLACEMENT(#4671,#8100);
#8102=IFCCARTESIANPOINT((3.,-6.25,0.));
#8103=IFCDIRECTION((0.,0.,1.));
#8104=IFCDIRECTION((1.,0.,0.));
#8105=IFCAXIS2PLACEMENT3D(#8102,#8103,#8104);
#8106=IFCLOCALPLACEMENT(#4671,#8105);
#8107=IFCCARTESIANPOINT((3.25,-6.25,0.));
#8108=IFCDIRECTION((0.,0.,1.));
#8109=IFCDIRECTION((1.,0.,0.));
#8110=IFCAXIS2PLACEMENT3D(#8107,#8108,#8109);
#8111=IFCLOCALPLACEMENT(#4671,#8110);
#8112=IFCCARTESIANPOINT((3.5,-6.25,0.));
#8113=IFCDIRECTION((0.,0.,1.));
#8114=IFCDIRECTION((1.,0.,0.));
#8115=IFCAXIS2PLACEMENT3D(#8112,#8113,#8114);
#8116=IFCLOCALPLACEMENT(#4671,#8115);
#8117=IFCCARTESIANPOINT((3.75,-6.25,0.));
#8118=IFCDIRECTION((0.,0.,1.));
#8119=IFCDIRECTION((1.,0.,0.));
#8120=IFCAXIS2PLACEMENT3D(#8117,#8118,#8119);
#8121=IFCLOCALPLACEMENT(#4671,#8120);
#8122=IFCCARTESIANPOINT((4.,-6.25,0.));
#8123=IFCDIRECTION((0.,0.,1.));
#8124=IFCDIRECTION((1.,0.,0.));
#8125=IFCAXIS2PLACEMENT3D(#8122,#8123,#8124);
#8126=IFCLOCALPLACEMENT(#4671,#8125);
#8127=IFCCARTESIANPOINT((4.25,-6.25,0.));
#8128=IFCDIRECTION((0.,0.,1.));
#8129=IFCDIRECTION((1.,0.,0.));
#8130=IFCAXIS2PLACEMENT3D(#8127,#8128,#8129);
#8131=IFCLOCALPLACEMENT(#4671,#8130);
#8132=IFCCARTESIANPOINT((4.5,-6.25,0.));
#8133=IFCDIRECTION((0.,0.,1.));
#8134=IFCDIRECTION((1.,0.,0.));
#8135=IFCAXIS2PLACEMENT3D(#8132,#8133,#8134);
#8136=IFCLOCALPLACEMENT(#4671,#8135);
#8137=IFCCARTESIANPOINT((0.,-6.5800000000000001,0.));
#8138=IFCDIRECTION((0.,0.,1.));
#8139=IFCDIRECTION((1.,0.,0.));
#8140=IFCAXIS2PLACEMENT3D(#8137,#8138,#8139);
#8141=IFCLOCALPLACEMENT(#4671,#8140);
#8142=IFCCARTESIANPOINT((0.,-6.75,0.));
#8143=IFCDIRECTION((0.,0.,1.));
#8144=IFCDIRECTION((1.,0.,0.));
#8145=IFCAXIS2PLACEMENT3D(#8142,#8143,#8144);
#8146=IFCLOCALPLACEMENT(#4671,#8145);
#8147=IFCCARTESIANPOINT((0.25,-6.75,0.));
#8148=IFCDIRECTION((0.,0.,1.));
#8149=IFCDIRECTION((1.,0.,0.));
#8150=IFCAXIS2PLACEMENT3D(#8147,#8148,#8149);
#8151=IFCLOCALPLACEMENT(#4671,#8150);
#8152=IFCCARTESIANPOINT((0.5,-6.75,0.));
#8153=IFCDIRECTION((0.,0.,1.));
#8154=IFCDIRECTION((1.,0.,0.));
#8155=IFCAXIS2PLACEMENT3D(#8152,#8153,#8154);
#8156=IFCLOCALPLACEMENT(#4671,#8155);
#8157=IFCCARTESIANPOINT((0.75,-6.75,0.));
#8158=IFCDIRECTION((0.,0.,1.));
#8159=IFCDIRECTION((1.,0.,0.));
#8160=IFCAXIS2PLACEMENT3D(#8157,#8158,#8159);
#8161=IFCLOCALPLACEMENT(#4671,#8160);
#8162=IFCCARTESIANPOINT((1.,-6.75,0.));
#8163=IFCDIRECTION((0.,0.,1.));
#8164=IFCDIRECTION((1.,0.,0.));
#8165=IFCAXIS2PLACEMENT3D(#8162,#8163,#8164);
#8166=IFCLOCALPLACEMENT(#4671,#8165);
#8167=IFCCARTESIANPOINT((1.25,-6.75,0.));
#8168=IFCDIRECTION((0.,0.,1.));
#8169=IFCDIRECTION((1.,0.,0.));
#8170=IFCAXIS2PLACEMENT3D(#8167,#8168,#8169);
#8171=IFCLOCALPLACEMENT(#4671,#8170);
#8172=IFCCARTESIANPOINT((1.5,-6.75,0.));
#8173=IFCDIRECTION((0.,0.,1.));
#8174=IFCDIRECTION((1.,0.,0.));
#8175=IFCAXIS2PLACEMENT3D(#8172,#8173,#8174);
#8176=IFCLOCALPLACEMENT(#4671,#8175);
#8177=IFCCARTESIANPOINT((1.75,-6.75,0.));
#8178=IFCDIRECTION((0.,0.,1.));
#8179=IFCDIRECTION((1.,0.,0.));
#8180=IFCAXIS2PLACEMENT3D(#8177,#8178,#8179);
#8181=IFCLOCALPLACEMENT(#4671,#8180);
#8182=IFCCARTESIANPOINT((2.,-6.75,0.));
#8183=IFCDIRECTION((0.,0.,1.));
#8184=IFCDIRECTION((1.,0.,0.));
#8185=IFCAXIS2PLACEMENT3D(#8182,#8183,#8184);
#8186=IFCLOCALPLACEMENT(#4671,#8185);
#8187=IFCCARTESIANPOINT((2.25,-6.75,0.));
#8188=IFCDIRECTION((0.,0.,1.));
#8189=IFCDIRECTION((1.,0.,0.));
#8190=IFCAXIS2PLACEMENT3D(#8187,#8188,#8189);
#8191=IFCLOCALPLACEMENT(#4671,#8190);
#8192=IFCCARTESIANPOINT((2.5,-6.75,0.));
#8193=IFCDIRECTION((0.,0.,1.));
#8194=IFCDIRECTION((1.,0.,0.));
#8195=IFCAXIS2PLACEMENT3D(#8192,#8193,#8194);
#8196=IFCLOCALPLACEMENT(#4671,#8195);
#8197=IFCCARTESIANPOINT((2.75,-6.75,0.));
#8198=IFCDIRECTION((0.,0.,1.));
#8199=IFCDIRECTION((1.,0.,0.));
#8200=IFCAXIS2PLACEMENT3D(#8197,#8198,#8199);
#8201=IFCLOCALPLACEMENT(#4671,#8200);
#8202=IFCCARTESIANPOINT((3.,-6.75,0.));
#8203=IFCDIRECTION((0.,0.,1.));
#8204=IFCDIRECTION((1.,0.,0.));
#8205=IFCAXIS2PLACEMENT3D(#8202,#8203,#8204);
#8206=IFCLOCALPLACEMENT(#4671,#8205);
#8207=IFCCARTESIANPOINT((3.25,-6.75,0.));
#8208=IFCDIRECTION((0.,0.,1.));
#8209=IFCDIRECTION((1.,0.,0.));
#8210=IFCAXIS2PLACEMENT3D(#8207,#8208,#8209);
#8211=IFCLOCALPLACEMENT(#4671,#8210);
#8212=IFCCARTESIANPOINT((3.5,-6.75,0.));
#8213=IFCDIRECTION((0.,0.,1.));
#8214=IFCDIRECTION((1.,0.,0.));
#8215=IFCAXIS2PLACEMENT3D(#8212,#8213,#8214);
#8216=IFCLOCALPLACEMENT(#4671,#8215);
#8217=IFCCARTESIANPOINT((3.75,-6.75,0.));
#8218=IFCDIRECTION((0.,0.,1.));
#8219=IFCDIRECTION((1.,0.,0.));
#8220=IFCAXIS2PLACEMENT3D(#8217,#8218,#8219);
#8221=IFCLOCALPLACEMENT(#4671,#8220);
#8222=IFCCARTESIANPOINT((4.,-6.75,0.));
#8223=IFCDIRECTION((0.,0.,1.));
#8224=IFCDIRECTION((1.,0.,0.));
#8225=IFCAXIS2PLACEMENT3D(#8222,#8223,#8224);
#8226=IFCLOCALPLACEMENT(#4671,#8225);
#8227=IFCCARTESIANPOINT((4.25,-6.75,0.));
#8228=IFCDIRECTION((0.,0.,1.));
#8229=IFCDIRECTION((1.,0.,0.));
#8230=IFCAXIS2PLACEMENT3D(#8227,#8228,#8229);
#8231=IFCLOCALPLACEMENT(#4671,#8230);
#8232=IFCCARTESIANPOINT((4.5,-6.75,0.));
#8233=IFCDIRECTION((0.,0.,1.));
#8234=IFCDIRECTION((1.,0.,0.));
#8235=IFCAXIS2PLACEMENT3D(#8232,#8233,#8234);
#8236=IFCLOCALPLACEMENT(#4671,#8235);
#8237=IFCCARTESIANPOINT((0.,-7.0800000000000001,0.));
#8238=IFCDIRECTION((0.,0.,1.));
#8239=IFCDIRECTION((1.,0.,0.));
#8240=IFCAXIS2PLACEMENT3D(#8237,#8238,#8239);
#8241=IFCLOCALPLACEMENT(#4671,#8240);
#8242=IFCCARTESIANPOINT((0.,-7.25,0.));
#8243=IFCDIRECTION((0.,0.,1.));
#8244=IFCDIRECTION((1.,0.,0.));
#8245=IFCAXIS2PLACEMENT3D(#8242,#8243,#8244);
#8246=IFCLOCALPLACEMENT(#4671,#8245);
#8247=IFCCARTESIANPOINT((0.25,-7.25,0.));
#8248=IFCDIRECTION((0.,0.,1.));
#8249=IFCDIRECTION((1.,0.,0.));
#8250=IFCAXIS2PLACEMENT3D(#8247,#8248,#8249);
#8251=IFCLOCALPLACEMENT(#4671,#8250);
#8252=IFCCARTESIANPOINT((0.5,-7.25,0.));
#8253=IFCDIRECTION((0.,0.,1.));
#8254=IFCDIRECTION((1.,0.,0.));
#8255=IFCAXIS2PLACEMENT3D(#8252,#8253,#8254);
#8256=IFCLOCALPLACEMENT(#4671,#8255);
#8257=IFCCARTESIANPOINT((0.75,-7.25,0.));
#8258=IFCDIRECTION((0.,0.,1.));
#8259=IFCDIRECTION((1.,0.,0.));
#8260=IFCAXIS2PLACEMENT3D(#8257,#8258,#8259);
#8261=IFCLOCALPLACEMENT(#4671,#8260);
#8262=IFCCARTESIANPOINT((1.,-7.25,0.));
#8263=IFCDIRECTION((0.,0.,1.));
#8264=IFCDIRECTION((1.,0.,0.));
#8265=IFCAXIS2PLACEMENT3D(#8262,#8263,#8264);
#8266=IFCLOCALPLACEMENT(#4671,#8265);
#8267=IFCCARTESIANPOINT((1.25,-7.25,0.));
#8268=IFCDIRECTION((0.,0.,1.));
#8269=IFCDIRECTION((1.,0.,0.));
#8270=IFCAXIS2PLACEMENT3D(#8267,#8268,#8269);
#8271=IFCLOCALPLACEMENT(#4671,#8270);
#8272=IFCCARTESIANPOINT((1.5,-7.25,0.));
#8273=IFCDIRECTION((0.,0.,1.));
#8274=IFCDIRECTION((1.,0.,0.));
#8275=IFCAXIS2PLACEMENT3D(#8272,#8273,#8274);
#8276=IFCLOCALPLACEMENT(#4671,#8275);
#8277=IFCCARTESIANPOINT((1.75,-7.25,0.));
#8278=IFCDIRECTION((0.,0.,1.));
#8279=IFCDIRECTION((1.,0.,0.));
#8280=IFCAXIS2PLACEMENT3D(#8277,#8278,#8279);
#8281=IFCLOCALPLACEMENT(#4671,#8280);
#8282=IFCCARTESIANPOINT((2.,-7.25,0.));
#8283=IFCDIRECTION((0.,0.,1.));
#8284=IFCDIRECTION((1.,0.,0.));
#8285=IFCAXIS2PLACEMENT3D(#8282,#8283,#8284);
#8286=IFCLOCALPLACEMENT(#4671,#8285);
#8287=IFCCARTESIANPOINT((2.25,-7.25,0.));
#8288=IFCDIRECTION((0.,0.,1.));
#8289=IFCDIRECTION((1.,0.,0.));
#8290=IFCAXIS2PLACEMENT3D(#8287,#8288,#8289);
#8291=IFCLOCALPLACEMENT(#4671,#8290);
#8292=IFCCARTESIANPOINT((2.5,-7.25,0.));
#8293=IFCDIRECTION((0.,0.,1.));
#8294=IFCDIRECTION((1.,0.,0.));
#8295=IFCAXIS2PLACEMENT3D(#8292,#8293,#8294);
#8296=IFCLOCALPLACEMENT(#4671,#8295);
#8297=IFCCARTESIANPOINT((2.75,-7.25,0.));
#8298=IFCDIRECTION((0.,0.,1.));
#8299=IFCDIRECTION((1.,0.,0.));
#8300=IFCAXIS2PLACEMENT3D(#8297,#8298,#8299);
#8301=IFCLOCALPLACEMENT(#4671,#8300);
#8302=IFCCARTESIANPOINT((3.,-7.25,0.));
#8303=IFCDIRECTION((0.,0.,1.));
#8304=IFCDIRECTION((1.,0.,0.));
#8305=IFCAXIS2PLACEMENT3D(#8302,#8303,#8304);
#8306=IFCLOCALPLACEMENT(#4671,#8305);
#8307=IFCCARTESIANPOINT((3.25,-7.25,0.));
#8308=IFCDIRECTION((0.,0.,1.));
#8309=IFCDIRECTION((1.,0.,0.));
#8310=IFCAXIS2PLACEMENT3D(#8307,#8308,#8309);
#8311=IFCLOCALPLACEMENT(#4671,#8310);
#8312=IFCCARTESIANPOINT((3.5,-7.25,0.));
#8313=IFCDIRECTION((0.,0.,1.));
#8314=IFCDIRECTION((1.,0.,0.));
#8315=IFCAXIS2PLACEMENT3D(#8312,#8313,#8314);
#8316=IFCLOCALPLACEMENT(#4671,#8315);
#8317=IFCCARTESIANPOINT((3.75,-7.25,0.));
#8318=IFCDIRECTION((0.,0.,1.));
#8319=IFCDIRECTION((1.,0.,0.));
#8320=IFCAXIS2PLACEMENT3D(#8317,#8318,#8319);
#8321=IFCLOCALPLACEMENT(#4671,#8320);
#8322=IFCCARTESIANPOINT((4.,-7.25,0.));
#8323=IFCDIRECTION((0.,0.,1.));
#8324=IFCDIRECTION((1.,0.,0.));
#8325=IFCAXIS2PLACEMENT3D(#8322,#8323,#8324);
#8326=IFCLOCALPLACEMENT(#4671,#8325);
#8327=IFCCARTESIANPOINT((4.25,-7.25,0.));
#8328=IFCDIRECTION((0.,0.,1.));
#8329=IFCDIRECTION((1.,0.,0.));
#8330=IFCAXIS2PLACEMENT3D(#8327,#8328,#8329);
#8331=IFCLOCALPLACEMENT(#4671,#8330);
#8332=IFCCARTESIANPOINT((4.5,-7.25,0.));
#8333=IFCDIRECTION((0.,0.,1.));
#8334=IFCDIRECTION((1.,0.,0.));
#8335=IFCAXIS2PLACEMENT3D(#8332,#8333,#8334);
#8336=IFCLOCALPLACEMENT(#4671,#8335);
#8337=IFCCARTESIANPOINT((0.,0.,0.25));
#8338=IFCDIRECTION((0.,0.,1.));
#8339=IFCDIRECTION((1.,0.,0.));
#8340=IFCAXIS2PLACEMENT3D(#8337,#8338,#8339);
#8341=IFCLOCALPLACEMENT(#4671,#8340);
#8342=IFCSLAB('0SSKA6eozA5esTK76Y10_7',$,'Ceiling 3',$,$,#8347,#8351,$,.FLOOR.);
#8343=IFCCARTESIANPOINT((8.1500000000000004,7.79,-0.35999999999999988));
#8344=IFCDIRECTION((0.,0.,1.));
#8345=IFCDIRECTION((1.,0.,0.));
#8346=IFCAXIS2PLACEMENT3D(#8343,#8344,#8345);
#8347=IFCLOCALPLACEMENT(#45,#8346);
#8348=IFCCARTESIANPOINTLIST2D(((0.,0.),(3.75,0.),(3.75,-4.5449999999999999),(0.,-4.5449999999999999),(0.,0.)));
#8349=IFCINDEXEDPOLYCURVE(#8348,$,.F.);
#8350=IFCSHAPEREPRESENTATION(#17,'Body','Curve2D',(#8349));
#8351=IFCPRODUCTDEFINITIONSHAPE($,$,(#8350));
#8352=IFCPROPERTYSET('1rN8iKJo5Awxal$mIJycyL',$,'Pset_SlabCommon',$,(#8354));
#8353=IFCRELDEFINESBYPROPERTIES('3$2W_BXcv1agBwtws8iEDp',$,$,$,(#8342),#8352);
#8354=IFCPROPERTYSINGLEVALUE('LoadBearing',$,IFCBOOLEAN(.T.),$);
#8355=IFCPROPERTYSET('1n2r8eYGvFWu8w8mbG93oR',$,'BBIM_MiakoSlab',$,(#8357,#8358,#8359,#8360,#8361,#8362,#8363));
#8356=IFCRELDEFINESBYPROPERTIES('2MTUrslVbFFRPkia5Xm3P0',$,$,$,(#8342),#8355);
#8357=IFCPROPERTYSINGLEVALUE('Structure',$,IFCLABEL('wide,beam,wide,beam,wide,beam,wide,beam,wide,beam,wide,beam,wide,beam,beam'),$);
#8358=IFCPROPERTYSINGLEVALUE('SpanLength',$,IFCREAL(3.75),$);
#8359=IFCPROPERTYSINGLEVALUE('OverallWidth',$,IFCREAL(4.5449999999999999),$);
#8360=IFCPROPERTYSINGLEVALUE('BlockLength',$,IFCREAL(0.25),$);
#8361=IFCPROPERTYSINGLEVALUE('BlockHeight',$,IFCREAL(0.25),$);
#8362=IFCPROPERTYSINGLEVALUE('BeamHeight',$,IFCREAL(0.25),$);
#8363=IFCPROPERTYSINGLEVALUE('ToppingThickness',$,IFCREAL(0.11),$);
#8364=IFCBUILDINGELEMENTPART('3PoYPaHoP3ofUQ8TwfEENs',$,'Ceiling 3 Wide Block 1.1',$,$,#9408,#8372,$,$);
#8365=IFCCARTESIANPOINT((0.,0.,0.));
#8366=IFCDIRECTION((1.,0.,0.));
#8367=IFCDIRECTION((0.,1.,0.));
#8368=IFCDIRECTION((0.,0.,1.));
#8369=IFCCARTESIANTRANSFORMATIONOPERATOR3D(#8366,#8367,#8365,1.,#8368);
#8370=IFCMAPPEDITEM(#2086,#8369);
#8371=IFCSHAPEREPRESENTATION(#11,'Body','MappedRepresentation',(#8370));
#8372=IFCPRODUCTDEFINITIONSHAPE($,$,(#8371));
#8373=IFCBUILDINGELEMENTPART('0UigrV7pv3vuiDnT2PgN$U',$,'Ceiling 3 Wide Block 1.2',$,$,#9413,#8381,$,$);
#8374=IFCCARTESIANPOINT((0.,0.,0.));
#8375=IFCDIRECTION((1.,0.,0.));
#8376=IFCDIRECTION((0.,1.,0.));
#8377=IFCDIRECTION((0.,0.,1.));
#8378=IFCCARTESIANTRANSFORMATIONOPERATOR3D(#8375,#8376,#8374,1.,#8377);
#8379=IFCMAPPEDITEM(#2086,#8378);
#8380=IFCSHAPEREPRESENTATION(#11,'Body','MappedRepresentation',(#8379));
#8381=IFCPRODUCTDEFINITIONSHAPE($,$,(#8380));
#8382=IFCBUILDINGELEMENTPART('2SS9P$hDD8hgV$Gej58OdE',$,'Ceiling 3 Wide Block 1.3',$,$,#9418,#8390,$,$);
#8383=IFCCARTESIANPOINT((0.,0.,0.));
#8384=IFCDIRECTION((1.,0.,0.));
#8385=IFCDIRECTION((0.,1.,0.));
#8386=IFCDIRECTION((0.,0.,1.));
#8387=IFCCARTESIANTRANSFORMATIONOPERATOR3D(#8384,#8385,#8383,1.,#8386);
#8388=IFCMAPPEDITEM(#2086,#8387);
#8389=IFCSHAPEREPRESENTATION(#11,'Body','MappedRepresentation',(#8388));
#8390=IFCPRODUCTDEFINITIONSHAPE($,$,(#8389));
#8391=IFCBUILDINGELEMENTPART('0STEsSk_D0VPJjJzpnM6Gq',$,'Ceiling 3 Wide Block 1.4',$,$,#9423,#8399,$,$);
#8392=IFCCARTESIANPOINT((0.,0.,0.));
#8393=IFCDIRECTION((1.,0.,0.));
#8394=IFCDIRECTION((0.,1.,0.));
#8395=IFCDIRECTION((0.,0.,1.));
#8396=IFCCARTESIANTRANSFORMATIONOPERATOR3D(#8393,#8394,#8392,1.,#8395);
#8397=IFCMAPPEDITEM(#2086,#8396);
#8398=IFCSHAPEREPRESENTATION(#11,'Body','MappedRepresentation',(#8397));
#8399=IFCPRODUCTDEFINITIONSHAPE($,$,(#8398));
#8400=IFCBUILDINGELEMENTPART('2CJwsiUlrENRjTCWxc0W7Z',$,'Ceiling 3 Wide Block 1.5',$,$,#9428,#8408,$,$);
#8401=IFCCARTESIANPOINT((0.,0.,0.));
#8402=IFCDIRECTION((1.,0.,0.));
#8403=IFCDIRECTION((0.,1.,0.));
#8404=IFCDIRECTION((0.,0.,1.));
#8405=IFCCARTESIANTRANSFORMATIONOPERATOR3D(#8402,#8403,#8401,1.,#8404);
#8406=IFCMAPPEDITEM(#2086,#8405);
#8407=IFCSHAPEREPRESENTATION(#11,'Body','MappedRepresentation',(#8406));
#8408=IFCPRODUCTDEFINITIONSHAPE($,$,(#8407));
#8409=IFCBUILDINGELEMENTPART('1f9WtgXIP7hgFierY1uS$x',$,'Ceiling 3 Wide Block 1.6',$,$,#9433,#8417,$,$);
#8410=IFCCARTESIANPOINT((0.,0.,0.));
#8411=IFCDIRECTION((1.,0.,0.));
#8412=IFCDIRECTION((0.,1.,0.));
#8413=IFCDIRECTION((0.,0.,1.));
#8414=IFCCARTESIANTRANSFORMATIONOPERATOR3D(#8411,#8412,#8410,1.,#8413);
#8415=IFCMAPPEDITEM(#2086,#8414);
#8416=IFCSHAPEREPRESENTATION(#11,'Body','MappedRepresentation',(#8415));
#8417=IFCPRODUCTDEFINITIONSHAPE($,$,(#8416));
#8418=IFCBUILDINGELEMENTPART('1saLNEZLnDX9DF1dDYzt9V',$,'Ceiling 3 Wide Block 1.7',$,$,#9438,#8426,$,$);
#8419=IFCCARTESIANPOINT((0.,0.,0.));
#8420=IFCDIRECTION((1.,0.,0.));
#8421=IFCDIRECTION((0.,1.,0.));
#8422=IFCDIRECTION((0.,0.,1.));
#8423=IFCCARTESIANTRANSFORMATIONOPERATOR3D(#8420,#8421,#8419,1.,#8422);
#8424=IFCMAPPEDITEM(#2086,#8423);
#8425=IFCSHAPEREPRESENTATION(#11,'Body','MappedRepresentation',(#8424));
#8426=IFCPRODUCTDEFINITIONSHAPE($,$,(#8425));
#8427=IFCBUILDINGELEMENTPART('2zzSlaZpT47BNrF8RfADRa',$,'Ceiling 3 Wide Block 1.8',$,$,#9443,#8435,$,$);
#8428=IFCCARTESIANPOINT((0.,0.,0.));
#8429=IFCDIRECTION((1.,0.,0.));
#8430=IFCDIRECTION((0.,1.,0.));
#8431=IFCDIRECTION((0.,0.,1.));
#8432=IFCCARTESIANTRANSFORMATIONOPERATOR3D(#8429,#8430,#8428,1.,#8431);
#8433=IFCMAPPEDITEM(#2086,#8432);
#8434=IFCSHAPEREPRESENTATION(#11,'Body','MappedRepresentation',(#8433));
#8435=IFCPRODUCTDEFINITIONSHAPE($,$,(#8434));
#8436=IFCBUILDINGELEMENTPART('2Jj7sjRKn5$Bqgk7OVFmUr',$,'Ceiling 3 Wide Block 1.9',$,$,#9448,#8444,$,$);
#8437=IFCCARTESIANPOINT((0.,0.,0.));
#8438=IFCDIRECTION((1.,0.,0.));
#8439=IFCDIRECTION((0.,1.,0.));
#8440=IFCDIRECTION((0.,0.,1.));
#8441=IFCCARTESIANTRANSFORMATIONOPERATOR3D(#8438,#8439,#8437,1.,#8440);
#8442=IFCMAPPEDITEM(#2086,#8441);
#8443=IFCSHAPEREPRESENTATION(#11,'Body','MappedRepresentation',(#8442));
#8444=IFCPRODUCTDEFINITIONSHAPE($,$,(#8443));
#8445=IFCBUILDINGELEMENTPART('0A1GAVARL9ZxJw1cWzxKMI',$,'Ceiling 3 Wide Block 1.10',$,$,#9453,#8453,$,$);
#8446=IFCCARTESIANPOINT((0.,0.,0.));
#8447=IFCDIRECTION((1.,0.,0.));
#8448=IFCDIRECTION((0.,1.,0.));
#8449=IFCDIRECTION((0.,0.,1.));
#8450=IFCCARTESIANTRANSFORMATIONOPERATOR3D(#8447,#8448,#8446,1.,#8449);
#8451=IFCMAPPEDITEM(#2086,#8450);
#8452=IFCSHAPEREPRESENTATION(#11,'Body','MappedRepresentation',(#8451));
#8453=IFCPRODUCTDEFINITIONSHAPE($,$,(#8452));
#8454=IFCBUILDINGELEMENTPART('2EJKLyBav7dgM0eSrGbggR',$,'Ceiling 3 Wide Block 1.11',$,$,#9458,#8462,$,$);
#8455=IFCCARTESIANPOINT((0.,0.,0.));
#8456=IFCDIRECTION((1.,0.,0.));
#8457=IFCDIRECTION((0.,1.,0.));
#8458=IFCDIRECTION((0.,0.,1.));
#8459=IFCCARTESIANTRANSFORMATIONOPERATOR3D(#8456,#8457,#8455,1.,#8458);
#8460=IFCMAPPEDITEM(#2086,#8459);
#8461=IFCSHAPEREPRESENTATION(#11,'Body','MappedRepresentation',(#8460));
#8462=IFCPRODUCTDEFINITIONSHAPE($,$,(#8461));
#8463=IFCBUILDINGELEMENTPART('3ghZBd4wD4a9LKzSGeJXyg',$,'Ceiling 3 Wide Block 1.12',$,$,#9463,#8471,$,$);
#8464=IFCCARTESIANPOINT((0.,0.,0.));
#8465=IFCDIRECTION((1.,0.,0.));
#8466=IFCDIRECTION((0.,1.,0.));
#8467=IFCDIRECTION((0.,0.,1.));
#8468=IFCCARTESIANTRANSFORMATIONOPERATOR3D(#8465,#8466,#8464,1.,#8467);
#8469=IFCMAPPEDITEM(#2086,#8468);
#8470=IFCSHAPEREPRESENTATION(#11,'Body','MappedRepresentation',(#8469));
#8471=IFCPRODUCTDEFINITIONSHAPE($,$,(#8470));
#8472=IFCBUILDINGELEMENTPART('1FkoH0o8HAnPZHMRcZa6pM',$,'Ceiling 3 Wide Block 1.13',$,$,#9468,#8480,$,$);
#8473=IFCCARTESIANPOINT((0.,0.,0.));
#8474=IFCDIRECTION((1.,0.,0.));
#8475=IFCDIRECTION((0.,1.,0.));
#8476=IFCDIRECTION((0.,0.,1.));
#8477=IFCCARTESIANTRANSFORMATIONOPERATOR3D(#8474,#8475,#8473,1.,#8476);
#8478=IFCMAPPEDITEM(#2086,#8477);
#8479=IFCSHAPEREPRESENTATION(#11,'Body','MappedRepresentation',(#8478));
#8480=IFCPRODUCTDEFINITIONSHAPE($,$,(#8479));
#8481=IFCBUILDINGELEMENTPART('34xxyI6iv4vgHYLpxj4gzr',$,'Ceiling 3 Wide Block 1.14',$,$,#9473,#8489,$,$);
#8482=IFCCARTESIANPOINT((0.,0.,0.));
#8483=IFCDIRECTION((1.,0.,0.));
#8484=IFCDIRECTION((0.,1.,0.));
#8485=IFCDIRECTION((0.,0.,1.));
#8486=IFCCARTESIANTRANSFORMATIONOPERATOR3D(#8483,#8484,#8482,1.,#8485);
#8487=IFCMAPPEDITEM(#2086,#8486);
#8488=IFCSHAPEREPRESENTATION(#11,'Body','MappedRepresentation',(#8487));
#8489=IFCPRODUCTDEFINITIONSHAPE($,$,(#8488));
#8490=IFCBUILDINGELEMENTPART('0bF2k7ggXB98hcCjbf4AG5',$,'Ceiling 3 Wide Block 1.15',$,$,#9478,#8498,$,$);
#8491=IFCCARTESIANPOINT((0.,0.,0.));
#8492=IFCDIRECTION((1.,0.,0.));
#8493=IFCDIRECTION((0.,1.,0.));
#8494=IFCDIRECTION((0.,0.,1.));
#8495=IFCCARTESIANTRANSFORMATIONOPERATOR3D(#8492,#8493,#8491,1.,#8494);
#8496=IFCMAPPEDITEM(#2086,#8495);
#8497=IFCSHAPEREPRESENTATION(#11,'Body','MappedRepresentation',(#8496));
#8498=IFCPRODUCTDEFINITIONSHAPE($,$,(#8497));
#8499=IFCBEAM('175z$f2zrFUvGL$VJkmOh9',$,'Ceiling 3 Beam 1',$,$,#9483,#8521,$,$);
#8500=IFCBEAMTYPE('15TCv7sRz04fTknzjbbi5_',$,'MIAKO beam 170x250, L=3.750 m',$,$,$,(#8512),$,$,.JOIST.);
#8501=IFCCARTESIANPOINTLIST2D(((0.,0.),(3.75,0.),(3.75,-0.17000000000000001),(0.,-0.17000000000000001)));
#8502=IFCINDEXEDPOLYCURVE(#8501,$,$);
#8503=IFCDIRECTION((0.,0.,1.));
#8504=IFCARBITRARYCLOSEDPROFILEDEF(.AREA.,$,#8502);
#8505=IFCEXTRUDEDAREASOLID(#8504,$,#8503,0.25);
#8506=IFCSHAPEREPRESENTATION(#11,'Body','SweptSolid',(#8505));
#8507=IFCSTYLEDITEM(#8505,(#2038),'3D 1.000 0.000 0.000 alpha 1.000');
#8508=IFCCARTESIANPOINT((0.,0.,0.));
#8509=IFCDIRECTION((1.,0.,0.));
#8510=IFCDIRECTION((0.,0.,1.));
#8511=IFCAXIS2PLACEMENT3D(#8508,#8510,#8509);
#8512=IFCREPRESENTATIONMAP(#8511,#8506);
#8513=IFCRELDEFINESBYTYPE('2yYn5uU49C88nVsNm6kJtK',$,$,$,(#9233,#8801,#9089,#8945,#8499,#8657,#9377,#9386),#8500);
#8514=IFCCARTESIANPOINT((0.,0.,0.));
#8515=IFCDIRECTION((1.,0.,0.));
#8516=IFCDIRECTION((0.,1.,0.));
#8517=IFCDIRECTION((0.,0.,1.));
#8518=IFCCARTESIANTRANSFORMATIONOPERATOR3D(#8515,#8516,#8514,1.,#8517);
#8519=IFCMAPPEDITEM(#8512,#8518);
#8520=IFCSHAPEREPRESENTATION(#11,'Body','MappedRepresentation',(#8519));
#8521=IFCPRODUCTDEFINITIONSHAPE($,$,(#8520));
#8522=IFCBUILDINGELEMENTPART('1F3am2Jm12MuZ27ZWO_HV2',$,'Ceiling 3 Wide Block 2.1',$,$,#9488,#8530,$,$);
#8523=IFCCARTESIANPOINT((0.,0.,0.));
#8524=IFCDIRECTION((1.,0.,0.));
#8525=IFCDIRECTION((0.,1.,0.));
#8526=IFCDIRECTION((0.,0.,1.));
#8527=IFCCARTESIANTRANSFORMATIONOPERATOR3D(#8524,#8525,#8523,1.,#8526);
#8528=IFCMAPPEDITEM(#2086,#8527);
#8529=IFCSHAPEREPRESENTATION(#11,'Body','MappedRepresentation',(#8528));
#8530=IFCPRODUCTDEFINITIONSHAPE($,$,(#8529));
#8531=IFCBUILDINGELEMENTPART('3iFuy7a9rA3ODcQ8jjkpQz',$,'Ceiling 3 Wide Block 2.2',$,$,#9493,#8539,$,$);
#8532=IFCCARTESIANPOINT((0.,0.,0.));
#8533=IFCDIRECTION((1.,0.,0.));
#8534=IFCDIRECTION((0.,1.,0.));
#8535=IFCDIRECTION((0.,0.,1.));
#8536=IFCCARTESIANTRANSFORMATIONOPERATOR3D(#8533,#8534,#8532,1.,#8535);
#8537=IFCMAPPEDITEM(#2086,#8536);
#8538=IFCSHAPEREPRESENTATION(#11,'Body','MappedRepresentation',(#8537));
#8539=IFCPRODUCTDEFINITIONSHAPE($,$,(#8538));
#8540=IFCBUILDINGELEMENTPART('1qgaYGVqT4xB8Bo3AUrqEE',$,'Ceiling 3 Wide Block 2.3',$,$,#9498,#8548,$,$);
#8541=IFCCARTESIANPOINT((0.,0.,0.));
#8542=IFCDIRECTION((1.,0.,0.));
#8543=IFCDIRECTION((0.,1.,0.));
#8544=IFCDIRECTION((0.,0.,1.));
#8545=IFCCARTESIANTRANSFORMATIONOPERATOR3D(#8542,#8543,#8541,1.,#8544);
#8546=IFCMAPPEDITEM(#2086,#8545);
#8547=IFCSHAPEREPRESENTATION(#11,'Body','MappedRepresentation',(#8546));
#8548=IFCPRODUCTDEFINITIONSHAPE($,$,(#8547));
#8549=IFCBUILDINGELEMENTPART('1kkKd55mv1XBYwniQz_zXq',$,'Ceiling 3 Wide Block 2.4',$,$,#9503,#8557,$,$);
#8550=IFCCARTESIANPOINT((0.,0.,0.));
#8551=IFCDIRECTION((1.,0.,0.));
#8552=IFCDIRECTION((0.,1.,0.));
#8553=IFCDIRECTION((0.,0.,1.));
#8554=IFCCARTESIANTRANSFORMATIONOPERATOR3D(#8551,#8552,#8550,1.,#8553);
#8555=IFCMAPPEDITEM(#2086,#8554);
#8556=IFCSHAPEREPRESENTATION(#11,'Body','MappedRepresentation',(#8555));
#8557=IFCPRODUCTDEFINITIONSHAPE($,$,(#8556));
#8558=IFCBUILDINGELEMENTPART('1q7t_S179DbA74FZPvsPXt',$,'Ceiling 3 Wide Block 2.5',$,$,#9508,#8566,$,$);
#8559=IFCCARTESIANPOINT((0.,0.,0.));
#8560=IFCDIRECTION((1.,0.,0.));
#8561=IFCDIRECTION((0.,1.,0.));
#8562=IFCDIRECTION((0.,0.,1.));
#8563=IFCCARTESIANTRANSFORMATIONOPERATOR3D(#8560,#8561,#8559,1.,#8562);
#8564=IFCMAPPEDITEM(#2086,#8563);
#8565=IFCSHAPEREPRESENTATION(#11,'Body','MappedRepresentation',(#8564));
#8566=IFCPRODUCTDEFINITIONSHAPE($,$,(#8565));
#8567=IFCBUILDINGELEMENTPART('3VnB2NN5z5H8dp68jyGm1H',$,'Ceiling 3 Wide Block 2.6',$,$,#9513,#8575,$,$);
#8568=IFCCARTESIANPOINT((0.,0.,0.));
#8569=IFCDIRECTION((1.,0.,0.));
#8570=IFCDIRECTION((0.,1.,0.));
#8571=IFCDIRECTION((0.,0.,1.));
#8572=IFCCARTESIANTRANSFORMATIONOPERATOR3D(#8569,#8570,#8568,1.,#8571);
#8573=IFCMAPPEDITEM(#2086,#8572);
#8574=IFCSHAPEREPRESENTATION(#11,'Body','MappedRepresentation',(#8573));
#8575=IFCPRODUCTDEFINITIONSHAPE($,$,(#8574));
#8576=IFCBUILDINGELEMENTPART('2fu6mn$nn42OQEC5tuP_9x',$,'Ceiling 3 Wide Block 2.7',$,$,#9518,#8584,$,$);
#8577=IFCCARTESIANPOINT((0.,0.,0.));
#8578=IFCDIRECTION((1.,0.,0.));
#8579=IFCDIRECTION((0.,1.,0.));
#8580=IFCDIRECTION((0.,0.,1.));
#8581=IFCCARTESIANTRANSFORMATIONOPERATOR3D(#8578,#8579,#8577,1.,#8580);
#8582=IFCMAPPEDITEM(#2086,#8581);
#8583=IFCSHAPEREPRESENTATION(#11,'Body','MappedRepresentation',(#8582));
#8584=IFCPRODUCTDEFINITIONSHAPE($,$,(#8583));
#8585=IFCBUILDINGELEMENTPART('1CR8f$KmT5ROFzVz122yl1',$,'Ceiling 3 Wide Block 2.8',$,$,#9523,#8593,$,$);
#8586=IFCCARTESIANPOINT((0.,0.,0.));
#8587=IFCDIRECTION((1.,0.,0.));
#8588=IFCDIRECTION((0.,1.,0.));
#8589=IFCDIRECTION((0.,0.,1.));
#8590=IFCCARTESIANTRANSFORMATIONOPERATOR3D(#8587,#8588,#8586,1.,#8589);
#8591=IFCMAPPEDITEM(#2086,#8590);
#8592=IFCSHAPEREPRESENTATION(#11,'Body','MappedRepresentation',(#8591));
#8593=IFCPRODUCTDEFINITIONSHAPE($,$,(#8592));
#8594=IFCBUILDINGELEMENTPART('1_5sTmYCv97BlqkeJ2HsYe',$,'Ceiling 3 Wide Block 2.9',$,$,#9528,#8602,$,$);
#8595=IFCCARTESIANPOINT((0.,0.,0.));
#8596=IFCDIRECTION((1.,0.,0.));
#8597=IFCDIRECTION((0.,1.,0.));
#8598=IFCDIRECTION((0.,0.,1.));
#8599=IFCCARTESIANTRANSFORMATIONOPERATOR3D(#8596,#8597,#8595,1.,#8598);
#8600=IFCMAPPEDITEM(#2086,#8599);
#8601=IFCSHAPEREPRESENTATION(#11,'Body','MappedRepresentation',(#8600));
#8602=IFCPRODUCTDEFINITIONSHAPE($,$,(#8601));
#8603=IFCBUILDINGELEMENTPART('12nRVEuJ18iQlarB0iGtMr',$,'Ceiling 3 Wide Block 2.10',$,$,#9533,#8611,$,$);
#8604=IFCCARTESIANPOINT((0.,0.,0.));
#8605=IFCDIRECTION((1.,0.,0.));
#8606=IFCDIRECTION((0.,1.,0.));
#8607=IFCDIRECTION((0.,0.,1.));
#8608=IFCCARTESIANTRANSFORMATIONOPERATOR3D(#8605,#8606,#8604,1.,#8607);
#8609=IFCMAPPEDITEM(#2086,#8608);
#8610=IFCSHAPEREPRESENTATION(#11,'Body','MappedRepresentation',(#8609));
#8611=IFCPRODUCTDEFINITIONSHAPE($,$,(#8610));
#8612=IFCBUILDINGELEMENTPART('1SlH90Y2X2u8hIXfSyGcFA',$,'Ceiling 3 Wide Block 2.11',$,$,#9538,#8620,$,$);
#8613=IFCCARTESIANPOINT((0.,0.,0.));
#8614=IFCDIRECTION((1.,0.,0.));
#8615=IFCDIRECTION((0.,1.,0.));
#8616=IFCDIRECTION((0.,0.,1.));
#8617=IFCCARTESIANTRANSFORMATIONOPERATOR3D(#8614,#8615,#8613,1.,#8616);
#8618=IFCMAPPEDITEM(#2086,#8617);
#8619=IFCSHAPEREPRESENTATION(#11,'Body','MappedRepresentation',(#8618));
#8620=IFCPRODUCTDEFINITIONSHAPE($,$,(#8619));
#8621=IFCBUILDINGELEMENTPART('0t6lPhAon9age2iDnYhfgl',$,'Ceiling 3 Wide Block 2.12',$,$,#9543,#8629,$,$);
#8622=IFCCARTESIANPOINT((0.,0.,0.));
#8623=IFCDIRECTION((1.,0.,0.));
#8624=IFCDIRECTION((0.,1.,0.));
#8625=IFCDIRECTION((0.,0.,1.));
#8626=IFCCARTESIANTRANSFORMATIONOPERATOR3D(#8623,#8624,#8622,1.,#8625);
#8627=IFCMAPPEDITEM(#2086,#8626);
#8628=IFCSHAPEREPRESENTATION(#11,'Body','MappedRepresentation',(#8627));
#8629=IFCPRODUCTDEFINITIONSHAPE($,$,(#8628));
#8630=IFCBUILDINGELEMENTPART('02Jh9CYYP1D9Ut4JtwomPY',$,'Ceiling 3 Wide Block 2.13',$,$,#9548,#8638,$,$);
#8631=IFCCARTESIANPOINT((0.,0.,0.));
#8632=IFCDIRECTION((1.,0.,0.));
#8633=IFCDIRECTION((0.,1.,0.));
#8634=IFCDIRECTION((0.,0.,1.));
#8635=IFCCARTESIANTRANSFORMATIONOPERATOR3D(#8632,#8633,#8631,1.,#8634);
#8636=IFCMAPPEDITEM(#2086,#8635);
#8637=IFCSHAPEREPRESENTATION(#11,'Body','MappedRepresentation',(#8636));
#8638=IFCPRODUCTDEFINITIONSHAPE($,$,(#8637));
#8639=IFCBUILDINGELEMENTPART('3RoOUqNKP0I8$coVbdlM1u',$,'Ceiling 3 Wide Block 2.14',$,$,#9553,#8647,$,$);
#8640=IFCCARTESIANPOINT((0.,0.,0.));
#8641=IFCDIRECTION((1.,0.,0.));
#8642=IFCDIRECTION((0.,1.,0.));
#8643=IFCDIRECTION((0.,0.,1.));
#8644=IFCCARTESIANTRANSFORMATIONOPERATOR3D(#8641,#8642,#8640,1.,#8643);
#8645=IFCMAPPEDITEM(#2086,#8644);
#8646=IFCSHAPEREPRESENTATION(#11,'Body','MappedRepresentation',(#8645));
#8647=IFCPRODUCTDEFINITIONSHAPE($,$,(#8646));
#8648=IFCBUILDINGELEMENTPART('0KtzoCjFb9e99u$b2UzeoX',$,'Ceiling 3 Wide Block 2.15',$,$,#9558,#8656,$,$);
#8649=IFCCARTESIANPOINT((0.,0.,0.));
#8650=IFCDIRECTION((1.,0.,0.));
#8651=IFCDIRECTION((0.,1.,0.));
#8652=IFCDIRECTION((0.,0.,1.));
#8653=IFCCARTESIANTRANSFORMATIONOPERATOR3D(#8650,#8651,#8649,1.,#8652);
#8654=IFCMAPPEDITEM(#2086,#8653);
#8655=IFCSHAPEREPRESENTATION(#11,'Body','MappedRepresentation',(#8654));
#8656=IFCPRODUCTDEFINITIONSHAPE($,$,(#8655));
#8657=IFCBEAM('1Hrrvf42jADBI7XMmCeEXk',$,'Ceiling 3 Beam 2',$,$,#9563,#8665,$,$);
#8658=IFCCARTESIANPOINT((0.,0.,0.));
#8659=IFCDIRECTION((1.,0.,0.));
#8660=IFCDIRECTION((0.,1.,0.));
#8661=IFCDIRECTION((0.,0.,1.));
#8662=IFCCARTESIANTRANSFORMATIONOPERATOR3D(#8659,#8660,#8658,1.,#8661);
#8663=IFCMAPPEDITEM(#8512,#8662);
#8664=IFCSHAPEREPRESENTATION(#11,'Body','MappedRepresentation',(#8663));
#8665=IFCPRODUCTDEFINITIONSHAPE($,$,(#8664));
#8666=IFCBUILDINGELEMENTPART('3AZ7e2Ig18_fE0tuAZ27J7',$,'Ceiling 3 Wide Block 3.1',$,$,#9568,#8674,$,$);
#8667=IFCCARTESIANPOINT((0.,0.,0.));
#8668=IFCDIRECTION((1.,0.,0.));
#8669=IFCDIRECTION((0.,1.,0.));
#8670=IFCDIRECTION((0.,0.,1.));
#8671=IFCCARTESIANTRANSFORMATIONOPERATOR3D(#8668,#8669,#8667,1.,#8670);
#8672=IFCMAPPEDITEM(#2086,#8671);
#8673=IFCSHAPEREPRESENTATION(#11,'Body','MappedRepresentation',(#8672));
#8674=IFCPRODUCTDEFINITIONSHAPE($,$,(#8673));
#8675=IFCBUILDINGELEMENTPART('39mlrFUa57R9aYhiRYFLlz',$,'Ceiling 3 Wide Block 3.2',$,$,#9573,#8683,$,$);
#8676=IFCCARTESIANPOINT((0.,0.,0.));
#8677=IFCDIRECTION((1.,0.,0.));
#8678=IFCDIRECTION((0.,1.,0.));
#8679=IFCDIRECTION((0.,0.,1.));
#8680=IFCCARTESIANTRANSFORMATIONOPERATOR3D(#8677,#8678,#8676,1.,#8679);
#8681=IFCMAPPEDITEM(#2086,#8680);
#8682=IFCSHAPEREPRESENTATION(#11,'Body','MappedRepresentation',(#8681));
#8683=IFCPRODUCTDEFINITIONSHAPE($,$,(#8682));
#8684=IFCBUILDINGELEMENTPART('1CK_YWwYP38xhKJVVLkg7S',$,'Ceiling 3 Wide Block 3.3',$,$,#9578,#8692,$,$);
#8685=IFCCARTESIANPOINT((0.,0.,0.));
#8686=IFCDIRECTION((1.,0.,0.));
#8687=IFCDIRECTION((0.,1.,0.));
#8688=IFCDIRECTION((0.,0.,1.));
#8689=IFCCARTESIANTRANSFORMATIONOPERATOR3D(#8686,#8687,#8685,1.,#8688);
#8690=IFCMAPPEDITEM(#2086,#8689);
#8691=IFCSHAPEREPRESENTATION(#11,'Body','MappedRepresentation',(#8690));
#8692=IFCPRODUCTDEFINITIONSHAPE($,$,(#8691));
#8693=IFCBUILDINGELEMENTPART('0um81Rwjb8Ahtd$vUl0r7H',$,'Ceiling 3 Wide Block 3.4',$,$,#9583,#8701,$,$);
#8694=IFCCARTESIANPOINT((0.,0.,0.));
#8695=IFCDIRECTION((1.,0.,0.));
#8696=IFCDIRECTION((0.,1.,0.));
#8697=IFCDIRECTION((0.,0.,1.));
#8698=IFCCARTESIANTRANSFORMATIONOPERATOR3D(#8695,#8696,#8694,1.,#8697);
#8699=IFCMAPPEDITEM(#2086,#8698);
#8700=IFCSHAPEREPRESENTATION(#11,'Body','MappedRepresentation',(#8699));
#8701=IFCPRODUCTDEFINITIONSHAPE($,$,(#8700));
#8702=IFCBUILDINGELEMENTPART('3EXlSHvZ17zhethdc14PPg',$,'Ceiling 3 Wide Block 3.5',$,$,#9588,#8710,$,$);
#8703=IFCCARTESIANPOINT((0.,0.,0.));
#8704=IFCDIRECTION((1.,0.,0.));
#8705=IFCDIRECTION((0.,1.,0.));
#8706=IFCDIRECTION((0.,0.,1.));
#8707=IFCCARTESIANTRANSFORMATIONOPERATOR3D(#8704,#8705,#8703,1.,#8706);
#8708=IFCMAPPEDITEM(#2086,#8707);
#8709=IFCSHAPEREPRESENTATION(#11,'Body','MappedRepresentation',(#8708));
#8710=IFCPRODUCTDEFINITIONSHAPE($,$,(#8709));
#8711=IFCBUILDINGELEMENTPART('3kAZ7muBDB2xvvDcHJbRNa',$,'Ceiling 3 Wide Block 3.6',$,$,#9593,#8719,$,$);
#8712=IFCCARTESIANPOINT((0.,0.,0.));
#8713=IFCDIRECTION((1.,0.,0.));
#8714=IFCDIRECTION((0.,1.,0.));
#8715=IFCDIRECTION((0.,0.,1.));
#8716=IFCCARTESIANTRANSFORMATIONOPERATOR3D(#8713,#8714,#8712,1.,#8715);
#8717=IFCMAPPEDITEM(#2086,#8716);
#8718=IFCSHAPEREPRESENTATION(#11,'Body','MappedRepresentation',(#8717));
#8719=IFCPRODUCTDEFINITIONSHAPE($,$,(#8718));
#8720=IFCBUILDINGELEMENTPART('1p9JW4cuP6feEYm4OwD1zR',$,'Ceiling 3 Wide Block 3.7',$,$,#9598,#8728,$,$);
#8721=IFCCARTESIANPOINT((0.,0.,0.));
#8722=IFCDIRECTION((1.,0.,0.));
#8723=IFCDIRECTION((0.,1.,0.));
#8724=IFCDIRECTION((0.,0.,1.));
#8725=IFCCARTESIANTRANSFORMATIONOPERATOR3D(#8722,#8723,#8721,1.,#8724);
#8726=IFCMAPPEDITEM(#2086,#8725);
#8727=IFCSHAPEREPRESENTATION(#11,'Body','MappedRepresentation',(#8726));
#8728=IFCPRODUCTDEFINITIONSHAPE($,$,(#8727));
#8729=IFCBUILDINGELEMENTPART('3PL_IpY8nB0R_1P1M5JtjT',$,'Ceiling 3 Wide Block 3.8',$,$,#9603,#8737,$,$);
#8730=IFCCARTESIANPOINT((0.,0.,0.));
#8731=IFCDIRECTION((1.,0.,0.));
#8732=IFCDIRECTION((0.,1.,0.));
#8733=IFCDIRECTION((0.,0.,1.));
#8734=IFCCARTESIANTRANSFORMATIONOPERATOR3D(#8731,#8732,#8730,1.,#8733);
#8735=IFCMAPPEDITEM(#2086,#8734);
#8736=IFCSHAPEREPRESENTATION(#11,'Body','MappedRepresentation',(#8735));
#8737=IFCPRODUCTDEFINITIONSHAPE($,$,(#8736));
#8738=IFCBUILDINGELEMENTPART('0jokvN77L1dRCdkD7PSkrg',$,'Ceiling 3 Wide Block 3.9',$,$,#9608,#8746,$,$);
#8739=IFCCARTESIANPOINT((0.,0.,0.));
#8740=IFCDIRECTION((1.,0.,0.));
#8741=IFCDIRECTION((0.,1.,0.));
#8742=IFCDIRECTION((0.,0.,1.));
#8743=IFCCARTESIANTRANSFORMATIONOPERATOR3D(#8740,#8741,#8739,1.,#8742);
#8744=IFCMAPPEDITEM(#2086,#8743);
#8745=IFCSHAPEREPRESENTATION(#11,'Body','MappedRepresentation',(#8744));
#8746=IFCPRODUCTDEFINITIONSHAPE($,$,(#8745));
#8747=IFCBUILDINGELEMENTPART('0dXa8DtVn8qxymRVZPNDr6',$,'Ceiling 3 Wide Block 3.10',$,$,#9613,#8755,$,$);
#8748=IFCCARTESIANPOINT((0.,0.,0.));
#8749=IFCDIRECTION((1.,0.,0.));
#8750=IFCDIRECTION((0.,1.,0.));
#8751=IFCDIRECTION((0.,0.,1.));
#8752=IFCCARTESIANTRANSFORMATIONOPERATOR3D(#8749,#8750,#8748,1.,#8751);
#8753=IFCMAPPEDITEM(#2086,#8752);
#8754=IFCSHAPEREPRESENTATION(#11,'Body','MappedRepresentation',(#8753));
#8755=IFCPRODUCTDEFINITIONSHAPE($,$,(#8754));
#8756=IFCBUILDINGELEMENTPART('0us3Pv_lD7q8GbafwXA4Fx',$,'Ceiling 3 Wide Block 3.11',$,$,#9618,#8764,$,$);
#8757=IFCCARTESIANPOINT((0.,0.,0.));
#8758=IFCDIRECTION((1.,0.,0.));
#8759=IFCDIRECTION((0.,1.,0.));
#8760=IFCDIRECTION((0.,0.,1.));
#8761=IFCCARTESIANTRANSFORMATIONOPERATOR3D(#8758,#8759,#8757,1.,#8760);
#8762=IFCMAPPEDITEM(#2086,#8761);
#8763=IFCSHAPEREPRESENTATION(#11,'Body','MappedRepresentation',(#8762));
#8764=IFCPRODUCTDEFINITIONSHAPE($,$,(#8763));
#8765=IFCBUILDINGELEMENTPART('2Nn4Msven2XRn_$aYUmE5N',$,'Ceiling 3 Wide Block 3.12',$,$,#9623,#8773,$,$);
#8766=IFCCARTESIANPOINT((0.,0.,0.));
#8767=IFCDIRECTION((1.,0.,0.));
#8768=IFCDIRECTION((0.,1.,0.));
#8769=IFCDIRECTION((0.,0.,1.));
#8770=IFCCARTESIANTRANSFORMATIONOPERATOR3D(#8767,#8768,#8766,1.,#8769);
#8771=IFCMAPPEDITEM(#2086,#8770);
#8772=IFCSHAPEREPRESENTATION(#11,'Body','MappedRepresentation',(#8771));
#8773=IFCPRODUCTDEFINITIONSHAPE($,$,(#8772));
#8774=IFCBUILDINGELEMENTPART('3IVfUeaeD4nh0L8CTOYAnA',$,'Ceiling 3 Wide Block 3.13',$,$,#9628,#8782,$,$);
#8775=IFCCARTESIANPOINT((0.,0.,0.));
#8776=IFCDIRECTION((1.,0.,0.));
#8777=IFCDIRECTION((0.,1.,0.));
#8778=IFCDIRECTION((0.,0.,1.));
#8779=IFCCARTESIANTRANSFORMATIONOPERATOR3D(#8776,#8777,#8775,1.,#8778);
#8780=IFCMAPPEDITEM(#2086,#8779);
#8781=IFCSHAPEREPRESENTATION(#11,'Body','MappedRepresentation',(#8780));
#8782=IFCPRODUCTDEFINITIONSHAPE($,$,(#8781));
#8783=IFCBUILDINGELEMENTPART('1xXa2vYBz88BX_ojWKhmyP',$,'Ceiling 3 Wide Block 3.14',$,$,#9633,#8791,$,$);
#8784=IFCCARTESIANPOINT((0.,0.,0.));
#8785=IFCDIRECTION((1.,0.,0.));
#8786=IFCDIRECTION((0.,1.,0.));
#8787=IFCDIRECTION((0.,0.,1.));
#8788=IFCCARTESIANTRANSFORMATIONOPERATOR3D(#8785,#8786,#8784,1.,#8787);
#8789=IFCMAPPEDITEM(#2086,#8788);
#8790=IFCSHAPEREPRESENTATION(#11,'Body','MappedRepresentation',(#8789));
#8791=IFCPRODUCTDEFINITIONSHAPE($,$,(#8790));
#8792=IFCBUILDINGELEMENTPART('1JwcEKFBbFsvlqgYsDK5k9',$,'Ceiling 3 Wide Block 3.15',$,$,#9638,#8800,$,$);
#8793=IFCCARTESIANPOINT((0.,0.,0.));
#8794=IFCDIRECTION((1.,0.,0.));
#8795=IFCDIRECTION((0.,1.,0.));
#8796=IFCDIRECTION((0.,0.,1.));
#8797=IFCCARTESIANTRANSFORMATIONOPERATOR3D(#8794,#8795,#8793,1.,#8796);
#8798=IFCMAPPEDITEM(#2086,#8797);
#8799=IFCSHAPEREPRESENTATION(#11,'Body','MappedRepresentation',(#8798));
#8800=IFCPRODUCTDEFINITIONSHAPE($,$,(#8799));
#8801=IFCBEAM('1qMJITEoz66fXedOO76YUH',$,'Ceiling 3 Beam 3',$,$,#9643,#8809,$,$);
#8802=IFCCARTESIANPOINT((0.,0.,0.));
#8803=IFCDIRECTION((1.,0.,0.));
#8804=IFCDIRECTION((0.,1.,0.));
#8805=IFCDIRECTION((0.,0.,1.));
#8806=IFCCARTESIANTRANSFORMATIONOPERATOR3D(#8803,#8804,#8802,1.,#8805);
#8807=IFCMAPPEDITEM(#8512,#8806);
#8808=IFCSHAPEREPRESENTATION(#11,'Body','MappedRepresentation',(#8807));
#8809=IFCPRODUCTDEFINITIONSHAPE($,$,(#8808));
#8810=IFCBUILDINGELEMENTPART('1HBWnpnb55SwaZZUXbHriK',$,'Ceiling 3 Wide Block 4.1',$,$,#9648,#8818,$,$);
#8811=IFCCARTESIANPOINT((0.,0.,0.));
#8812=IFCDIRECTION((1.,0.,0.));
#8813=IFCDIRECTION((0.,1.,0.));
#8814=IFCDIRECTION((0.,0.,1.));
#8815=IFCCARTESIANTRANSFORMATIONOPERATOR3D(#8812,#8813,#8811,1.,#8814);
#8816=IFCMAPPEDITEM(#2086,#8815);
#8817=IFCSHAPEREPRESENTATION(#11,'Body','MappedRepresentation',(#8816));
#8818=IFCPRODUCTDEFINITIONSHAPE($,$,(#8817));
#8819=IFCBUILDINGELEMENTPART('2lVBtg5JLB5x3VDJXnFVTK',$,'Ceiling 3 Wide Block 4.2',$,$,#9653,#8827,$,$);
#8820=IFCCARTESIANPOINT((0.,0.,0.));
#8821=IFCDIRECTION((1.,0.,0.));
#8822=IFCDIRECTION((0.,1.,0.));
#8823=IFCDIRECTION((0.,0.,1.));
#8824=IFCCARTESIANTRANSFORMATIONOPERATOR3D(#8821,#8822,#8820,1.,#8823);
#8825=IFCMAPPEDITEM(#2086,#8824);
#8826=IFCSHAPEREPRESENTATION(#11,'Body','MappedRepresentation',(#8825));
#8827=IFCPRODUCTDEFINITIONSHAPE($,$,(#8826));
#8828=IFCBUILDINGELEMENTPART('3kZ$KUN0z6qR8T$QEiM5FX',$,'Ceiling 3 Wide Block 4.3',$,$,#9658,#8836,$,$);
#8829=IFCCARTESIANPOINT((0.,0.,0.));
#8830=IFCDIRECTION((1.,0.,0.));
#8831=IFCDIRECTION((0.,1.,0.));
#8832=IFCDIRECTION((0.,0.,1.));
#8833=IFCCARTESIANTRANSFORMATIONOPERATOR3D(#8830,#8831,#8829,1.,#8832);
#8834=IFCMAPPEDITEM(#2086,#8833);
#8835=IFCSHAPEREPRESENTATION(#11,'Body','MappedRepresentation',(#8834));
#8836=IFCPRODUCTDEFINITIONSHAPE($,$,(#8835));
#8837=IFCBUILDINGELEMENTPART('2y7kjBI7f9SwuaeC$F5q$c',$,'Ceiling 3 Wide Block 4.4',$,$,#9663,#8845,$,$);
#8838=IFCCARTESIANPOINT((0.,0.,0.));
#8839=IFCDIRECTION((1.,0.,0.));
#8840=IFCDIRECTION((0.,1.,0.));
#8841=IFCDIRECTION((0.,0.,1.));
#8842=IFCCARTESIANTRANSFORMATIONOPERATOR3D(#8839,#8840,#8838,1.,#8841);
#8843=IFCMAPPEDITEM(#2086,#8842);
#8844=IFCSHAPEREPRESENTATION(#11,'Body','MappedRepresentation',(#8843));
#8845=IFCPRODUCTDEFINITIONSHAPE($,$,(#8844));
#8846=IFCBUILDINGELEMENTPART('2_cmWHzr99LesKZi7_10Jj',$,'Ceiling 3 Wide Block 4.5',$,$,#9668,#8854,$,$);
#8847=IFCCARTESIANPOINT((0.,0.,0.));
#8848=IFCDIRECTION((1.,0.,0.));
#8849=IFCDIRECTION((0.,1.,0.));
#8850=IFCDIRECTION((0.,0.,1.));
#8851=IFCCARTESIANTRANSFORMATIONOPERATOR3D(#8848,#8849,#8847,1.,#8850);
#8852=IFCMAPPEDITEM(#2086,#8851);
#8853=IFCSHAPEREPRESENTATION(#11,'Body','MappedRepresentation',(#8852));
#8854=IFCPRODUCTDEFINITIONSHAPE($,$,(#8853));
#8855=IFCBUILDINGELEMENTPART('2LLdxy5uj5584gNVm9dtjs',$,'Ceiling 3 Wide Block 4.6',$,$,#9673,#8863,$,$);
#8856=IFCCARTESIANPOINT((0.,0.,0.));
#8857=IFCDIRECTION((1.,0.,0.));
#8858=IFCDIRECTION((0.,1.,0.));
#8859=IFCDIRECTION((0.,0.,1.));
#8860=IFCCARTESIANTRANSFORMATIONOPERATOR3D(#8857,#8858,#8856,1.,#8859);
#8861=IFCMAPPEDITEM(#2086,#8860);
#8862=IFCSHAPEREPRESENTATION(#11,'Body','MappedRepresentation',(#8861));
#8863=IFCPRODUCTDEFINITIONSHAPE($,$,(#8862));
#8864=IFCBUILDINGELEMENTPART('08I8y0XEv9pO5TuapTE1P6',$,'Ceiling 3 Wide Block 4.7',$,$,#9678,#8872,$,$);
#8865=IFCCARTESIANPOINT((0.,0.,0.));
#8866=IFCDIRECTION((1.,0.,0.));
#8867=IFCDIRECTION((0.,1.,0.));
#8868=IFCDIRECTION((0.,0.,1.));
#8869=IFCCARTESIANTRANSFORMATIONOPERATOR3D(#8866,#8867,#8865,1.,#8868);
#8870=IFCMAPPEDITEM(#2086,#8869);
#8871=IFCSHAPEREPRESENTATION(#11,'Body','MappedRepresentation',(#8870));
#8872=IFCPRODUCTDEFINITIONSHAPE($,$,(#8871));
#8873=IFCBUILDINGELEMENTPART('0lb7G0lCn6kBacm9hABhXv',$,'Ceiling 3 Wide Block 4.8',$,$,#9683,#8881,$,$);
#8874=IFCCARTESIANPOINT((0.,0.,0.));
#8875=IFCDIRECTION((1.,0.,0.));
#8876=IFCDIRECTION((0.,1.,0.));
#8877=IFCDIRECTION((0.,0.,1.));
#8878=IFCCARTESIANTRANSFORMATIONOPERATOR3D(#8875,#8876,#8874,1.,#8877);
#8879=IFCMAPPEDITEM(#2086,#8878);
#8880=IFCSHAPEREPRESENTATION(#11,'Body','MappedRepresentation',(#8879));
#8881=IFCPRODUCTDEFINITIONSHAPE($,$,(#8880));
#8882=IFCBUILDINGELEMENTPART('11gGOV1svE8eWxOpfGz7Si',$,'Ceiling 3 Wide Block 4.9',$,$,#9688,#8890,$,$);
#8883=IFCCARTESIANPOINT((0.,0.,0.));
#8884=IFCDIRECTION((1.,0.,0.));
#8885=IFCDIRECTION((0.,1.,0.));
#8886=IFCDIRECTION((0.,0.,1.));
#8887=IFCCARTESIANTRANSFORMATIONOPERATOR3D(#8884,#8885,#8883,1.,#8886);
#8888=IFCMAPPEDITEM(#2086,#8887);
#8889=IFCSHAPEREPRESENTATION(#11,'Body','MappedRepresentation',(#8888));
#8890=IFCPRODUCTDEFINITIONSHAPE($,$,(#8889));
#8891=IFCBUILDINGELEMENTPART('0avWUckwv83e2o3YYlY$T4',$,'Ceiling 3 Wide Block 4.10',$,$,#9693,#8899,$,$);
#8892=IFCCARTESIANPOINT((0.,0.,0.));
#8893=IFCDIRECTION((1.,0.,0.));
#8894=IFCDIRECTION((0.,1.,0.));
#8895=IFCDIRECTION((0.,0.,1.));
#8896=IFCCARTESIANTRANSFORMATIONOPERATOR3D(#8893,#8894,#8892,1.,#8895);
#8897=IFCMAPPEDITEM(#2086,#8896);
#8898=IFCSHAPEREPRESENTATION(#11,'Body','MappedRepresentation',(#8897));
#8899=IFCPRODUCTDEFINITIONSHAPE($,$,(#8898));
#8900=IFCBUILDINGELEMENTPART('3ES9csjdj66g7vfSVI_GAo',$,'Ceiling 3 Wide Block 4.11',$,$,#9698,#8908,$,$);
#8901=IFCCARTESIANPOINT((0.,0.,0.));
#8902=IFCDIRECTION((1.,0.,0.));
#8903=IFCDIRECTION((0.,1.,0.));
#8904=IFCDIRECTION((0.,0.,1.));
#8905=IFCCARTESIANTRANSFORMATIONOPERATOR3D(#8902,#8903,#8901,1.,#8904);
#8906=IFCMAPPEDITEM(#2086,#8905);
#8907=IFCSHAPEREPRESENTATION(#11,'Body','MappedRepresentation',(#8906));
#8908=IFCPRODUCTDEFINITIONSHAPE($,$,(#8907));
#8909=IFCBUILDINGELEMENTPART('1CIdloOzbC0gKTly$2vuXt',$,'Ceiling 3 Wide Block 4.12',$,$,#9703,#8917,$,$);
#8910=IFCCARTESIANPOINT((0.,0.,0.));
#8911=IFCDIRECTION((1.,0.,0.));
#8912=IFCDIRECTION((0.,1.,0.));
#8913=IFCDIRECTION((0.,0.,1.));
#8914=IFCCARTESIANTRANSFORMATIONOPERATOR3D(#8911,#8912,#8910,1.,#8913);
#8915=IFCMAPPEDITEM(#2086,#8914);
#8916=IFCSHAPEREPRESENTATION(#11,'Body','MappedRepresentation',(#8915));
#8917=IFCPRODUCTDEFINITIONSHAPE($,$,(#8916));
#8918=IFCBUILDINGELEMENTPART('1OhgyuBkj6HxUbb2FfSkuC',$,'Ceiling 3 Wide Block 4.13',$,$,#9708,#8926,$,$);
#8919=IFCCARTESIANPOINT((0.,0.,0.));
#8920=IFCDIRECTION((1.,0.,0.));
#8921=IFCDIRECTION((0.,1.,0.));
#8922=IFCDIRECTION((0.,0.,1.));
#8923=IFCCARTESIANTRANSFORMATIONOPERATOR3D(#8920,#8921,#8919,1.,#8922);
#8924=IFCMAPPEDITEM(#2086,#8923);
#8925=IFCSHAPEREPRESENTATION(#11,'Body','MappedRepresentation',(#8924));
#8926=IFCPRODUCTDEFINITIONSHAPE($,$,(#8925));
#8927=IFCBUILDINGELEMENTPART('2WTLkvtVfAces6D2jbsmt1',$,'Ceiling 3 Wide Block 4.14',$,$,#9713,#8935,$,$);
#8928=IFCCARTESIANPOINT((0.,0.,0.));
#8929=IFCDIRECTION((1.,0.,0.));
#8930=IFCDIRECTION((0.,1.,0.));
#8931=IFCDIRECTION((0.,0.,1.));
#8932=IFCCARTESIANTRANSFORMATIONOPERATOR3D(#8929,#8930,#8928,1.,#8931);
#8933=IFCMAPPEDITEM(#2086,#8932);
#8934=IFCSHAPEREPRESENTATION(#11,'Body','MappedRepresentation',(#8933));
#8935=IFCPRODUCTDEFINITIONSHAPE($,$,(#8934));
#8936=IFCBUILDINGELEMENTPART('2UcswBMubFjuKhcvxvK0fJ',$,'Ceiling 3 Wide Block 4.15',$,$,#9718,#8944,$,$);
#8937=IFCCARTESIANPOINT((0.,0.,0.));
#8938=IFCDIRECTION((1.,0.,0.));
#8939=IFCDIRECTION((0.,1.,0.));
#8940=IFCDIRECTION((0.,0.,1.));
#8941=IFCCARTESIANTRANSFORMATIONOPERATOR3D(#8938,#8939,#8937,1.,#8940);
#8942=IFCMAPPEDITEM(#2086,#8941);
#8943=IFCSHAPEREPRESENTATION(#11,'Body','MappedRepresentation',(#8942));
#8944=IFCPRODUCTDEFINITIONSHAPE($,$,(#8943));
#8945=IFCBEAM('0$mfnH_$940eKQqo_vYDOo',$,'Ceiling 3 Beam 4',$,$,#9723,#8953,$,$);
#8946=IFCCARTESIANPOINT((0.,0.,0.));
#8947=IFCDIRECTION((1.,0.,0.));
#8948=IFCDIRECTION((0.,1.,0.));
#8949=IFCDIRECTION((0.,0.,1.));
#8950=IFCCARTESIANTRANSFORMATIONOPERATOR3D(#8947,#8948,#8946,1.,#8949);
#8951=IFCMAPPEDITEM(#8512,#8950);
#8952=IFCSHAPEREPRESENTATION(#11,'Body','MappedRepresentation',(#8951));
#8953=IFCPRODUCTDEFINITIONSHAPE($,$,(#8952));
#8954=IFCBUILDINGELEMENTPART('2GfH$nwNT0$9xgbb0_yhg2',$,'Ceiling 3 Wide Block 5.1',$,$,#9728,#8962,$,$);
#8955=IFCCARTESIANPOINT((0.,0.,0.));
#8956=IFCDIRECTION((1.,0.,0.));
#8957=IFCDIRECTION((0.,1.,0.));
#8958=IFCDIRECTION((0.,0.,1.));
#8959=IFCCARTESIANTRANSFORMATIONOPERATOR3D(#8956,#8957,#8955,1.,#8958);
#8960=IFCMAPPEDITEM(#2086,#8959);
#8961=IFCSHAPEREPRESENTATION(#11,'Body','MappedRepresentation',(#8960));
#8962=IFCPRODUCTDEFINITIONSHAPE($,$,(#8961));
#8963=IFCBUILDINGELEMENTPART('3WeLFAKLzBDvmB_4OurW55',$,'Ceiling 3 Wide Block 5.2',$,$,#9733,#8971,$,$);
#8964=IFCCARTESIANPOINT((0.,0.,0.));
#8965=IFCDIRECTION((1.,0.,0.));
#8966=IFCDIRECTION((0.,1.,0.));
#8967=IFCDIRECTION((0.,0.,1.));
#8968=IFCCARTESIANTRANSFORMATIONOPERATOR3D(#8965,#8966,#8964,1.,#8967);
#8969=IFCMAPPEDITEM(#2086,#8968);
#8970=IFCSHAPEREPRESENTATION(#11,'Body','MappedRepresentation',(#8969));
#8971=IFCPRODUCTDEFINITIONSHAPE($,$,(#8970));
#8972=IFCBUILDINGELEMENTPART('1s4MDe9YHC4hR5IeMqTVNB',$,'Ceiling 3 Wide Block 5.3',$,$,#9738,#8980,$,$);
#8973=IFCCARTESIANPOINT((0.,0.,0.));
#8974=IFCDIRECTION((1.,0.,0.));
#8975=IFCDIRECTION((0.,1.,0.));
#8976=IFCDIRECTION((0.,0.,1.));
#8977=IFCCARTESIANTRANSFORMATIONOPERATOR3D(#8974,#8975,#8973,1.,#8976);
#8978=IFCMAPPEDITEM(#2086,#8977);
#8979=IFCSHAPEREPRESENTATION(#11,'Body','MappedRepresentation',(#8978));
#8980=IFCPRODUCTDEFINITIONSHAPE($,$,(#8979));
#8981=IFCBUILDINGELEMENTPART('3bGNV8h0DF1eDN0jA6j6vr',$,'Ceiling 3 Wide Block 5.4',$,$,#9743,#8989,$,$);
#8982=IFCCARTESIANPOINT((0.,0.,0.));
#8983=IFCDIRECTION((1.,0.,0.));
#8984=IFCDIRECTION((0.,1.,0.));
#8985=IFCDIRECTION((0.,0.,1.));
#8986=IFCCARTESIANTRANSFORMATIONOPERATOR3D(#8983,#8984,#8982,1.,#8985);
#8987=IFCMAPPEDITEM(#2086,#8986);
#8988=IFCSHAPEREPRESENTATION(#11,'Body','MappedRepresentation',(#8987));
#8989=IFCPRODUCTDEFINITIONSHAPE($,$,(#8988));
#8990=IFCBUILDINGELEMENTPART('2ehO4zuLXAOQfo77uHd9ss',$,'Ceiling 3 Wide Block 5.5',$,$,#9748,#8998,$,$);
#8991=IFCCARTESIANPOINT((0.,0.,0.));
#8992=IFCDIRECTION((1.,0.,0.));
#8993=IFCDIRECTION((0.,1.,0.));
#8994=IFCDIRECTION((0.,0.,1.));
#8995=IFCCARTESIANTRANSFORMATIONOPERATOR3D(#8992,#8993,#8991,1.,#8994);
#8996=IFCMAPPEDITEM(#2086,#8995);
#8997=IFCSHAPEREPRESENTATION(#11,'Body','MappedRepresentation',(#8996));
#8998=IFCPRODUCTDEFINITIONSHAPE($,$,(#8997));
#8999=IFCBUILDINGELEMENTPART('2PYoJwP3nC7u0Bt6aEQ0cJ',$,'Ceiling 3 Wide Block 5.6',$,$,#9753,#9007,$,$);
#9000=IFCCARTESIANPOINT((0.,0.,0.));
#9001=IFCDIRECTION((1.,0.,0.));
#9002=IFCDIRECTION((0.,1.,0.));
#9003=IFCDIRECTION((0.,0.,1.));
#9004=IFCCARTESIANTRANSFORMATIONOPERATOR3D(#9001,#9002,#9000,1.,#9003);
#9005=IFCMAPPEDITEM(#2086,#9004);
#9006=IFCSHAPEREPRESENTATION(#11,'Body','MappedRepresentation',(#9005));
#9007=IFCPRODUCTDEFINITIONSHAPE($,$,(#9006));
#9008=IFCBUILDINGELEMENTPART('3LXNPA4PL7mPpvPUjONRRQ',$,'Ceiling 3 Wide Block 5.7',$,$,#9758,#9016,$,$);
#9009=IFCCARTESIANPOINT((0.,0.,0.));
#9010=IFCDIRECTION((1.,0.,0.));
#9011=IFCDIRECTION((0.,1.,0.));
#9012=IFCDIRECTION((0.,0.,1.));
#9013=IFCCARTESIANTRANSFORMATIONOPERATOR3D(#9010,#9011,#9009,1.,#9012);
#9014=IFCMAPPEDITEM(#2086,#9013);
#9015=IFCSHAPEREPRESENTATION(#11,'Body','MappedRepresentation',(#9014));
#9016=IFCPRODUCTDEFINITIONSHAPE($,$,(#9015));
#9017=IFCBUILDINGELEMENTPART('0f22hVHTrBoR$PxWtKijQu',$,'Ceiling 3 Wide Block 5.8',$,$,#9763,#9025,$,$);
#9018=IFCCARTESIANPOINT((0.,0.,0.));
#9019=IFCDIRECTION((1.,0.,0.));
#9020=IFCDIRECTION((0.,1.,0.));
#9021=IFCDIRECTION((0.,0.,1.));
#9022=IFCCARTESIANTRANSFORMATIONOPERATOR3D(#9019,#9020,#9018,1.,#9021);
#9023=IFCMAPPEDITEM(#2086,#9022);
#9024=IFCSHAPEREPRESENTATION(#11,'Body','MappedRepresentation',(#9023));
#9025=IFCPRODUCTDEFINITIONSHAPE($,$,(#9024));
#9026=IFCBUILDINGELEMENTPART('2L3moZXID44xx6Thnw1IAD',$,'Ceiling 3 Wide Block 5.9',$,$,#9768,#9034,$,$);
#9027=IFCCARTESIANPOINT((0.,0.,0.));
#9028=IFCDIRECTION((1.,0.,0.));
#9029=IFCDIRECTION((0.,1.,0.));
#9030=IFCDIRECTION((0.,0.,1.));
#9031=IFCCARTESIANTRANSFORMATIONOPERATOR3D(#9028,#9029,#9027,1.,#9030);
#9032=IFCMAPPEDITEM(#2086,#9031);
#9033=IFCSHAPEREPRESENTATION(#11,'Body','MappedRepresentation',(#9032));
#9034=IFCPRODUCTDEFINITIONSHAPE($,$,(#9033));
#9035=IFCBUILDINGELEMENTPART('2jL2SVYGL7ROF245jigBYK',$,'Ceiling 3 Wide Block 5.10',$,$,#9773,#9043,$,$);
#9036=IFCCARTESIANPOINT((0.,0.,0.));
#9037=IFCDIRECTION((1.,0.,0.));
#9038=IFCDIRECTION((0.,1.,0.));
#9039=IFCDIRECTION((0.,0.,1.));
#9040=IFCCARTESIANTRANSFORMATIONOPERATOR3D(#9037,#9038,#9036,1.,#9039);
#9041=IFCMAPPEDITEM(#2086,#9040);
#9042=IFCSHAPEREPRESENTATION(#11,'Body','MappedRepresentation',(#9041));
#9043=IFCPRODUCTDEFINITIONSHAPE($,$,(#9042));
#9044=IFCBUILDINGELEMENTPART('3yWv7_mtr8fPRj11Pjdy$Y',$,'Ceiling 3 Wide Block 5.11',$,$,#9778,#9052,$,$);
#9045=IFCCARTESIANPOINT((0.,0.,0.));
#9046=IFCDIRECTION((1.,0.,0.));
#9047=IFCDIRECTION((0.,1.,0.));
#9048=IFCDIRECTION((0.,0.,1.));
#9049=IFCCARTESIANTRANSFORMATIONOPERATOR3D(#9046,#9047,#9045,1.,#9048);
#9050=IFCMAPPEDITEM(#2086,#9049);
#9051=IFCSHAPEREPRESENTATION(#11,'Body','MappedRepresentation',(#9050));
#9052=IFCPRODUCTDEFINITIONSHAPE($,$,(#9051));
#9053=IFCBUILDINGELEMENTPART('1LlB_m5mnDROZCQRnmrR7m',$,'Ceiling 3 Wide Block 5.12',$,$,#9783,#9061,$,$);
#9054=IFCCARTESIANPOINT((0.,0.,0.));
#9055=IFCDIRECTION((1.,0.,0.));
#9056=IFCDIRECTION((0.,1.,0.));
#9057=IFCDIRECTION((0.,0.,1.));
#9058=IFCCARTESIANTRANSFORMATIONOPERATOR3D(#9055,#9056,#9054,1.,#9057);
#9059=IFCMAPPEDITEM(#2086,#9058);
#9060=IFCSHAPEREPRESENTATION(#11,'Body','MappedRepresentation',(#9059));
#9061=IFCPRODUCTDEFINITIONSHAPE($,$,(#9060));
#9062=IFCBUILDINGELEMENTPART('0VFzCY_WH6sfJ4OWgN_u1T',$,'Ceiling 3 Wide Block 5.13',$,$,#9788,#9070,$,$);
#9063=IFCCARTESIANPOINT((0.,0.,0.));
#9064=IFCDIRECTION((1.,0.,0.));
#9065=IFCDIRECTION((0.,1.,0.));
#9066=IFCDIRECTION((0.,0.,1.));
#9067=IFCCARTESIANTRANSFORMATIONOPERATOR3D(#9064,#9065,#9063,1.,#9066);
#9068=IFCMAPPEDITEM(#2086,#9067);
#9069=IFCSHAPEREPRESENTATION(#11,'Body','MappedRepresentation',(#9068));
#9070=IFCPRODUCTDEFINITIONSHAPE($,$,(#9069));
#9071=IFCBUILDINGELEMENTPART('2iEC_A3D9Exvm2WzYfJlRK',$,'Ceiling 3 Wide Block 5.14',$,$,#9793,#9079,$,$);
#9072=IFCCARTESIANPOINT((0.,0.,0.));
#9073=IFCDIRECTION((1.,0.,0.));
#9074=IFCDIRECTION((0.,1.,0.));
#9075=IFCDIRECTION((0.,0.,1.));
#9076=IFCCARTESIANTRANSFORMATIONOPERATOR3D(#9073,#9074,#9072,1.,#9075);
#9077=IFCMAPPEDITEM(#2086,#9076);
#9078=IFCSHAPEREPRESENTATION(#11,'Body','MappedRepresentation',(#9077));
#9079=IFCPRODUCTDEFINITIONSHAPE($,$,(#9078));
#9080=IFCBUILDINGELEMENTPART('1GEAG0n1v0nghvGaSNQzcT',$,'Ceiling 3 Wide Block 5.15',$,$,#9798,#9088,$,$);
#9081=IFCCARTESIANPOINT((0.,0.,0.));
#9082=IFCDIRECTION((1.,0.,0.));
#9083=IFCDIRECTION((0.,1.,0.));
#9084=IFCDIRECTION((0.,0.,1.));
#9085=IFCCARTESIANTRANSFORMATIONOPERATOR3D(#9082,#9083,#9081,1.,#9084);
#9086=IFCMAPPEDITEM(#2086,#9085);
#9087=IFCSHAPEREPRESENTATION(#11,'Body','MappedRepresentation',(#9086));
#9088=IFCPRODUCTDEFINITIONSHAPE($,$,(#9087));
#9089=IFCBEAM('24DNJjhOjD3OI_DyupU0Xm',$,'Ceiling 3 Beam 5',$,$,#9803,#9097,$,$);
#9090=IFCCARTESIANPOINT((0.,0.,0.));
#9091=IFCDIRECTION((1.,0.,0.));
#9092=IFCDIRECTION((0.,1.,0.));
#9093=IFCDIRECTION((0.,0.,1.));
#9094=IFCCARTESIANTRANSFORMATIONOPERATOR3D(#9091,#9092,#9090,1.,#9093);
#9095=IFCMAPPEDITEM(#8512,#9094);
#9096=IFCSHAPEREPRESENTATION(#11,'Body','MappedRepresentation',(#9095));
#9097=IFCPRODUCTDEFINITIONSHAPE($,$,(#9096));
#9098=IFCBUILDINGELEMENTPART('1xmhGsV0bDUuUZDcPXlZaZ',$,'Ceiling 3 Wide Block 6.1',$,$,#9808,#9106,$,$);
#9099=IFCCARTESIANPOINT((0.,0.,0.));
#9100=IFCDIRECTION((1.,0.,0.));
#9101=IFCDIRECTION((0.,1.,0.));
#9102=IFCDIRECTION((0.,0.,1.));
#9103=IFCCARTESIANTRANSFORMATIONOPERATOR3D(#9100,#9101,#9099,1.,#9102);
#9104=IFCMAPPEDITEM(#2086,#9103);
#9105=IFCSHAPEREPRESENTATION(#11,'Body','MappedRepresentation',(#9104));
#9106=IFCPRODUCTDEFINITIONSHAPE($,$,(#9105));
#9107=IFCBUILDINGELEMENTPART('2Mvq7eSobAQv0WfwlTXIJQ',$,'Ceiling 3 Wide Block 6.2',$,$,#9813,#9115,$,$);
#9108=IFCCARTESIANPOINT((0.,0.,0.));
#9109=IFCDIRECTION((1.,0.,0.));
#9110=IFCDIRECTION((0.,1.,0.));
#9111=IFCDIRECTION((0.,0.,1.));
#9112=IFCCARTESIANTRANSFORMATIONOPERATOR3D(#9109,#9110,#9108,1.,#9111);
#9113=IFCMAPPEDITEM(#2086,#9112);
#9114=IFCSHAPEREPRESENTATION(#11,'Body','MappedRepresentation',(#9113));
#9115=IFCPRODUCTDEFINITIONSHAPE($,$,(#9114));
#9116=IFCBUILDINGELEMENTPART('3Yot41vF94iACwbc7DadAQ',$,'Ceiling 3 Wide Block 6.3',$,$,#9818,#9124,$,$);
#9117=IFCCARTESIANPOINT((0.,0.,0.));
#9118=IFCDIRECTION((1.,0.,0.));
#9119=IFCDIRECTION((0.,1.,0.));
#9120=IFCDIRECTION((0.,0.,1.));
#9121=IFCCARTESIANTRANSFORMATIONOPERATOR3D(#9118,#9119,#9117,1.,#9120);
#9122=IFCMAPPEDITEM(#2086,#9121);
#9123=IFCSHAPEREPRESENTATION(#11,'Body','MappedRepresentation',(#9122));
#9124=IFCPRODUCTDEFINITIONSHAPE($,$,(#9123));
#9125=IFCBUILDINGELEMENTPART('3dlCs3Ayr9FQwlwqiHyZpe',$,'Ceiling 3 Wide Block 6.4',$,$,#9823,#9133,$,$);
#9126=IFCCARTESIANPOINT((0.,0.,0.));
#9127=IFCDIRECTION((1.,0.,0.));
#9128=IFCDIRECTION((0.,1.,0.));
#9129=IFCDIRECTION((0.,0.,1.));
#9130=IFCCARTESIANTRANSFORMATIONOPERATOR3D(#9127,#9128,#9126,1.,#9129);
#9131=IFCMAPPEDITEM(#2086,#9130);
#9132=IFCSHAPEREPRESENTATION(#11,'Body','MappedRepresentation',(#9131));
#9133=IFCPRODUCTDEFINITIONSHAPE($,$,(#9132));
#9134=IFCBUILDINGELEMENTPART('2VWCkp9hn0Jef0jifH4JoV',$,'Ceiling 3 Wide Block 6.5',$,$,#9828,#9142,$,$);
#9135=IFCCARTESIANPOINT((0.,0.,0.));
#9136=IFCDIRECTION((1.,0.,0.));
#9137=IFCDIRECTION((0.,1.,0.));
#9138=IFCDIRECTION((0.,0.,1.));
#9139=IFCCARTESIANTRANSFORMATIONOPERATOR3D(#9136,#9137,#9135,1.,#9138);
#9140=IFCMAPPEDITEM(#2086,#9139);
#9141=IFCSHAPEREPRESENTATION(#11,'Body','MappedRepresentation',(#9140));
#9142=IFCPRODUCTDEFINITIONSHAPE($,$,(#9141));
#9143=IFCBUILDINGELEMENTPART('0uvrlyyCz8BO9KWPqBKpJy',$,'Ceiling 3 Wide Block 6.6',$,$,#9833,#9151,$,$);
#9144=IFCCARTESIANPOINT((0.,0.,0.));
#9145=IFCDIRECTION((1.,0.,0.));
#9146=IFCDIRECTION((0.,1.,0.));
#9147=IFCDIRECTION((0.,0.,1.));
#9148=IFCCARTESIANTRANSFORMATIONOPERATOR3D(#9145,#9146,#9144,1.,#9147);
#9149=IFCMAPPEDITEM(#2086,#9148);
#9150=IFCSHAPEREPRESENTATION(#11,'Body','MappedRepresentation',(#9149));
#9151=IFCPRODUCTDEFINITIONSHAPE($,$,(#9150));
#9152=IFCBUILDINGELEMENTPART('2PbtYOdXXCMuVMp90klNJA',$,'Ceiling 3 Wide Block 6.7',$,$,#9838,#9160,$,$);
#9153=IFCCARTESIANPOINT((0.,0.,0.));
#9154=IFCDIRECTION((1.,0.,0.));
#9155=IFCDIRECTION((0.,1.,0.));
#9156=IFCDIRECTION((0.,0.,1.));
#9157=IFCCARTESIANTRANSFORMATIONOPERATOR3D(#9154,#9155,#9153,1.,#9156);
#9158=IFCMAPPEDITEM(#2086,#9157);
#9159=IFCSHAPEREPRESENTATION(#11,'Body','MappedRepresentation',(#9158));
#9160=IFCPRODUCTDEFINITIONSHAPE($,$,(#9159));
#9161=IFCBUILDINGELEMENTPART('3NOKSJUPz8TOHa7ELAsW3k',$,'Ceiling 3 Wide Block 6.8',$,$,#9843,#9169,$,$);
#9162=IFCCARTESIANPOINT((0.,0.,0.));
#9163=IFCDIRECTION((1.,0.,0.));
#9164=IFCDIRECTION((0.,1.,0.));
#9165=IFCDIRECTION((0.,0.,1.));
#9166=IFCCARTESIANTRANSFORMATIONOPERATOR3D(#9163,#9164,#9162,1.,#9165);
#9167=IFCMAPPEDITEM(#2086,#9166);
#9168=IFCSHAPEREPRESENTATION(#11,'Body','MappedRepresentation',(#9167));
#9169=IFCPRODUCTDEFINITIONSHAPE($,$,(#9168));
#9170=IFCBUILDINGELEMENTPART('3_lnbENyX57xoXnWaAcYwF',$,'Ceiling 3 Wide Block 6.9',$,$,#9848,#9178,$,$);
#9171=IFCCARTESIANPOINT((0.,0.,0.));
#9172=IFCDIRECTION((1.,0.,0.));
#9173=IFCDIRECTION((0.,1.,0.));
#9174=IFCDIRECTION((0.,0.,1.));
#9175=IFCCARTESIANTRANSFORMATIONOPERATOR3D(#9172,#9173,#9171,1.,#9174);
#9176=IFCMAPPEDITEM(#2086,#9175);
#9177=IFCSHAPEREPRESENTATION(#11,'Body','MappedRepresentation',(#9176));
#9178=IFCPRODUCTDEFINITIONSHAPE($,$,(#9177));
#9179=IFCBUILDINGELEMENTPART('3UiK25qtHBsP_9HTcU99os',$,'Ceiling 3 Wide Block 6.10',$,$,#9853,#9187,$,$);
#9180=IFCCARTESIANPOINT((0.,0.,0.));
#9181=IFCDIRECTION((1.,0.,0.));
#9182=IFCDIRECTION((0.,1.,0.));
#9183=IFCDIRECTION((0.,0.,1.));
#9184=IFCCARTESIANTRANSFORMATIONOPERATOR3D(#9181,#9182,#9180,1.,#9183);
#9185=IFCMAPPEDITEM(#2086,#9184);
#9186=IFCSHAPEREPRESENTATION(#11,'Body','MappedRepresentation',(#9185));
#9187=IFCPRODUCTDEFINITIONSHAPE($,$,(#9186));
#9188=IFCBUILDINGELEMENTPART('3cTk8Zyl1DN8rKLh6v2EUl',$,'Ceiling 3 Wide Block 6.11',$,$,#9858,#9196,$,$);
#9189=IFCCARTESIANPOINT((0.,0.,0.));
#9190=IFCDIRECTION((1.,0.,0.));
#9191=IFCDIRECTION((0.,1.,0.));
#9192=IFCDIRECTION((0.,0.,1.));
#9193=IFCCARTESIANTRANSFORMATIONOPERATOR3D(#9190,#9191,#9189,1.,#9192);
#9194=IFCMAPPEDITEM(#2086,#9193);
#9195=IFCSHAPEREPRESENTATION(#11,'Body','MappedRepresentation',(#9194));
#9196=IFCPRODUCTDEFINITIONSHAPE($,$,(#9195));
#9197=IFCBUILDINGELEMENTPART('1WR6suV4f75QBOcRn1u1Td',$,'Ceiling 3 Wide Block 6.12',$,$,#9863,#9205,$,$);
#9198=IFCCARTESIANPOINT((0.,0.,0.));
#9199=IFCDIRECTION((1.,0.,0.));
#9200=IFCDIRECTION((0.,1.,0.));
#9201=IFCDIRECTION((0.,0.,1.));
#9202=IFCCARTESIANTRANSFORMATIONOPERATOR3D(#9199,#9200,#9198,1.,#9201);
#9203=IFCMAPPEDITEM(#2086,#9202);
#9204=IFCSHAPEREPRESENTATION(#11,'Body','MappedRepresentation',(#9203));
#9205=IFCPRODUCTDEFINITIONSHAPE($,$,(#9204));
#9206=IFCBUILDINGELEMENTPART('0zY30gsGrByP3E4LkVdGFQ',$,'Ceiling 3 Wide Block 6.13',$,$,#9868,#9214,$,$);
#9207=IFCCARTESIANPOINT((0.,0.,0.));
#9208=IFCDIRECTION((1.,0.,0.));
#9209=IFCDIRECTION((0.,1.,0.));
#9210=IFCDIRECTION((0.,0.,1.));
#9211=IFCCARTESIANTRANSFORMATIONOPERATOR3D(#9208,#9209,#9207,1.,#9210);
#9212=IFCMAPPEDITEM(#2086,#9211);
#9213=IFCSHAPEREPRESENTATION(#11,'Body','MappedRepresentation',(#9212));
#9214=IFCPRODUCTDEFINITIONSHAPE($,$,(#9213));
#9215=IFCBUILDINGELEMENTPART('1xJ7HcfBzCAO2G0hP1kVbQ',$,'Ceiling 3 Wide Block 6.14',$,$,#9873,#9223,$,$);
#9216=IFCCARTESIANPOINT((0.,0.,0.));
#9217=IFCDIRECTION((1.,0.,0.));
#9218=IFCDIRECTION((0.,1.,0.));
#9219=IFCDIRECTION((0.,0.,1.));
#9220=IFCCARTESIANTRANSFORMATIONOPERATOR3D(#9217,#9218,#9216,1.,#9219);
#9221=IFCMAPPEDITEM(#2086,#9220);
#9222=IFCSHAPEREPRESENTATION(#11,'Body','MappedRepresentation',(#9221));
#9223=IFCPRODUCTDEFINITIONSHAPE($,$,(#9222));
#9224=IFCBUILDINGELEMENTPART('1pHRbU5yv1DfbnUgbB8gD_',$,'Ceiling 3 Wide Block 6.15',$,$,#9878,#9232,$,$);
#9225=IFCCARTESIANPOINT((0.,0.,0.));
#9226=IFCDIRECTION((1.,0.,0.));
#9227=IFCDIRECTION((0.,1.,0.));
#9228=IFCDIRECTION((0.,0.,1.));
#9229=IFCCARTESIANTRANSFORMATIONOPERATOR3D(#9226,#9227,#9225,1.,#9228);
#9230=IFCMAPPEDITEM(#2086,#9229);
#9231=IFCSHAPEREPRESENTATION(#11,'Body','MappedRepresentation',(#9230));
#9232=IFCPRODUCTDEFINITIONSHAPE($,$,(#9231));
#9233=IFCBEAM('0WQ3D$lLH5NgXF_HJ6J$58',$,'Ceiling 3 Beam 6',$,$,#9883,#9241,$,$);
#9234=IFCCARTESIANPOINT((0.,0.,0.));
#9235=IFCDIRECTION((1.,0.,0.));
#9236=IFCDIRECTION((0.,1.,0.));
#9237=IFCDIRECTION((0.,0.,1.));
#9238=IFCCARTESIANTRANSFORMATIONOPERATOR3D(#9235,#9236,#9234,1.,#9237);
#9239=IFCMAPPEDITEM(#8512,#9238);
#9240=IFCSHAPEREPRESENTATION(#11,'Body','MappedRepresentation',(#9239));
#9241=IFCPRODUCTDEFINITIONSHAPE($,$,(#9240));
#9242=IFCBUILDINGELEMENTPART('3aTq2yd7vB5fS94HX7I62w',$,'Ceiling 3 Wide Block 7.1',$,$,#9888,#9250,$,$);
#9243=IFCCARTESIANPOINT((0.,0.,0.));
#9244=IFCDIRECTION((1.,0.,0.));
#9245=IFCDIRECTION((0.,1.,0.));
#9246=IFCDIRECTION((0.,0.,1.));
#9247=IFCCARTESIANTRANSFORMATIONOPERATOR3D(#9244,#9245,#9243,1.,#9246);
#9248=IFCMAPPEDITEM(#2086,#9247);
#9249=IFCSHAPEREPRESENTATION(#11,'Body','MappedRepresentation',(#9248));
#9250=IFCPRODUCTDEFINITIONSHAPE($,$,(#9249));
#9251=IFCBUILDINGELEMENTPART('1sV0_JYXXBDhAxxXMj3I_A',$,'Ceiling 3 Wide Block 7.2',$,$,#9893,#9259,$,$);
#9252=IFCCARTESIANPOINT((0.,0.,0.));
#9253=IFCDIRECTION((1.,0.,0.));
#9254=IFCDIRECTION((0.,1.,0.));
#9255=IFCDIRECTION((0.,0.,1.));
#9256=IFCCARTESIANTRANSFORMATIONOPERATOR3D(#9253,#9254,#9252,1.,#9255);
#9257=IFCMAPPEDITEM(#2086,#9256);
#9258=IFCSHAPEREPRESENTATION(#11,'Body','MappedRepresentation',(#9257));
#9259=IFCPRODUCTDEFINITIONSHAPE($,$,(#9258));
#9260=IFCBUILDINGELEMENTPART('3dxq19dNP1_gl2SkcdAYaj',$,'Ceiling 3 Wide Block 7.3',$,$,#9898,#9268,$,$);
#9261=IFCCARTESIANPOINT((0.,0.,0.));
#9262=IFCDIRECTION((1.,0.,0.));
#9263=IFCDIRECTION((0.,1.,0.));
#9264=IFCDIRECTION((0.,0.,1.));
#9265=IFCCARTESIANTRANSFORMATIONOPERATOR3D(#9262,#9263,#9261,1.,#9264);
#9266=IFCMAPPEDITEM(#2086,#9265);
#9267=IFCSHAPEREPRESENTATION(#11,'Body','MappedRepresentation',(#9266));
#9268=IFCPRODUCTDEFINITIONSHAPE($,$,(#9267));
#9269=IFCBUILDINGELEMENTPART('2pB_vyVir4M8WEf4j0pIm$',$,'Ceiling 3 Wide Block 7.4',$,$,#9903,#9277,$,$);
#9270=IFCCARTESIANPOINT((0.,0.,0.));
#9271=IFCDIRECTION((1.,0.,0.));
#9272=IFCDIRECTION((0.,1.,0.));
#9273=IFCDIRECTION((0.,0.,1.));
#9274=IFCCARTESIANTRANSFORMATIONOPERATOR3D(#9271,#9272,#9270,1.,#9273);
#9275=IFCMAPPEDITEM(#2086,#9274);
#9276=IFCSHAPEREPRESENTATION(#11,'Body','MappedRepresentation',(#9275));
#9277=IFCPRODUCTDEFINITIONSHAPE($,$,(#9276));
#9278=IFCBUILDINGELEMENTPART('3HRaTlSn500RSz7Um6wcg5',$,'Ceiling 3 Wide Block 7.5',$,$,#9908,#9286,$,$);
#9279=IFCCARTESIANPOINT((0.,0.,0.));
#9280=IFCDIRECTION((1.,0.,0.));
#9281=IFCDIRECTION((0.,1.,0.));
#9282=IFCDIRECTION((0.,0.,1.));
#9283=IFCCARTESIANTRANSFORMATIONOPERATOR3D(#9280,#9281,#9279,1.,#9282);
#9284=IFCMAPPEDITEM(#2086,#9283);
#9285=IFCSHAPEREPRESENTATION(#11,'Body','MappedRepresentation',(#9284));
#9286=IFCPRODUCTDEFINITIONSHAPE($,$,(#9285));
#9287=IFCBUILDINGELEMENTPART('1yYEMe9g1B6uBcQ5pvbO3A',$,'Ceiling 3 Wide Block 7.6',$,$,#9913,#9295,$,$);
#9288=IFCCARTESIANPOINT((0.,0.,0.));
#9289=IFCDIRECTION((1.,0.,0.));
#9290=IFCDIRECTION((0.,1.,0.));
#9291=IFCDIRECTION((0.,0.,1.));
#9292=IFCCARTESIANTRANSFORMATIONOPERATOR3D(#9289,#9290,#9288,1.,#9291);
#9293=IFCMAPPEDITEM(#2086,#9292);
#9294=IFCSHAPEREPRESENTATION(#11,'Body','MappedRepresentation',(#9293));
#9295=IFCPRODUCTDEFINITIONSHAPE($,$,(#9294));
#9296=IFCBUILDINGELEMENTPART('0VORZj8K19neK$rlZ1bi9o',$,'Ceiling 3 Wide Block 7.7',$,$,#9918,#9304,$,$);
#9297=IFCCARTESIANPOINT((0.,0.,0.));
#9298=IFCDIRECTION((1.,0.,0.));
#9299=IFCDIRECTION((0.,1.,0.));
#9300=IFCDIRECTION((0.,0.,1.));
#9301=IFCCARTESIANTRANSFORMATIONOPERATOR3D(#9298,#9299,#9297,1.,#9300);
#9302=IFCMAPPEDITEM(#2086,#9301);
#9303=IFCSHAPEREPRESENTATION(#11,'Body','MappedRepresentation',(#9302));
#9304=IFCPRODUCTDEFINITIONSHAPE($,$,(#9303));
#9305=IFCBUILDINGELEMENTPART('24iBANJdTAPASXQe6ERt6$',$,'Ceiling 3 Wide Block 7.8',$,$,#9923,#9313,$,$);
#9306=IFCCARTESIANPOINT((0.,0.,0.));
#9307=IFCDIRECTION((1.,0.,0.));
#9308=IFCDIRECTION((0.,1.,0.));
#9309=IFCDIRECTION((0.,0.,1.));
#9310=IFCCARTESIANTRANSFORMATIONOPERATOR3D(#9307,#9308,#9306,1.,#9309);
#9311=IFCMAPPEDITEM(#2086,#9310);
#9312=IFCSHAPEREPRESENTATION(#11,'Body','MappedRepresentation',(#9311));
#9313=IFCPRODUCTDEFINITIONSHAPE($,$,(#9312));
#9314=IFCBUILDINGELEMENTPART('28RYN7N0jAAOKfcOb6BmpY',$,'Ceiling 3 Wide Block 7.9',$,$,#9928,#9322,$,$);
#9315=IFCCARTESIANPOINT((0.,0.,0.));
#9316=IFCDIRECTION((1.,0.,0.));
#9317=IFCDIRECTION((0.,1.,0.));
#9318=IFCDIRECTION((0.,0.,1.));
#9319=IFCCARTESIANTRANSFORMATIONOPERATOR3D(#9316,#9317,#9315,1.,#9318);
#9320=IFCMAPPEDITEM(#2086,#9319);
#9321=IFCSHAPEREPRESENTATION(#11,'Body','MappedRepresentation',(#9320));
#9322=IFCPRODUCTDEFINITIONSHAPE($,$,(#9321));
#9323=IFCBUILDINGELEMENTPART('3MdZDhsI96UfRqBqj87xhk',$,'Ceiling 3 Wide Block 7.10',$,$,#9933,#9331,$,$);
#9324=IFCCARTESIANPOINT((0.,0.,0.));
#9325=IFCDIRECTION((1.,0.,0.));
#9326=IFCDIRECTION((0.,1.,0.));
#9327=IFCDIRECTION((0.,0.,1.));
#9328=IFCCARTESIANTRANSFORMATIONOPERATOR3D(#9325,#9326,#9324,1.,#9327);
#9329=IFCMAPPEDITEM(#2086,#9328);
#9330=IFCSHAPEREPRESENTATION(#11,'Body','MappedRepresentation',(#9329));
#9331=IFCPRODUCTDEFINITIONSHAPE($,$,(#9330));
#9332=IFCBUILDINGELEMENTPART('0PtDBW2h5BTvyUz$wi17FZ',$,'Ceiling 3 Wide Block 7.11',$,$,#9938,#9340,$,$);
#9333=IFCCARTESIANPOINT((0.,0.,0.));
#9334=IFCDIRECTION((1.,0.,0.));
#9335=IFCDIRECTION((0.,1.,0.));
#9336=IFCDIRECTION((0.,0.,1.));
#9337=IFCCARTESIANTRANSFORMATIONOPERATOR3D(#9334,#9335,#9333,1.,#9336);
#9338=IFCMAPPEDITEM(#2086,#9337);
#9339=IFCSHAPEREPRESENTATION(#11,'Body','MappedRepresentation',(#9338));
#9340=IFCPRODUCTDEFINITIONSHAPE($,$,(#9339));
#9341=IFCBUILDINGELEMENTPART('3OsOyVQuPAqg2O7KQzL9WK',$,'Ceiling 3 Wide Block 7.12',$,$,#9943,#9349,$,$);
#9342=IFCCARTESIANPOINT((0.,0.,0.));
#9343=IFCDIRECTION((1.,0.,0.));
#9344=IFCDIRECTION((0.,1.,0.));
#9345=IFCDIRECTION((0.,0.,1.));
#9346=IFCCARTESIANTRANSFORMATIONOPERATOR3D(#9343,#9344,#9342,1.,#9345);
#9347=IFCMAPPEDITEM(#2086,#9346);
#9348=IFCSHAPEREPRESENTATION(#11,'Body','MappedRepresentation',(#9347));
#9349=IFCPRODUCTDEFINITIONSHAPE($,$,(#9348));
#9350=IFCBUILDINGELEMENTPART('3rdzHO7Ev7tR2y_cxOcPm4',$,'Ceiling 3 Wide Block 7.13',$,$,#9948,#9358,$,$);
#9351=IFCCARTESIANPOINT((0.,0.,0.));
#9352=IFCDIRECTION((1.,0.,0.));
#9353=IFCDIRECTION((0.,1.,0.));
#9354=IFCDIRECTION((0.,0.,1.));
#9355=IFCCARTESIANTRANSFORMATIONOPERATOR3D(#9352,#9353,#9351,1.,#9354);
#9356=IFCMAPPEDITEM(#2086,#9355);
#9357=IFCSHAPEREPRESENTATION(#11,'Body','MappedRepresentation',(#9356));
#9358=IFCPRODUCTDEFINITIONSHAPE($,$,(#9357));
#9359=IFCBUILDINGELEMENTPART('0cIK4j49f6nxnLVFvbdhIY',$,'Ceiling 3 Wide Block 7.14',$,$,#9953,#9367,$,$);
#9360=IFCCARTESIANPOINT((0.,0.,0.));
#9361=IFCDIRECTION((1.,0.,0.));
#9362=IFCDIRECTION((0.,1.,0.));
#9363=IFCDIRECTION((0.,0.,1.));
#9364=IFCCARTESIANTRANSFORMATIONOPERATOR3D(#9361,#9362,#9360,1.,#9363);
#9365=IFCMAPPEDITEM(#2086,#9364);
#9366=IFCSHAPEREPRESENTATION(#11,'Body','MappedRepresentation',(#9365));
#9367=IFCPRODUCTDEFINITIONSHAPE($,$,(#9366));
#9368=IFCBUILDINGELEMENTPART('3jqvLJsPn6YhNTimv_IMG5',$,'Ceiling 3 Wide Block 7.15',$,$,#9958,#9376,$,$);
#9369=IFCCARTESIANPOINT((0.,0.,0.));
#9370=IFCDIRECTION((1.,0.,0.));
#9371=IFCDIRECTION((0.,1.,0.));
#9372=IFCDIRECTION((0.,0.,1.));
#9373=IFCCARTESIANTRANSFORMATIONOPERATOR3D(#9370,#9371,#9369,1.,#9372);
#9374=IFCMAPPEDITEM(#2086,#9373);
#9375=IFCSHAPEREPRESENTATION(#11,'Body','MappedRepresentation',(#9374));
#9376=IFCPRODUCTDEFINITIONSHAPE($,$,(#9375));
#9377=IFCBEAM('0O5CKDho10iREESMieqdcy',$,'Ceiling 3 Beam 7',$,$,#9963,#9385,$,$);
#9378=IFCCARTESIANPOINT((0.,0.,0.));
#9379=IFCDIRECTION((1.,0.,0.));
#9380=IFCDIRECTION((0.,1.,0.));
#9381=IFCDIRECTION((0.,0.,1.));
#9382=IFCCARTESIANTRANSFORMATIONOPERATOR3D(#9379,#9380,#9378,1.,#9381);
#9383=IFCMAPPEDITEM(#8512,#9382);
#9384=IFCSHAPEREPRESENTATION(#11,'Body','MappedRepresentation',(#9383));
#9385=IFCPRODUCTDEFINITIONSHAPE($,$,(#9384));
#9386=IFCBEAM('1n7r5yUqD9mu1$TcBw1LHO',$,'Ceiling 3 Beam 8',$,$,#9968,#9394,$,$);
#9387=IFCCARTESIANPOINT((0.,0.,0.));
#9388=IFCDIRECTION((1.,0.,0.));
#9389=IFCDIRECTION((0.,1.,0.));
#9390=IFCDIRECTION((0.,0.,1.));
#9391=IFCCARTESIANTRANSFORMATIONOPERATOR3D(#9388,#9389,#9387,1.,#9390);
#9392=IFCMAPPEDITEM(#8512,#9391);
#9393=IFCSHAPEREPRESENTATION(#11,'Body','MappedRepresentation',(#9392));
#9394=IFCPRODUCTDEFINITIONSHAPE($,$,(#9393));
#9395=IFCBUILDINGELEMENTPART('24d8iKY$T4Q8xxtIdciYEq',$,'Ceiling 3 Concrete Topping',$,'Concrete topping',#9973,#9402,$,.USERDEFINED.);
#9396=IFCCARTESIANPOINTLIST2D(((0.,0.),(3.75,0.),(3.75,-4.5449999999999999),(0.,-4.5449999999999999)));
#9397=IFCINDEXEDPOLYCURVE(#9396,$,$);
#9398=IFCDIRECTION((0.,0.,1.));
#9399=IFCARBITRARYCLOSEDPROFILEDEF(.AREA.,$,#9397);
#9400=IFCEXTRUDEDAREASOLID(#9399,$,#9398,0.11);
#9401=IFCSHAPEREPRESENTATION(#11,'Body','SweptSolid',(#9400));
#9402=IFCPRODUCTDEFINITIONSHAPE($,$,(#9401));
#9403=IFCRELAGGREGATES('3_uA1dxNz2YucAzhR5FoHy',$,$,$,#8342,(#9341,#9035,#9224,#8918,#8522,#8612,#8720,#8603,#9197,#8418,#8801,#8684,#8882,#8576,#9386,#9080,#8391,#9269,#8490,#8963,#9071,#9161,#8765,#8855,#8954,#8648,#8463,#8729,#9350,#9233,#8837,#8927,#8531,#8621,#9314,#9116,#9206,#8427,#8810,#8900,#8999,#9089,#8693,#8783,#8891,#8585,#9395,#9278,#9368,#8972,#8666,#9170,#8657,#9251,#8472,#9044,#9134,#8738,#9242,#8936,#8540,#8630,#8819,#9323,#9017,#9125,#9215,#8436,#9008,#9098,#8702,#8792,#8400,#9287,#9377,#8981,#8675,#8774,#8864,#8558,#9260,#8481,#8549,#9359,#9053,#9143,#8364,#8747,#8445,#8945,#8828,#9332,#9026,#8909,#9107,#8711,#9305,#8594,#9188,#8409,#8499,#9296,#8990,#9179,#8873,#8567,#8382,#9062,#9152,#8373,#8756,#8846,#8639,#8454));
#9404=IFCCARTESIANPOINT((0.,0.,0.));
#9405=IFCDIRECTION((0.,0.,1.));
#9406=IFCDIRECTION((1.,0.,0.));
#9407=IFCAXIS2PLACEMENT3D(#9404,#9405,#9406);
#9408=IFCLOCALPLACEMENT(#8347,#9407);
#9409=IFCCARTESIANPOINT((0.25,0.,0.));
#9410=IFCDIRECTION((0.,0.,1.));
#9411=IFCDIRECTION((1.,0.,0.));
#9412=IFCAXIS2PLACEMENT3D(#9409,#9410,#9411);
#9413=IFCLOCALPLACEMENT(#8347,#9412);
#9414=IFCCARTESIANPOINT((0.5,0.,0.));
#9415=IFCDIRECTION((0.,0.,1.));
#9416=IFCDIRECTION((1.,0.,0.));
#9417=IFCAXIS2PLACEMENT3D(#9414,#9415,#9416);
#9418=IFCLOCALPLACEMENT(#8347,#9417);
#9419=IFCCARTESIANPOINT((0.75,0.,0.));
#9420=IFCDIRECTION((0.,0.,1.));
#9421=IFCDIRECTION((1.,0.,0.));
#9422=IFCAXIS2PLACEMENT3D(#9419,#9420,#9421);
#9423=IFCLOCALPLACEMENT(#8347,#9422);
#9424=IFCCARTESIANPOINT((1.,0.,0.));
#9425=IFCDIRECTION((0.,0.,1.));
#9426=IFCDIRECTION((1.,0.,0.));
#9427=IFCAXIS2PLACEMENT3D(#9424,#9425,#9426);
#9428=IFCLOCALPLACEMENT(#8347,#9427);
#9429=IFCCARTESIANPOINT((1.25,0.,0.));
#9430=IFCDIRECTION((0.,0.,1.));
#9431=IFCDIRECTION((1.,0.,0.));
#9432=IFCAXIS2PLACEMENT3D(#9429,#9430,#9431);
#9433=IFCLOCALPLACEMENT(#8347,#9432);
#9434=IFCCARTESIANPOINT((1.5,0.,0.));
#9435=IFCDIRECTION((0.,0.,1.));
#9436=IFCDIRECTION((1.,0.,0.));
#9437=IFCAXIS2PLACEMENT3D(#9434,#9435,#9436);
#9438=IFCLOCALPLACEMENT(#8347,#9437);
#9439=IFCCARTESIANPOINT((1.75,0.,0.));
#9440=IFCDIRECTION((0.,0.,1.));
#9441=IFCDIRECTION((1.,0.,0.));
#9442=IFCAXIS2PLACEMENT3D(#9439,#9440,#9441);
#9443=IFCLOCALPLACEMENT(#8347,#9442);
#9444=IFCCARTESIANPOINT((2.,0.,0.));
#9445=IFCDIRECTION((0.,0.,1.));
#9446=IFCDIRECTION((1.,0.,0.));
#9447=IFCAXIS2PLACEMENT3D(#9444,#9445,#9446);
#9448=IFCLOCALPLACEMENT(#8347,#9447);
#9449=IFCCARTESIANPOINT((2.25,0.,0.));
#9450=IFCDIRECTION((0.,0.,1.));
#9451=IFCDIRECTION((1.,0.,0.));
#9452=IFCAXIS2PLACEMENT3D(#9449,#9450,#9451);
#9453=IFCLOCALPLACEMENT(#8347,#9452);
#9454=IFCCARTESIANPOINT((2.5,0.,0.));
#9455=IFCDIRECTION((0.,0.,1.));
#9456=IFCDIRECTION((1.,0.,0.));
#9457=IFCAXIS2PLACEMENT3D(#9454,#9455,#9456);
#9458=IFCLOCALPLACEMENT(#8347,#9457);
#9459=IFCCARTESIANPOINT((2.75,0.,0.));
#9460=IFCDIRECTION((0.,0.,1.));
#9461=IFCDIRECTION((1.,0.,0.));
#9462=IFCAXIS2PLACEMENT3D(#9459,#9460,#9461);
#9463=IFCLOCALPLACEMENT(#8347,#9462);
#9464=IFCCARTESIANPOINT((3.,0.,0.));
#9465=IFCDIRECTION((0.,0.,1.));
#9466=IFCDIRECTION((1.,0.,0.));
#9467=IFCAXIS2PLACEMENT3D(#9464,#9465,#9466);
#9468=IFCLOCALPLACEMENT(#8347,#9467);
#9469=IFCCARTESIANPOINT((3.25,0.,0.));
#9470=IFCDIRECTION((0.,0.,1.));
#9471=IFCDIRECTION((1.,0.,0.));
#9472=IFCAXIS2PLACEMENT3D(#9469,#9470,#9471);
#9473=IFCLOCALPLACEMENT(#8347,#9472);
#9474=IFCCARTESIANPOINT((3.5,0.,0.));
#9475=IFCDIRECTION((0.,0.,1.));
#9476=IFCDIRECTION((1.,0.,0.));
#9477=IFCAXIS2PLACEMENT3D(#9474,#9475,#9476);
#9478=IFCLOCALPLACEMENT(#8347,#9477);
#9479=IFCCARTESIANPOINT((0.,-0.45500000000000007,0.));
#9480=IFCDIRECTION((0.,0.,1.));
#9481=IFCDIRECTION((1.,0.,0.));
#9482=IFCAXIS2PLACEMENT3D(#9479,#9480,#9481);
#9483=IFCLOCALPLACEMENT(#8347,#9482);
#9484=IFCCARTESIANPOINT((0.,-0.625,0.));
#9485=IFCDIRECTION((0.,0.,1.));
#9486=IFCDIRECTION((1.,0.,0.));
#9487=IFCAXIS2PLACEMENT3D(#9484,#9485,#9486);
#9488=IFCLOCALPLACEMENT(#8347,#9487);
#9489=IFCCARTESIANPOINT((0.25,-0.625,0.));
#9490=IFCDIRECTION((0.,0.,1.));
#9491=IFCDIRECTION((1.,0.,0.));
#9492=IFCAXIS2PLACEMENT3D(#9489,#9490,#9491);
#9493=IFCLOCALPLACEMENT(#8347,#9492);
#9494=IFCCARTESIANPOINT((0.5,-0.625,0.));
#9495=IFCDIRECTION((0.,0.,1.));
#9496=IFCDIRECTION((1.,0.,0.));
#9497=IFCAXIS2PLACEMENT3D(#9494,#9495,#9496);
#9498=IFCLOCALPLACEMENT(#8347,#9497);
#9499=IFCCARTESIANPOINT((0.75,-0.625,0.));
#9500=IFCDIRECTION((0.,0.,1.));
#9501=IFCDIRECTION((1.,0.,0.));
#9502=IFCAXIS2PLACEMENT3D(#9499,#9500,#9501);
#9503=IFCLOCALPLACEMENT(#8347,#9502);
#9504=IFCCARTESIANPOINT((1.,-0.625,0.));
#9505=IFCDIRECTION((0.,0.,1.));
#9506=IFCDIRECTION((1.,0.,0.));
#9507=IFCAXIS2PLACEMENT3D(#9504,#9505,#9506);
#9508=IFCLOCALPLACEMENT(#8347,#9507);
#9509=IFCCARTESIANPOINT((1.25,-0.625,0.));
#9510=IFCDIRECTION((0.,0.,1.));
#9511=IFCDIRECTION((1.,0.,0.));
#9512=IFCAXIS2PLACEMENT3D(#9509,#9510,#9511);
#9513=IFCLOCALPLACEMENT(#8347,#9512);
#9514=IFCCARTESIANPOINT((1.5,-0.625,0.));
#9515=IFCDIRECTION((0.,0.,1.));
#9516=IFCDIRECTION((1.,0.,0.));
#9517=IFCAXIS2PLACEMENT3D(#9514,#9515,#9516);
#9518=IFCLOCALPLACEMENT(#8347,#9517);
#9519=IFCCARTESIANPOINT((1.75,-0.625,0.));
#9520=IFCDIRECTION((0.,0.,1.));
#9521=IFCDIRECTION((1.,0.,0.));
#9522=IFCAXIS2PLACEMENT3D(#9519,#9520,#9521);
#9523=IFCLOCALPLACEMENT(#8347,#9522);
#9524=IFCCARTESIANPOINT((2.,-0.625,0.));
#9525=IFCDIRECTION((0.,0.,1.));
#9526=IFCDIRECTION((1.,0.,0.));
#9527=IFCAXIS2PLACEMENT3D(#9524,#9525,#9526);
#9528=IFCLOCALPLACEMENT(#8347,#9527);
#9529=IFCCARTESIANPOINT((2.25,-0.625,0.));
#9530=IFCDIRECTION((0.,0.,1.));
#9531=IFCDIRECTION((1.,0.,0.));
#9532=IFCAXIS2PLACEMENT3D(#9529,#9530,#9531);
#9533=IFCLOCALPLACEMENT(#8347,#9532);
#9534=IFCCARTESIANPOINT((2.5,-0.625,0.));
#9535=IFCDIRECTION((0.,0.,1.));
#9536=IFCDIRECTION((1.,0.,0.));
#9537=IFCAXIS2PLACEMENT3D(#9534,#9535,#9536);
#9538=IFCLOCALPLACEMENT(#8347,#9537);
#9539=IFCCARTESIANPOINT((2.75,-0.625,0.));
#9540=IFCDIRECTION((0.,0.,1.));
#9541=IFCDIRECTION((1.,0.,0.));
#9542=IFCAXIS2PLACEMENT3D(#9539,#9540,#9541);
#9543=IFCLOCALPLACEMENT(#8347,#9542);
#9544=IFCCARTESIANPOINT((3.,-0.625,0.));
#9545=IFCDIRECTION((0.,0.,1.));
#9546=IFCDIRECTION((1.,0.,0.));
#9547=IFCAXIS2PLACEMENT3D(#9544,#9545,#9546);
#9548=IFCLOCALPLACEMENT(#8347,#9547);
#9549=IFCCARTESIANPOINT((3.25,-0.625,0.));
#9550=IFCDIRECTION((0.,0.,1.));
#9551=IFCDIRECTION((1.,0.,0.));
#9552=IFCAXIS2PLACEMENT3D(#9549,#9550,#9551);
#9553=IFCLOCALPLACEMENT(#8347,#9552);
#9554=IFCCARTESIANPOINT((3.5,-0.625,0.));
#9555=IFCDIRECTION((0.,0.,1.));
#9556=IFCDIRECTION((1.,0.,0.));
#9557=IFCAXIS2PLACEMENT3D(#9554,#9555,#9556);
#9558=IFCLOCALPLACEMENT(#8347,#9557);
#9559=IFCCARTESIANPOINT((0.,-1.0800000000000001,0.));
#9560=IFCDIRECTION((0.,0.,1.));
#9561=IFCDIRECTION((1.,0.,0.));
#9562=IFCAXIS2PLACEMENT3D(#9559,#9560,#9561);
#9563=IFCLOCALPLACEMENT(#8347,#9562);
#9564=IFCCARTESIANPOINT((0.,-1.25,0.));
#9565=IFCDIRECTION((0.,0.,1.));
#9566=IFCDIRECTION((1.,0.,0.));
#9567=IFCAXIS2PLACEMENT3D(#9564,#9565,#9566);
#9568=IFCLOCALPLACEMENT(#8347,#9567);
#9569=IFCCARTESIANPOINT((0.25,-1.25,0.));
#9570=IFCDIRECTION((0.,0.,1.));
#9571=IFCDIRECTION((1.,0.,0.));
#9572=IFCAXIS2PLACEMENT3D(#9569,#9570,#9571);
#9573=IFCLOCALPLACEMENT(#8347,#9572);
#9574=IFCCARTESIANPOINT((0.5,-1.25,0.));
#9575=IFCDIRECTION((0.,0.,1.));
#9576=IFCDIRECTION((1.,0.,0.));
#9577=IFCAXIS2PLACEMENT3D(#9574,#9575,#9576);
#9578=IFCLOCALPLACEMENT(#8347,#9577);
#9579=IFCCARTESIANPOINT((0.75,-1.25,0.));
#9580=IFCDIRECTION((0.,0.,1.));
#9581=IFCDIRECTION((1.,0.,0.));
#9582=IFCAXIS2PLACEMENT3D(#9579,#9580,#9581);
#9583=IFCLOCALPLACEMENT(#8347,#9582);
#9584=IFCCARTESIANPOINT((1.,-1.25,0.));
#9585=IFCDIRECTION((0.,0.,1.));
#9586=IFCDIRECTION((1.,0.,0.));
#9587=IFCAXIS2PLACEMENT3D(#9584,#9585,#9586);
#9588=IFCLOCALPLACEMENT(#8347,#9587);
#9589=IFCCARTESIANPOINT((1.25,-1.25,0.));
#9590=IFCDIRECTION((0.,0.,1.));
#9591=IFCDIRECTION((1.,0.,0.));
#9592=IFCAXIS2PLACEMENT3D(#9589,#9590,#9591);
#9593=IFCLOCALPLACEMENT(#8347,#9592);
#9594=IFCCARTESIANPOINT((1.5,-1.25,0.));
#9595=IFCDIRECTION((0.,0.,1.));
#9596=IFCDIRECTION((1.,0.,0.));
#9597=IFCAXIS2PLACEMENT3D(#9594,#9595,#9596);
#9598=IFCLOCALPLACEMENT(#8347,#9597);
#9599=IFCCARTESIANPOINT((1.75,-1.25,0.));
#9600=IFCDIRECTION((0.,0.,1.));
#9601=IFCDIRECTION((1.,0.,0.));
#9602=IFCAXIS2PLACEMENT3D(#9599,#9600,#9601);
#9603=IFCLOCALPLACEMENT(#8347,#9602);
#9604=IFCCARTESIANPOINT((2.,-1.25,0.));
#9605=IFCDIRECTION((0.,0.,1.));
#9606=IFCDIRECTION((1.,0.,0.));
#9607=IFCAXIS2PLACEMENT3D(#9604,#9605,#9606);
#9608=IFCLOCALPLACEMENT(#8347,#9607);
#9609=IFCCARTESIANPOINT((2.25,-1.25,0.));
#9610=IFCDIRECTION((0.,0.,1.));
#9611=IFCDIRECTION((1.,0.,0.));
#9612=IFCAXIS2PLACEMENT3D(#9609,#9610,#9611);
#9613=IFCLOCALPLACEMENT(#8347,#9612);
#9614=IFCCARTESIANPOINT((2.5,-1.25,0.));
#9615=IFCDIRECTION((0.,0.,1.));
#9616=IFCDIRECTION((1.,0.,0.));
#9617=IFCAXIS2PLACEMENT3D(#9614,#9615,#9616);
#9618=IFCLOCALPLACEMENT(#8347,#9617);
#9619=IFCCARTESIANPOINT((2.75,-1.25,0.));
#9620=IFCDIRECTION((0.,0.,1.));
#9621=IFCDIRECTION((1.,0.,0.));
#9622=IFCAXIS2PLACEMENT3D(#9619,#9620,#9621);
#9623=IFCLOCALPLACEMENT(#8347,#9622);
#9624=IFCCARTESIANPOINT((3.,-1.25,0.));
#9625=IFCDIRECTION((0.,0.,1.));
#9626=IFCDIRECTION((1.,0.,0.));
#9627=IFCAXIS2PLACEMENT3D(#9624,#9625,#9626);
#9628=IFCLOCALPLACEMENT(#8347,#9627);
#9629=IFCCARTESIANPOINT((3.25,-1.25,0.));
#9630=IFCDIRECTION((0.,0.,1.));
#9631=IFCDIRECTION((1.,0.,0.));
#9632=IFCAXIS2PLACEMENT3D(#9629,#9630,#9631);
#9633=IFCLOCALPLACEMENT(#8347,#9632);
#9634=IFCCARTESIANPOINT((3.5,-1.25,0.));
#9635=IFCDIRECTION((0.,0.,1.));
#9636=IFCDIRECTION((1.,0.,0.));
#9637=IFCAXIS2PLACEMENT3D(#9634,#9635,#9636);
#9638=IFCLOCALPLACEMENT(#8347,#9637);
#9639=IFCCARTESIANPOINT((0.,-1.7050000000000001,0.));
#9640=IFCDIRECTION((0.,0.,1.));
#9641=IFCDIRECTION((1.,0.,0.));
#9642=IFCAXIS2PLACEMENT3D(#9639,#9640,#9641);
#9643=IFCLOCALPLACEMENT(#8347,#9642);
#9644=IFCCARTESIANPOINT((0.,-1.875,0.));
#9645=IFCDIRECTION((0.,0.,1.));
#9646=IFCDIRECTION((1.,0.,0.));
#9647=IFCAXIS2PLACEMENT3D(#9644,#9645,#9646);
#9648=IFCLOCALPLACEMENT(#8347,#9647);
#9649=IFCCARTESIANPOINT((0.25,-1.875,0.));
#9650=IFCDIRECTION((0.,0.,1.));
#9651=IFCDIRECTION((1.,0.,0.));
#9652=IFCAXIS2PLACEMENT3D(#9649,#9650,#9651);
#9653=IFCLOCALPLACEMENT(#8347,#9652);
#9654=IFCCARTESIANPOINT((0.5,-1.875,0.));
#9655=IFCDIRECTION((0.,0.,1.));
#9656=IFCDIRECTION((1.,0.,0.));
#9657=IFCAXIS2PLACEMENT3D(#9654,#9655,#9656);
#9658=IFCLOCALPLACEMENT(#8347,#9657);
#9659=IFCCARTESIANPOINT((0.75,-1.875,0.));
#9660=IFCDIRECTION((0.,0.,1.));
#9661=IFCDIRECTION((1.,0.,0.));
#9662=IFCAXIS2PLACEMENT3D(#9659,#9660,#9661);
#9663=IFCLOCALPLACEMENT(#8347,#9662);
#9664=IFCCARTESIANPOINT((1.,-1.875,0.));
#9665=IFCDIRECTION((0.,0.,1.));
#9666=IFCDIRECTION((1.,0.,0.));
#9667=IFCAXIS2PLACEMENT3D(#9664,#9665,#9666);
#9668=IFCLOCALPLACEMENT(#8347,#9667);
#9669=IFCCARTESIANPOINT((1.25,-1.875,0.));
#9670=IFCDIRECTION((0.,0.,1.));
#9671=IFCDIRECTION((1.,0.,0.));
#9672=IFCAXIS2PLACEMENT3D(#9669,#9670,#9671);
#9673=IFCLOCALPLACEMENT(#8347,#9672);
#9674=IFCCARTESIANPOINT((1.5,-1.875,0.));
#9675=IFCDIRECTION((0.,0.,1.));
#9676=IFCDIRECTION((1.,0.,0.));
#9677=IFCAXIS2PLACEMENT3D(#9674,#9675,#9676);
#9678=IFCLOCALPLACEMENT(#8347,#9677);
#9679=IFCCARTESIANPOINT((1.75,-1.875,0.));
#9680=IFCDIRECTION((0.,0.,1.));
#9681=IFCDIRECTION((1.,0.,0.));
#9682=IFCAXIS2PLACEMENT3D(#9679,#9680,#9681);
#9683=IFCLOCALPLACEMENT(#8347,#9682);
#9684=IFCCARTESIANPOINT((2.,-1.875,0.));
#9685=IFCDIRECTION((0.,0.,1.));
#9686=IFCDIRECTION((1.,0.,0.));
#9687=IFCAXIS2PLACEMENT3D(#9684,#9685,#9686);
#9688=IFCLOCALPLACEMENT(#8347,#9687);
#9689=IFCCARTESIANPOINT((2.25,-1.875,0.));
#9690=IFCDIRECTION((0.,0.,1.));
#9691=IFCDIRECTION((1.,0.,0.));
#9692=IFCAXIS2PLACEMENT3D(#9689,#9690,#9691);
#9693=IFCLOCALPLACEMENT(#8347,#9692);
#9694=IFCCARTESIANPOINT((2.5,-1.875,0.));
#9695=IFCDIRECTION((0.,0.,1.));
#9696=IFCDIRECTION((1.,0.,0.));
#9697=IFCAXIS2PLACEMENT3D(#9694,#9695,#9696);
#9698=IFCLOCALPLACEMENT(#8347,#9697);
#9699=IFCCARTESIANPOINT((2.75,-1.875,0.));
#9700=IFCDIRECTION((0.,0.,1.));
#9701=IFCDIRECTION((1.,0.,0.));
#9702=IFCAXIS2PLACEMENT3D(#9699,#9700,#9701);
#9703=IFCLOCALPLACEMENT(#8347,#9702);
#9704=IFCCARTESIANPOINT((3.,-1.875,0.));
#9705=IFCDIRECTION((0.,0.,1.));
#9706=IFCDIRECTION((1.,0.,0.));
#9707=IFCAXIS2PLACEMENT3D(#9704,#9705,#9706);
#9708=IFCLOCALPLACEMENT(#8347,#9707);
#9709=IFCCARTESIANPOINT((3.25,-1.875,0.));
#9710=IFCDIRECTION((0.,0.,1.));
#9711=IFCDIRECTION((1.,0.,0.));
#9712=IFCAXIS2PLACEMENT3D(#9709,#9710,#9711);
#9713=IFCLOCALPLACEMENT(#8347,#9712);
#9714=IFCCARTESIANPOINT((3.5,-1.875,0.));
#9715=IFCDIRECTION((0.,0.,1.));
#9716=IFCDIRECTION((1.,0.,0.));
#9717=IFCAXIS2PLACEMENT3D(#9714,#9715,#9716);
#9718=IFCLOCALPLACEMENT(#8347,#9717);
#9719=IFCCARTESIANPOINT((0.,-2.3300000000000001,0.));
#9720=IFCDIRECTION((0.,0.,1.));
#9721=IFCDIRECTION((1.,0.,0.));
#9722=IFCAXIS2PLACEMENT3D(#9719,#9720,#9721);
#9723=IFCLOCALPLACEMENT(#8347,#9722);
#9724=IFCCARTESIANPOINT((0.,-2.5,0.));
#9725=IFCDIRECTION((0.,0.,1.));
#9726=IFCDIRECTION((1.,0.,0.));
#9727=IFCAXIS2PLACEMENT3D(#9724,#9725,#9726);
#9728=IFCLOCALPLACEMENT(#8347,#9727);
#9729=IFCCARTESIANPOINT((0.25,-2.5,0.));
#9730=IFCDIRECTION((0.,0.,1.));
#9731=IFCDIRECTION((1.,0.,0.));
#9732=IFCAXIS2PLACEMENT3D(#9729,#9730,#9731);
#9733=IFCLOCALPLACEMENT(#8347,#9732);
#9734=IFCCARTESIANPOINT((0.5,-2.5,0.));
#9735=IFCDIRECTION((0.,0.,1.));
#9736=IFCDIRECTION((1.,0.,0.));
#9737=IFCAXIS2PLACEMENT3D(#9734,#9735,#9736);
#9738=IFCLOCALPLACEMENT(#8347,#9737);
#9739=IFCCARTESIANPOINT((0.75,-2.5,0.));
#9740=IFCDIRECTION((0.,0.,1.));
#9741=IFCDIRECTION((1.,0.,0.));
#9742=IFCAXIS2PLACEMENT3D(#9739,#9740,#9741);
#9743=IFCLOCALPLACEMENT(#8347,#9742);
#9744=IFCCARTESIANPOINT((1.,-2.5,0.));
#9745=IFCDIRECTION((0.,0.,1.));
#9746=IFCDIRECTION((1.,0.,0.));
#9747=IFCAXIS2PLACEMENT3D(#9744,#9745,#9746);
#9748=IFCLOCALPLACEMENT(#8347,#9747);
#9749=IFCCARTESIANPOINT((1.25,-2.5,0.));
#9750=IFCDIRECTION((0.,0.,1.));
#9751=IFCDIRECTION((1.,0.,0.));
#9752=IFCAXIS2PLACEMENT3D(#9749,#9750,#9751);
#9753=IFCLOCALPLACEMENT(#8347,#9752);
#9754=IFCCARTESIANPOINT((1.5,-2.5,0.));
#9755=IFCDIRECTION((0.,0.,1.));
#9756=IFCDIRECTION((1.,0.,0.));
#9757=IFCAXIS2PLACEMENT3D(#9754,#9755,#9756);
#9758=IFCLOCALPLACEMENT(#8347,#9757);
#9759=IFCCARTESIANPOINT((1.75,-2.5,0.));
#9760=IFCDIRECTION((0.,0.,1.));
#9761=IFCDIRECTION((1.,0.,0.));
#9762=IFCAXIS2PLACEMENT3D(#9759,#9760,#9761);
#9763=IFCLOCALPLACEMENT(#8347,#9762);
#9764=IFCCARTESIANPOINT((2.,-2.5,0.));
#9765=IFCDIRECTION((0.,0.,1.));
#9766=IFCDIRECTION((1.,0.,0.));
#9767=IFCAXIS2PLACEMENT3D(#9764,#9765,#9766);
#9768=IFCLOCALPLACEMENT(#8347,#9767);
#9769=IFCCARTESIANPOINT((2.25,-2.5,0.));
#9770=IFCDIRECTION((0.,0.,1.));
#9771=IFCDIRECTION((1.,0.,0.));
#9772=IFCAXIS2PLACEMENT3D(#9769,#9770,#9771);
#9773=IFCLOCALPLACEMENT(#8347,#9772);
#9774=IFCCARTESIANPOINT((2.5,-2.5,0.));
#9775=IFCDIRECTION((0.,0.,1.));
#9776=IFCDIRECTION((1.,0.,0.));
#9777=IFCAXIS2PLACEMENT3D(#9774,#9775,#9776);
#9778=IFCLOCALPLACEMENT(#8347,#9777);
#9779=IFCCARTESIANPOINT((2.75,-2.5,0.));
#9780=IFCDIRECTION((0.,0.,1.));
#9781=IFCDIRECTION((1.,0.,0.));
#9782=IFCAXIS2PLACEMENT3D(#9779,#9780,#9781);
#9783=IFCLOCALPLACEMENT(#8347,#9782);
#9784=IFCCARTESIANPOINT((3.,-2.5,0.));
#9785=IFCDIRECTION((0.,0.,1.));
#9786=IFCDIRECTION((1.,0.,0.));
#9787=IFCAXIS2PLACEMENT3D(#9784,#9785,#9786);
#9788=IFCLOCALPLACEMENT(#8347,#9787);
#9789=IFCCARTESIANPOINT((3.25,-2.5,0.));
#9790=IFCDIRECTION((0.,0.,1.));
#9791=IFCDIRECTION((1.,0.,0.));
#9792=IFCAXIS2PLACEMENT3D(#9789,#9790,#9791);
#9793=IFCLOCALPLACEMENT(#8347,#9792);
#9794=IFCCARTESIANPOINT((3.5,-2.5,0.));
#9795=IFCDIRECTION((0.,0.,1.));
#9796=IFCDIRECTION((1.,0.,0.));
#9797=IFCAXIS2PLACEMENT3D(#9794,#9795,#9796);
#9798=IFCLOCALPLACEMENT(#8347,#9797);
#9799=IFCCARTESIANPOINT((0.,-2.9550000000000001,0.));
#9800=IFCDIRECTION((0.,0.,1.));
#9801=IFCDIRECTION((1.,0.,0.));
#9802=IFCAXIS2PLACEMENT3D(#9799,#9800,#9801);
#9803=IFCLOCALPLACEMENT(#8347,#9802);
#9804=IFCCARTESIANPOINT((0.,-3.125,0.));
#9805=IFCDIRECTION((0.,0.,1.));
#9806=IFCDIRECTION((1.,0.,0.));
#9807=IFCAXIS2PLACEMENT3D(#9804,#9805,#9806);
#9808=IFCLOCALPLACEMENT(#8347,#9807);
#9809=IFCCARTESIANPOINT((0.25,-3.125,0.));
#9810=IFCDIRECTION((0.,0.,1.));
#9811=IFCDIRECTION((1.,0.,0.));
#9812=IFCAXIS2PLACEMENT3D(#9809,#9810,#9811);
#9813=IFCLOCALPLACEMENT(#8347,#9812);
#9814=IFCCARTESIANPOINT((0.5,-3.125,0.));
#9815=IFCDIRECTION((0.,0.,1.));
#9816=IFCDIRECTION((1.,0.,0.));
#9817=IFCAXIS2PLACEMENT3D(#9814,#9815,#9816);
#9818=IFCLOCALPLACEMENT(#8347,#9817);
#9819=IFCCARTESIANPOINT((0.75,-3.125,0.));
#9820=IFCDIRECTION((0.,0.,1.));
#9821=IFCDIRECTION((1.,0.,0.));
#9822=IFCAXIS2PLACEMENT3D(#9819,#9820,#9821);
#9823=IFCLOCALPLACEMENT(#8347,#9822);
#9824=IFCCARTESIANPOINT((1.,-3.125,0.));
#9825=IFCDIRECTION((0.,0.,1.));
#9826=IFCDIRECTION((1.,0.,0.));
#9827=IFCAXIS2PLACEMENT3D(#9824,#9825,#9826);
#9828=IFCLOCALPLACEMENT(#8347,#9827);
#9829=IFCCARTESIANPOINT((1.25,-3.125,0.));
#9830=IFCDIRECTION((0.,0.,1.));
#9831=IFCDIRECTION((1.,0.,0.));
#9832=IFCAXIS2PLACEMENT3D(#9829,#9830,#9831);
#9833=IFCLOCALPLACEMENT(#8347,#9832);
#9834=IFCCARTESIANPOINT((1.5,-3.125,0.));
#9835=IFCDIRECTION((0.,0.,1.));
#9836=IFCDIRECTION((1.,0.,0.));
#9837=IFCAXIS2PLACEMENT3D(#9834,#9835,#9836);
#9838=IFCLOCALPLACEMENT(#8347,#9837);
#9839=IFCCARTESIANPOINT((1.75,-3.125,0.));
#9840=IFCDIRECTION((0.,0.,1.));
#9841=IFCDIRECTION((1.,0.,0.));
#9842=IFCAXIS2PLACEMENT3D(#9839,#9840,#9841);
#9843=IFCLOCALPLACEMENT(#8347,#9842);
#9844=IFCCARTESIANPOINT((2.,-3.125,0.));
#9845=IFCDIRECTION((0.,0.,1.));
#9846=IFCDIRECTION((1.,0.,0.));
#9847=IFCAXIS2PLACEMENT3D(#9844,#9845,#9846);
#9848=IFCLOCALPLACEMENT(#8347,#9847);
#9849=IFCCARTESIANPOINT((2.25,-3.125,0.));
#9850=IFCDIRECTION((0.,0.,1.));
#9851=IFCDIRECTION((1.,0.,0.));
#9852=IFCAXIS2PLACEMENT3D(#9849,#9850,#9851);
#9853=IFCLOCALPLACEMENT(#8347,#9852);
#9854=IFCCARTESIANPOINT((2.5,-3.125,0.));
#9855=IFCDIRECTION((0.,0.,1.));
#9856=IFCDIRECTION((1.,0.,0.));
#9857=IFCAXIS2PLACEMENT3D(#9854,#9855,#9856);
#9858=IFCLOCALPLACEMENT(#8347,#9857);
#9859=IFCCARTESIANPOINT((2.75,-3.125,0.));
#9860=IFCDIRECTION((0.,0.,1.));
#9861=IFCDIRECTION((1.,0.,0.));
#9862=IFCAXIS2PLACEMENT3D(#9859,#9860,#9861);
#9863=IFCLOCALPLACEMENT(#8347,#9862);
#9864=IFCCARTESIANPOINT((3.,-3.125,0.));
#9865=IFCDIRECTION((0.,0.,1.));
#9866=IFCDIRECTION((1.,0.,0.));
#9867=IFCAXIS2PLACEMENT3D(#9864,#9865,#9866);
#9868=IFCLOCALPLACEMENT(#8347,#9867);
#9869=IFCCARTESIANPOINT((3.25,-3.125,0.));
#9870=IFCDIRECTION((0.,0.,1.));
#9871=IFCDIRECTION((1.,0.,0.));
#9872=IFCAXIS2PLACEMENT3D(#9869,#9870,#9871);
#9873=IFCLOCALPLACEMENT(#8347,#9872);
#9874=IFCCARTESIANPOINT((3.5,-3.125,0.));
#9875=IFCDIRECTION((0.,0.,1.));
#9876=IFCDIRECTION((1.,0.,0.));
#9877=IFCAXIS2PLACEMENT3D(#9874,#9875,#9876);
#9878=IFCLOCALPLACEMENT(#8347,#9877);
#9879=IFCCARTESIANPOINT((0.,-3.5800000000000001,0.));
#9880=IFCDIRECTION((0.,0.,1.));
#9881=IFCDIRECTION((1.,0.,0.));
#9882=IFCAXIS2PLACEMENT3D(#9879,#9880,#9881);
#9883=IFCLOCALPLACEMENT(#8347,#9882);
#9884=IFCCARTESIANPOINT((0.,-3.75,0.));
#9885=IFCDIRECTION((0.,0.,1.));
#9886=IFCDIRECTION((1.,0.,0.));
#9887=IFCAXIS2PLACEMENT3D(#9884,#9885,#9886);
#9888=IFCLOCALPLACEMENT(#8347,#9887);
#9889=IFCCARTESIANPOINT((0.25,-3.75,0.));
#9890=IFCDIRECTION((0.,0.,1.));
#9891=IFCDIRECTION((1.,0.,0.));
#9892=IFCAXIS2PLACEMENT3D(#9889,#9890,#9891);
#9893=IFCLOCALPLACEMENT(#8347,#9892);
#9894=IFCCARTESIANPOINT((0.5,-3.75,0.));
#9895=IFCDIRECTION((0.,0.,1.));
#9896=IFCDIRECTION((1.,0.,0.));
#9897=IFCAXIS2PLACEMENT3D(#9894,#9895,#9896);
#9898=IFCLOCALPLACEMENT(#8347,#9897);
#9899=IFCCARTESIANPOINT((0.75,-3.75,0.));
#9900=IFCDIRECTION((0.,0.,1.));
#9901=IFCDIRECTION((1.,0.,0.));
#9902=IFCAXIS2PLACEMENT3D(#9899,#9900,#9901);
#9903=IFCLOCALPLACEMENT(#8347,#9902);
#9904=IFCCARTESIANPOINT((1.,-3.75,0.));
#9905=IFCDIRECTION((0.,0.,1.));
#9906=IFCDIRECTION((1.,0.,0.));
#9907=IFCAXIS2PLACEMENT3D(#9904,#9905,#9906);
#9908=IFCLOCALPLACEMENT(#8347,#9907);
#9909=IFCCARTESIANPOINT((1.25,-3.75,0.));
#9910=IFCDIRECTION((0.,0.,1.));
#9911=IFCDIRECTION((1.,0.,0.));
#9912=IFCAXIS2PLACEMENT3D(#9909,#9910,#9911);
#9913=IFCLOCALPLACEMENT(#8347,#9912);
#9914=IFCCARTESIANPOINT((1.5,-3.75,0.));
#9915=IFCDIRECTION((0.,0.,1.));
#9916=IFCDIRECTION((1.,0.,0.));
#9917=IFCAXIS2PLACEMENT3D(#9914,#9915,#9916);
#9918=IFCLOCALPLACEMENT(#8347,#9917);
#9919=IFCCARTESIANPOINT((1.75,-3.75,0.));
#9920=IFCDIRECTION((0.,0.,1.));
#9921=IFCDIRECTION((1.,0.,0.));
#9922=IFCAXIS2PLACEMENT3D(#9919,#9920,#9921);
#9923=IFCLOCALPLACEMENT(#8347,#9922);
#9924=IFCCARTESIANPOINT((2.,-3.75,0.));
#9925=IFCDIRECTION((0.,0.,1.));
#9926=IFCDIRECTION((1.,0.,0.));
#9927=IFCAXIS2PLACEMENT3D(#9924,#9925,#9926);
#9928=IFCLOCALPLACEMENT(#8347,#9927);
#9929=IFCCARTESIANPOINT((2.25,-3.75,0.));
#9930=IFCDIRECTION((0.,0.,1.));
#9931=IFCDIRECTION((1.,0.,0.));
#9932=IFCAXIS2PLACEMENT3D(#9929,#9930,#9931);
#9933=IFCLOCALPLACEMENT(#8347,#9932);
#9934=IFCCARTESIANPOINT((2.5,-3.75,0.));
#9935=IFCDIRECTION((0.,0.,1.));
#9936=IFCDIRECTION((1.,0.,0.));
#9937=IFCAXIS2PLACEMENT3D(#9934,#9935,#9936);
#9938=IFCLOCALPLACEMENT(#8347,#9937);
#9939=IFCCARTESIANPOINT((2.75,-3.75,0.));
#9940=IFCDIRECTION((0.,0.,1.));
#9941=IFCDIRECTION((1.,0.,0.));
#9942=IFCAXIS2PLACEMENT3D(#9939,#9940,#9941);
#9943=IFCLOCALPLACEMENT(#8347,#9942);
#9944=IFCCARTESIANPOINT((3.,-3.75,0.));
#9945=IFCDIRECTION((0.,0.,1.));
#9946=IFCDIRECTION((1.,0.,0.));
#9947=IFCAXIS2PLACEMENT3D(#9944,#9945,#9946);
#9948=IFCLOCALPLACEMENT(#8347,#9947);
#9949=IFCCARTESIANPOINT((3.25,-3.75,0.));
#9950=IFCDIRECTION((0.,0.,1.));
#9951=IFCDIRECTION((1.,0.,0.));
#9952=IFCAXIS2PLACEMENT3D(#9949,#9950,#9951);
#9953=IFCLOCALPLACEMENT(#8347,#9952);
#9954=IFCCARTESIANPOINT((3.5,-3.75,0.));
#9955=IFCDIRECTION((0.,0.,1.));
#9956=IFCDIRECTION((1.,0.,0.));
#9957=IFCAXIS2PLACEMENT3D(#9954,#9955,#9956);
#9958=IFCLOCALPLACEMENT(#8347,#9957);
#9959=IFCCARTESIANPOINT((0.,-4.2050000000000001,0.));
#9960=IFCDIRECTION((0.,0.,1.));
#9961=IFCDIRECTION((1.,0.,0.));
#9962=IFCAXIS2PLACEMENT3D(#9959,#9960,#9961);
#9963=IFCLOCALPLACEMENT(#8347,#9962);
#9964=IFCCARTESIANPOINT((0.,-4.375,0.));
#9965=IFCDIRECTION((0.,0.,1.));
#9966=IFCDIRECTION((1.,0.,0.));
#9967=IFCAXIS2PLACEMENT3D(#9964,#9965,#9966);
#9968=IFCLOCALPLACEMENT(#8347,#9967);
#9969=IFCCARTESIANPOINT((0.,0.,0.25));
#9970=IFCDIRECTION((0.,0.,1.));
#9971=IFCDIRECTION((1.,0.,0.));
#9972=IFCAXIS2PLACEMENT3D(#9969,#9970,#9971);
#9973=IFCLOCALPLACEMENT(#8347,#9972);
#9974=IFCANNOTATION('1iVX78A5z7pwYFrvZAMAvM',$,'Drawing 1',$,'DRAWING',#9979,#9989);
#9975=IFCCARTESIANPOINT((6.,4.,2.25));
#9976=IFCDIRECTION((0.,0.,1.));
#9977=IFCDIRECTION((1.,0.,0.));
#9978=IFCAXIS2PLACEMENT3D(#9975,#9976,#9977);
#9979=IFCLOCALPLACEMENT($,#9978);
#9980=IFCCARTESIANPOINTLIST3D(((-8.,-8.,-12.25),(-8.,-8.,0.),(-8.,8.,-12.25),(-8.,8.,0.),(8.,-8.,-12.25),(8.,-8.,0.),(8.,8.,-12.25),(8.,8.,0.)));
#9981=IFCINDEXEDPOLYGONALFACE((1,2,4,3));
#9982=IFCINDEXEDPOLYGONALFACE((3,4,8,7));
#9983=IFCINDEXEDPOLYGONALFACE((7,8,6,5));
#9984=IFCINDEXEDPOLYGONALFACE((5,6,2,1));
#9985=IFCINDEXEDPOLYGONALFACE((3,7,5,1));
#9986=IFCINDEXEDPOLYGONALFACE((8,4,2,6));
#9987=IFCPOLYGONALFACESET(#9980,$,(#9981,#9982,#9983,#9984,#9985,#9986),$);
#9988=IFCSHAPEREPRESENTATION(#11,'Body','Tessellation',(#9987));
#9989=IFCPRODUCTDEFINITIONSHAPE($,$,(#9988));
#9990=IFCGROUP('0$6CHy7$LCFRkFRhKQh6LE',$,'Drawing 1',$,'DRAWING');
#9991=IFCRELASSIGNSTOGROUP('0LF_dD4Rz5E82moOUw6QhB',$,$,$,(#1863,#10049,#10081,#9974,#2025,#10095,#1989,#1123,#1441,#1297,#581,#1954,#10015,#1585),$,#9990);
#9992=IFCPROPERTYSET('1dW1xLoLH84OHWANgNh7Kd',$,'EPset_Drawing',$,(#9994,#9995,#9996,#9997,#9998,#9999,#10000,#10001,#10002,#10003,#10004,#10005,#10006,#10007,#10008,#10009,#10010));
#9993=IFCRELDEFINESBYPROPERTIES('2L$NgbE$DEH8DXq5U9HgJn',$,$,$,(#9974),#9992);
#9994=IFCPROPERTYSINGLEVALUE('TargetView',$,IFCLABEL('PLAN_VIEW'),$);
#9995=IFCPROPERTYSINGLEVALUE('Scale',$,IFCLABEL('1/100'),$);
#9996=IFCPROPERTYSINGLEVALUE('HumanScale',$,IFCLABEL('1:100'),$);
#9997=IFCPROPERTYSINGLEVALUE('HasUnderlay',$,IFCBOOLEAN(.F.),$);
#9998=IFCPROPERTYSINGLEVALUE('HasLinework',$,IFCBOOLEAN(.T.),$);
#9999=IFCPROPERTYSINGLEVALUE('HasAnnotation',$,IFCBOOLEAN(.T.),$);
#10000=IFCPROPERTYSINGLEVALUE('GlobalReferencing',$,IFCBOOLEAN(.T.),$);
#10001=IFCPROPERTYSINGLEVALUE('DPI',$,IFCINTEGER(96),$);
#10002=IFCPROPERTYSINGLEVALUE('LineworkMode',$,IFCLABEL('OPENCASCADE'),$);
#10003=IFCPROPERTYSINGLEVALUE('FillMode',$,IFCLABEL('NONE'),$);
#10004=IFCPROPERTYSINGLEVALUE('CutMode',$,IFCLABEL('BISECT'),$);
#10005=IFCPROPERTYSINGLEVALUE('Stylesheet',$,IFCLABEL('/home/spock/prog/home/bonsai_scripts/assets/plan.css'),$);
#10006=IFCPROPERTYSINGLEVALUE('Markers',$,IFCLABEL('/home/spock/prog/home/drawings/assets/markers.svg'),$);
#10007=IFCPROPERTYSINGLEVALUE('Symbols',$,IFCLABEL('/home/spock/prog/home/drawings/assets/symbols.svg'),$);
#10008=IFCPROPERTYSINGLEVALUE('Patterns',$,IFCLABEL('/home/spock/prog/home/drawings/assets/patterns.svg'),$);
#10009=IFCPROPERTYSINGLEVALUE('ShadingStyles',$,IFCLABEL('/home/spock/prog/home/drawings/assets/shading_styles.json'),$);
#10010=IFCPROPERTYSINGLEVALUE('CurrentShadingStyle',$,IFCLABEL('Technical'),$);
#10011=IFCDOCUMENTINFORMATION('X','Drawing 1',$,$,$,$,'DRAWING',$,$,$,$,$,$,$,$,$,$);
#10012=IFCRELASSOCIATESDOCUMENT('0ntCOBqcv9I8DOzfZWbWD1',$,$,$,(#1),#10011);
#10013=IFCDOCUMENTREFERENCE('/home/spock/prog/home/house.svg','X',$,$,#10011);
#10014=IFCRELASSOCIATESDOCUMENT('2d_4895rvDZv9UqODeHc1_',$,$,$,(#9974),#10013);
#10015=IFCANNOTATION('3dRzjPeMnBywNfYxRA2DS2',$,'Drawing 1 Main stair Plan Symbol',$,'LINEWORK',#10020,#10045);
#10016=IFCCARTESIANPOINT((11.25,3.4100000000000001,0.));
#10017=IFCDIRECTION((0.,0.,1.));
#10018=IFCDIRECTION((6.123233995736766E-17,-1.,0.));
#10019=IFCAXIS2PLACEMENT3D(#10016,#10017,#10018);
#10020=IFCLOCALPLACEMENT($,#10019);
#10021=IFCCARTESIANPOINTLIST2D(((0.,-0.5),(2.1600000000000001,-0.5),(2.1600000000000001,0.5),(0.,0.5),(0.,-0.5)));
#10022=IFCINDEXEDPOLYCURVE(#10021,$,.F.);
#10023=IFCCARTESIANPOINTLIST2D(((0.27000000000000002,-0.5),(0.27000000000000002,0.5)));
#10024=IFCINDEXEDPOLYCURVE(#10023,$,.F.);
#10025=IFCCARTESIANPOINTLIST2D(((0.54000000000000004,-0.5),(0.54000000000000004,0.5)));
#10026=IFCINDEXEDPOLYCURVE(#10025,$,.F.);
#10027=IFCCARTESIANPOINTLIST2D(((0.81000000000000005,-0.5),(0.81000000000000005,0.5)));
#10028=IFCINDEXEDPOLYCURVE(#10027,$,.F.);
#10029=IFCCARTESIANPOINTLIST2D(((1.0800000000000001,-0.5),(1.0800000000000001,0.5)));
#10030=IFCINDEXEDPOLYCURVE(#10029,$,.F.);
#10031=IFCCARTESIANPOINTLIST2D(((1.3500000000000001,-0.5),(1.3500000000000001,0.5)));
#10032=IFCINDEXEDPOLYCURVE(#10031,$,.F.);
#10033=IFCCARTESIANPOINTLIST2D(((1.6200000000000001,-0.5),(1.6200000000000001,0.5)));
#10034=IFCINDEXEDPOLYCURVE(#10033,$,.F.);
#10035=IFCCARTESIANPOINTLIST2D(((1.8900000000000001,-0.5),(1.8900000000000001,0.5)));
#10036=IFCINDEXEDPOLYCURVE(#10035,$,.F.);
#10037=IFCCARTESIANPOINTLIST2D(((0.13500000000000001,0.),(1.8360000000000001,0.)));
#10038=IFCINDEXEDPOLYCURVE(#10037,$,.F.);
#10039=IFCCARTESIANPOINTLIST2D(((1.7064000000000001,-0.12959999999999999),(1.8360000000000001,0.),(1.7064000000000001,0.12959999999999999)));
#10040=IFCINDEXEDPOLYCURVE(#10039,$,.F.);
#10041=IFCCARTESIANPOINTLIST2D(((1.1016000000000001,-0.5),(1.2744000000000002,-0.16666666666666666),(1.1016000000000001,0.16666666666666666),(1.2744000000000002,0.5)));
#10042=IFCINDEXEDPOLYCURVE(#10041,$,.F.);
#10043=IFCGEOMETRICCURVESET((#10022,#10024,#10026,#10028,#10030,#10032,#10034,#10036,#10038,#10040,#10042));
#10044=IFCSHAPEREPRESENTATION(#18,'Annotation','GeometricCurveSet',(#10043));
#10045=IFCPRODUCTDEFINITIONSHAPE($,$,(#10044));
#10046=IFCPROPERTYSET('0U9gSnezj0KfH3wMxUH_v$',$,'EPset_Annotation',$,(#10048));
#10047=IFCRELDEFINESBYPROPERTIES('24T5yeGVzCrhWQmTvsnibI',$,$,$,(#10015),#10046);
#10048=IFCPROPERTYSINGLEVALUE('Classes',$,IFCLABEL('stair'),$);
#10049=IFCANNOTATION('0YDBHg_VvBrQ38GIaWk8E3',$,'Drawing 1 Main stair Plan Symbol',$,'LINEWORK',#10054,#10077);
#10050=IFCCARTESIANPOINT((10.25,1.25,1.6729411764705879));
#10051=IFCDIRECTION((0.,0.,1.));
#10052=IFCDIRECTION((6.123233995736766E-17,1.,0.));
#10053=IFCAXIS2PLACEMENT3D(#10050,#10051,#10052);
#10054=IFCLOCALPLACEMENT($,#10053);
#10055=IFCCARTESIANPOINTLIST2D(((0.,-0.5),(1.8900000000000001,-0.5),(1.8900000000000001,0.5),(0.,0.5),(0.,-0.5)));
#10056=IFCINDEXEDPOLYCURVE(#10055,$,.F.);
#10057=IFCCARTESIANPOINTLIST2D(((0.27000000000000002,-0.5),(0.27000000000000002,0.5)));
#10058=IFCINDEXEDPOLYCURVE(#10057,$,.F.);
#10059=IFCCARTESIANPOINTLIST2D(((0.54000000000000004,-0.5),(0.54000000000000004,0.5)));
#10060=IFCINDEXEDPOLYCURVE(#10059,$,.F.);
#10061=IFCCARTESIANPOINTLIST2D(((0.81000000000000005,-0.5),(0.81000000000000005,0.5)));
#10062=IFCINDEXEDPOLYCURVE(#10061,$,.F.);
#10063=IFCCARTESIANPOINTLIST2D(((1.0800000000000001,-0.5),(1.0800000000000001,0.5)));
#10064=IFCINDEXEDPOLYCURVE(#10063,$,.F.);
#10065=IFCCARTESIANPOINTLIST2D(((1.3500000000000001,-0.5),(1.3500000000000001,0.5)));
#10066=IFCINDEXEDPOLYCURVE(#10065,$,.F.);
#10067=IFCCARTESIANPOINTLIST2D(((1.6200000000000001,-0.5),(1.6200000000000001,0.5)));
#10068=IFCINDEXEDPOLYCURVE(#10067,$,.F.);
#10069=IFCCARTESIANPOINTLIST2D(((0.13500000000000001,0.),(1.6065,0.)));
#10070=IFCINDEXEDPOLYCURVE(#10069,$,.F.);
#10071=IFCCARTESIANPOINTLIST2D(((1.4931000000000001,-0.1134),(1.6065,0.),(1.4931000000000001,0.1134)));
#10072=IFCINDEXEDPOLYCURVE(#10071,$,.F.);
#10073=IFCCARTESIANPOINTLIST2D(((0.65782167721519036,-0.5),(0.80902167721519036,-0.16666666666666666),(0.65782167721519036,0.16666666666666666),(0.80902167721519036,0.5)));
#10074=IFCINDEXEDPOLYCURVE(#10073,$,.F.);
#10075=IFCGEOMETRICCURVESET((#10056,#10058,#10060,#10062,#10064,#10066,#10068,#10070,#10072,#10074));
#10076=IFCSHAPEREPRESENTATION(#18,'Annotation','GeometricCurveSet',(#10075));
#10077=IFCPRODUCTDEFINITIONSHAPE($,$,(#10076));
#10078=IFCPROPERTYSET('2weYnSaULAIOr7O53YEAI0',$,'EPset_Annotation',$,(#10080));
#10079=IFCRELDEFINESBYPROPERTIES('3WAuRA_8nB$wbAE5ZUsnYE',$,$,$,(#10049),#10078);
#10080=IFCPROPERTYSINGLEVALUE('Classes',$,IFCLABEL('stair'),$);
#10081=IFCANNOTATION('0gTGSBtWz5YB3V8icFv_2g',$,'Drawing 1 Main chimney Flue Symbol Fill',$,'FILLAREA',#10086,#10091);
#10082=IFCCARTESIANPOINT((9.0499999999999989,4.4299999999999997,0.));
#10083=IFCDIRECTION((0.,0.,1.));
#10084=IFCDIRECTION((1.,0.,0.));
#10085=IFCAXIS2PLACEMENT3D(#10082,#10083,#10084);
#10086=IFCLOCALPLACEMENT($,#10085);
#10087=IFCCARTESIANPOINTLIST2D(((0.063639610306789274,0.063639610306789274),(0.050001320971764206,0.074832265107229068),(0.034441508912858083,0.083149157926015807),(0.017558128981451548,0.08827067523629073),(5.5109105961630896E-18,0.089999999999999997),(-0.017558128981451537,0.08827067523629073),(-0.034441508912858076,0.083149157926015807),(-0.050001320971764206,0.074832265107229054),(-0.063639610306789274,0.063639610306789274),(-0.074832265107229082,0.050001320971764192),(-0.083149157926015807,0.03444150891285809),(-0.08827067523629073,0.017558128981451534),(-0.089999999999999997,1.1021821192326179E-17),(-0.08827067523629073,-0.017558128981451551),(-0.083149157926015807,-0.03444150891285807),(-0.074832265107229068,-0.050001320971764206),(-0.063639610306789288,-0.063639610306789274),(0.063639610306789274,0.063639610306789274)));
#10088=IFCINDEXEDPOLYCURVE(#10087,$,.F.);
#10089=IFCANNOTATIONFILLAREA(#10088,$);
#10090=IFCSHAPEREPRESENTATION(#18,'Annotation','Annotation2D',(#10089));
#10091=IFCPRODUCTDEFINITIONSHAPE($,$,(#10090));
#10092=IFCPROPERTYSET('0$ZlaWm7X2iRmeRRxea6nC',$,'EPset_Annotation',$,(#10094));
#10093=IFCRELDEFINESBYPROPERTIES('3bQwTaXFD5mO0HVgoRWiy7',$,$,$,(#10081),#10092);
#10094=IFCPROPERTYSINGLEVALUE('Classes',$,IFCLABEL('chimney-flue-fill'),$);
#10095=IFCANNOTATION('3riZgGW9T0ORsMbIVT59tT',$,'Drawing 1 Main chimney Flue Symbol',$,'LINEWORK',#10100,#10105);
#10096=IFCCARTESIANPOINT((9.0499999999999989,4.4299999999999997,0.));
#10097=IFCDIRECTION((0.,0.,1.));
#10098=IFCDIRECTION((1.,0.,0.));
#10099=IFCAXIS2PLACEMENT3D(#10096,#10097,#10098);
#10100=IFCLOCALPLACEMENT($,#10099);
#10101=IFCCARTESIANPOINTLIST2D(((0.089999999999999997,0.),(0.08827067523629073,0.017558128981451541),(0.083149157926015807,0.034441508912858076),(0.074832265107229068,0.050001320971764192),(0.063639610306789274,0.063639610306789274),(0.050001320971764206,0.074832265107229068),(0.034441508912858083,0.083149157926015807),(0.017558128981451548,0.08827067523629073),(5.5109105961630896E-18,0.089999999999999997),(-0.017558128981451537,0.08827067523629073),(-0.034441508912858076,0.083149157926015807),(-0.050001320971764206,0.074832265107229054),(-0.063639610306789274,0.063639610306789274),(-0.074832265107229082,0.050001320971764192),(-0.083149157926015807,0.03444150891285809),(-0.08827067523629073,0.017558128981451534),(-0.089999999999999997,1.1021821192326179E-17),(-0.08827067523629073,-0.017558128981451551),(-0.083149157926015807,-0.03444150891285807),(-0.074832265107229068,-0.050001320971764206),(-0.063639610306789288,-0.063639610306789274),(-0.050001320971764192,-0.074832265107229068),(-0.034441508912858056,-0.083149157926015807),(-0.017558128981451579,-0.08827067523629073),(-1.6532731788489266E-17,-0.089999999999999997),(0.017558128981451548,-0.08827067523629073),(0.034441508912858097,-0.083149157926015793),(0.050001320971764164,-0.074832265107229082),(0.06363961030678926,-0.063639610306789288),(0.074832265107229068,-0.050001320971764192),(0.083149157926015807,-0.034441508912858056),(0.08827067523629073,-0.017558128981451582),(0.089999999999999997,-2.2043642384652358E-17)));
#10102=IFCINDEXEDPOLYCURVE(#10101,$,.F.);
#10103=IFCGEOMETRICCURVESET((#10102));
#10104=IFCSHAPEREPRESENTATION(#18,'Annotation','GeometricCurveSet',(#10103));
#10105=IFCPRODUCTDEFINITIONSHAPE($,$,(#10104));
#10106=IFCPROPERTYSET('0NhC9X1dXErhxb0A7ASdQO',$,'EPset_Annotation',$,(#10108));
#10107=IFCRELDEFINESBYPROPERTIES('13R179v5H4CA52KYkbbwAr',$,$,$,(#10095),#10106);
#10108=IFCPROPERTYSINGLEVALUE('Classes',$,IFCLABEL('chimney-flue'),$);
ENDSEC;
END-ISO-10303-21;
